date,benchmark_return,benchmark_cum
2018-05-04,0.0100166844180148,1.010016684418015
2018-05-07,0.0009694346084005,1.010995829546952
2018-05-08,0.0002029924739599,1.0112010540915548
2018-05-09,-0.0069106790774425,1.0042129681239564
2018-05-10,0.0041377631435401,1.0083681635317248
2018-05-11,0.0027968946173427,1.0111884630206065
2018-05-14,0.0051364746934428,1.0163824069712128
2018-05-15,-0.0045964539512128,1.0117106520407468
2018-05-16,-0.0025169658207434,1.0091642109090782
2018-05-17,-0.0011192577022611,1.008034696093172
2018-05-18,-0.0033190877697823,1.0046889404618529
2018-05-21,-0.017344673091392,0.9872629392310048
2018-05-22,0.002042636772526,0.9892795588148304
2018-05-23,-0.0023275905945885,0.9869769210183144
2018-05-24,-0.0110888845200321,0.9760324479172052
2018-05-25,-0.0277817807971715,0.9489165283982428
2018-05-28,0.0173210018043408,0.9653527132987976
2018-05-29,-0.0015679066984264,0.9638391303132724
2018-05-30,0.0125575262415082,0.9759425654847738
2018-05-31,0.0071132637092315,0.9828847023181309
2018-06-01,0.0113961187503359,0.9940857731036368
2018-06-04,0.0049350872068235,0.998991673084966
2018-06-05,0.0052767466864958,1.004263099085754
2018-06-06,0.0044429263908676,1.0087249661120563
2018-06-07,-3.0460228442741347e-05,1.0086942401191528
2018-06-08,-0.0008502712540971,1.007836576402606
2018-06-11,-0.0087804159533308,0.9989873520488104
2018-06-12,0.0033289271779887,1.0023129081955129
2018-06-13,-6.041897557092582e-05,1.002252349476398
2018-06-14,-0.0009491124244254,1.0013010993191005
2018-06-15,-0.0111533559904886,0.9901332317047268
2018-06-18,-0.0202388613596647,0.970094062500658
2018-06-19,0.0114566477971704,0.9812080885048544
2018-06-20,-0.0057906102771901,0.975526294863496
2018-06-21,0.0066597059955364,0.9820230131782018
2018-06-22,0.0047984699263727,0.9867352210739434
2018-06-25,0.0003448441556613,0.987075490948116
2018-06-26,-0.0018451528906441,0.985254185752709
2018-06-27,-0.0069104665985734,0.9784456196109602
2018-06-28,0.0024367136409611,0.9808298113992048
2018-06-29,-0.013586201015119,0.967504060419914
2018-07-02,-0.0173475095365143,0.950720274505163
2018-07-03,0.0017088139725996,0.9523448785942712
2018-07-04,-0.014600227642467,0.9384404265726572
2018-07-05,0.0110982582450082,0.9488554807743164
2018-07-06,-0.0012491713476525,0.94767019769467
2018-07-09,0.0001365150270276,0.9477995689173214
2018-07-10,-0.0156987087145061,0.932920339565154
2018-07-11,0.0002676811511245,0.9331700647555564
2018-07-12,0.0098207448507627,0.9423344898638903
2018-07-13,0.0038433126203557,0.9459561759013808
2018-07-16,0.0035108333424989,0.9492772703842782
2018-07-17,0.0133224872780755,0.961924004742339
2018-07-18,0.0042157595459842,0.9659792450478428
2018-07-19,0.0015701776785492,0.9674960040963588
2018-07-20,8.361941124610138e-05,0.9675769055426044
2018-07-23,-0.0028523063782388,0.9648170797634884
2018-07-24,-0.0007737226022089,0.9640705789818782
2018-07-25,0.0003876313130559,0.9644442829262876
2018-07-26,0.0066880653818741,0.9708945493476734
2018-07-27,0.0058104416493149,0.976535875474296
2018-07-30,0.0024759290280752,0.9789537089953396
2018-07-31,-0.0005864394577739,0.9783796119130506
2018-08-01,-0.001228834164665,0.97717734561992
2018-08-02,0.0017037878981296,0.9788422485557138
2018-08-03,-0.0021571932687304,0.9767306966459804
2018-08-06,-0.0021393642539283,0.9746411139078612
2018-08-07,0.0037172972889346,0.9782641446782752
2018-08-08,0.0011280952827975,0.9793677198452166
2018-08-09,-0.0019432130120869,0.9774645997483956
2018-08-10,0.0018975243381046,0.9793193626160536
2018-08-13,0.0009110106443933,0.9802115329796574
2018-08-14,-0.0049479097006186,0.9753615348269692
2018-08-15,0.0017131307490475,0.9770324566637192
2018-08-16,0.0010772032175864,0.978084919169724
2018-08-17,-0.0002731966778323,0.9778177096191688
2018-08-20,0.003262770260354,0.9810081041621618
2018-08-21,0.0025313133739208,0.9834913430961524
2018-08-22,0.0036206414678757,0.987052212636263
2018-08-23,0.0049661246581277,0.9919540369682952
2018-08-24,0.0020838857597425,0.9940211558602526
2018-08-27,0.0021466829523767,0.9961550041298396
2018-08-28,-0.0002158815290695,0.995939952664358
2018-08-29,0.004439006610665,1.0003609366980604
2018-08-30,-2.1174494152766853e-05,1.0003397545612556
2018-08-31,-0.0038075658834547,0.9965308950399246
2018-09-04,-0.0024505273493671,0.99408886882714
2018-09-05,-0.0016055016975095,0.9924928574607628
2018-09-06,0.0055419122871966,0.9979931658224794
2018-09-07,-0.0001660747347928,0.9978274243721404
2018-09-10,0.0093505341452147,1.0071576437747638
2018-09-11,0.0012262063641502,1.0083926268872632
2018-09-12,0.0036395673860455,1.0120627398044106
2018-09-13,0.0032394577613786,1.0153412743018722
2018-09-14,0.0012759436969376,1.0166367926010582
2018-09-17,0.0056141581252241,1.0223443523106417
2018-09-18,0.005767006972889,1.0282402193191107
2018-09-19,0.005875790104073,1.034281943024396
2018-09-20,-0.0013367513802047,1.0328993652095373
2018-09-21,0.003221249450016,1.0362265917216404
2018-09-24,0.0054722888973411,1.0418971229946483
2018-09-25,0.0050092800222642,1.04711627743812
2018-09-26,0.0064857419320442,1.0539076033864263
2018-09-27,0.0039368190712597,1.058056646938784
2018-09-28,-0.0015005480859856,1.0564689820623556
2018-10-01,-0.0001516803408375,1.056308736487072
2018-10-02,0.0022322424207073,1.058666673658022
2018-10-03,0.0029845370697977,1.061826303590114
2018-10-04,-0.0038507484824013,1.0577374775629906
2018-10-05,-0.0036872553628486,1.0538373293763603
2018-10-08,-0.0015100051765967,1.0522460295537113
2018-10-09,-0.0046618422791423,1.047340624525078
2018-10-10,-0.0328772335307933,1.01290696222628
2018-10-11,0.0166872662095951,1.0298096103505023
2018-10-12,-0.0044539802404312,1.025222858694595
2018-10-15,0.0062978120103994,1.0316795195274178
2018-10-16,0.0065295262320107,1.0384158980132
2018-10-17,-0.0042621113673672,1.0339900538102231
2018-10-18,-0.0001442015029074,1.0338409508904725
2018-10-19,-0.0038099740660864,1.0299020436791215
2018-10-22,-0.0091367806118533,1.0204920546543264
2018-10-23,-0.0064653440629269,1.013894222407503
2018-10-24,-0.0093430017822405,1.0044214068805464
2018-10-25,-0.0025305179611457,1.0018797004698758
2018-10-26,-0.0041724157507247,0.997699441827304
2018-10-29,0.0003565220270418,0.9980551436546828
2018-10-30,0.0132081217714596,1.0112375775267055
2018-10-31,-0.0063113042801988,1.0048553494753634
2018-11-01,0.0067249449000899,1.0116129463331458
2018-11-02,0.0007321640003631,1.012353612914752
2018-11-05,0.002347613459875,1.0147302278825838
2018-11-06,-0.0007471660121339,1.013972055944825
2018-11-07,0.0039085879887669,1.0179352549436365
2018-11-08,-0.0051143651547943,1.012729162345916
2018-11-09,-0.0004339258201123,1.0122897130135933
2018-11-12,-0.0041146421861687,1.0081245030558028
2018-11-13,0.0003519715812929,1.0084793342312834
2018-11-14,-0.0011879588592466,1.007281302271816
2018-11-15,0.0053463973179745,1.012666628324728
2018-11-16,0.0064024192161649,1.0191501446054834
2018-11-19,-0.0010687850776783,1.0180608921390153
2018-11-20,0.0025240668612823,1.0206305458996308
2018-11-21,0.0013171410478435,1.021974860286318
2018-11-22,-0.0020655060393108,1.019863965040373
2018-11-23,-0.001165480047782,1.0186753339376664
2018-11-26,-0.0018183652857085,1.016823010073027
2018-11-27,0.0009920646921568,1.0178317642794927
2018-11-28,-0.0019698079549671,1.015826831173397
2018-11-29,0.0032189552905546,1.0190967323258897
2018-11-30,0.0115182299456536,1.0308349228256832
2018-12-03,0.0021447357801864,1.0330457913681332
2018-12-04,0.0004259083494217,1.033485774196012
2018-12-05,-0.0003239331197257,1.0331509939249843
2018-12-06,0.0045635740889343,1.037865855030817
2018-12-07,-0.0020292514304068,1.0357597642599254
2018-12-10,-0.0027268312980245,1.0329354221175069
2018-12-11,0.0047115518078644,1.0378021508729918
2018-12-12,0.0005594734969507,1.0383827736714837
2018-12-13,-0.0031049494901027,1.035158647607841
2018-12-14,-0.0076170172180519,1.0272738263655967
2018-12-17,-0.0045338134216894,1.02261635850387
2018-12-18,-0.0029086620925711,1.0196419130666468
2018-12-19,-0.0001156293487597,1.0195240125362708
2018-12-20,0.0013795071159936,1.020930453166491
2018-12-21,-0.0051097752529955,1.015713728001871
2018-12-24,-0.0114552676158763,1.0040784554264903
2018-12-25,0.0016338610491081,1.0057189801050603
2018-12-26,0.0072484826965724,1.0130089167299663
2018-12-27,-0.0018599949421084,1.0111247252685378
2018-12-28,-0.0041821135031678,1.0068960869016057
2019-01-02,-0.0110337276988858,0.9957862696576594
2019-01-03,-0.000527316636099,0.99526117499167
2019-01-04,0.0073097073350516,1.0025362429027986
2019-01-07,0.0003205194244184,1.0028575752423323
2019-01-08,0.0038337016834104,1.00670223201676
2019-01-09,-0.0010175005454169,1.0056779119466106
2019-01-10,0.0049976269085323,1.0107039149406716
2019-01-11,-0.0005537051158293,1.01014428301238
2019-01-14,0.006223802540376,1.016431221567139
2019-01-15,-0.0016307916786027,1.0147736339891351
2019-01-16,-0.0024383819000194,1.012299228327399
2019-01-17,0.0020295265225576,1.014353716460054
2019-01-18,0.0022144294574506,1.0165999312100578
2019-01-21,-0.0022337856000413,1.0143290649227177
2019-01-22,0.0029914079972065,1.017363336999327
2019-01-23,-0.0005786857785983,1.016774603304538
2019-01-24,0.0023574239558937,1.0191715721121124
2019-01-25,0.0014897622150865,1.0206898954109354
2019-01-28,0.0012319838349913,1.0219473688626208
2019-01-29,0.0009327654070169,1.022900606016088
2019-01-30,0.0002669708687243,1.0231736906794948
2019-01-31,0.0071151549396514,1.0304537300188543
2019-02-01,0.005180695202978,1.035792196714854
2019-02-11,0.0047695169259071,1.040732425128808
2019-02-12,0.0081399331775333,1.049203917525049
2019-02-13,0.0027712716083582,1.0521115465530644
2019-02-14,3.131207099639075e-05,1.0521444903445063
2019-02-15,0.0043863881061092,1.0567596044228618
2019-02-18,-0.0046823879994237,1.0518114459328365
2019-02-19,-0.0001314693250301,1.0516731649919804
2019-02-20,-0.0006228965547393,1.051018081400795
2019-02-21,-0.0004651048568603,1.0505292477864874
2019-02-22,0.0031575013623793,1.0538462953175924
2019-02-25,0.0018201543590741,1.0557644582458088
2019-02-26,0.0029614957935658,1.0588911002479
2019-02-27,-0.0048212768177571,1.0537858931337454
2019-02-28,0.0086876754097323,1.0629408429246463
2019-03-01,0.0093906299138553,1.072922527000873
2019-03-04,0.0034984754967002,1.0766761201714434
2019-03-05,0.0057263062999897,1.0828414974214295
2019-03-06,0.0009477187523261,1.0838677266143328
2019-03-07,-0.0035371946411896,1.0800338754999943
2019-03-08,0.0006018645447045,1.0806839095967375
2019-03-11,0.007516699739246,1.0888070860582106
2019-03-12,0.0036321975679562,1.092761848508165
2019-03-13,0.0055888009181439,1.09886907693042
2019-03-14,-0.0012405725089119,1.0975058501626869
2019-03-15,0.0039958901765255,1.1018913630080314
2019-03-18,-0.0016315817788333,1.1000935371378937
2019-03-19,0.0011947991725567,1.101407927985801
2019-03-20,-0.0069867604285062,1.0937126546589069
2019-03-21,-0.000295455335881,1.093389511419167
2019-03-22,-0.0093931544631061,1.0831191348500666
2019-03-25,0.000200385990065,1.0833361767502618
2019-03-26,0.0055660839808317,1.089366116889527
2019-03-27,0.0019334387410298,1.0914723395430863
2019-03-28,0.0024539701587208,1.0941507800933945
2019-03-29,-0.0006671767639529,1.093420788116655
2019-04-01,8.838339370057633e-05,1.0935174283566518
2019-04-02,0.0027407757972622,1.0965145144581765
2019-04-03,0.0069463272180354,1.104131263074928
2019-04-04,0.00461255781055,1.1092241323562968
2019-04-05,0.001244282780228,1.1106043208436012
2019-04-08,-0.0046864063058755,1.105399577751067
2019-04-09,-0.0003511808554995,1.1050113825816836
2019-04-10,0.0028350027281682,1.1081440928659596
2019-04-11,-0.0005973150354239,1.1074821817378746
2019-04-12,-0.0032914895298033,1.1038369157322407
2019-04-16,-0.0034816846903495,1.099993703642093
2019-04-17,-0.0068202052455868,1.0924915208144006
2019-04-18,0.0043511809797316,1.0972451491402864
2019-04-19,-0.0055270028977528,1.0911806720214428
2019-04-22,0.0038907721235631,1.0954262073619148
2019-04-23,0.0054310229512923,1.1013754922355443
2019-04-24,-0.0012210932407524,1.1000306100664452
2019-04-25,0.001851046168958,1.102066817512945
2019-04-26,-0.0043078673357017,1.0973192598680206
2019-05-02,-0.0028495906129931,1.094192349205644
2019-05-03,-0.0093274310461171,1.0839863455172394
2019-05-06,0.0020634466676792,1.0862230935297068
2019-05-07,-0.0026335241717176,1.0833624987570185
2019-05-08,-0.0026437217149789,1.0804983897938605
2019-05-09,0.0047811915851645,1.0856644596029268
2019-05-10,0.0018390831754678,1.0876610868447858
2019-05-13,0.0001219950893158,1.0877937761562209
2019-05-14,0.006432080619482,1.0947905534218287
2019-05-15,0.0010753521442363,1.0959678387909406
2019-05-16,0.0005798568378977,1.0966033432363795
2019-05-17,0.0026017267504525,1.0994564054891134
2019-05-20,0.0025094988367986,1.1022154900597991
2019-05-21,-9.446131476486875e-05,1.102111373335454
2019-05-22,0.0009516454060751,1.1031601925608718
2019-05-23,-0.0004402644309893,1.1026745103664035
2019-05-24,7.592031309187487e-05,1.1027582257604691
2019-05-27,0.0030561469641407,1.1061284169643082
2019-05-28,0.0005666346345972,1.1067551876356725
2019-05-29,0.0002259532972009,1.107005262619513
2019-05-30,-0.0057455086882402,1.100644954265205
2019-05-31,-0.0100194111164386,1.0896171399751882
2019-06-03,0.0019704452321124,1.0917641708734804
2019-06-04,0.0055351942440971,1.0978072976280109
2019-06-05,-0.0005934205327611,1.0971558362365832
2019-06-06,0.0075075204050295,1.1053927560646268
2019-06-07,0.0019222738541266,1.107517623658151
2019-06-10,-0.0004567429893716,1.1070117727479396
2019-06-11,-0.0015544626315682,1.1052909643144968
2019-06-12,0.0012791615627221,1.106704810031672
2019-06-13,-0.0006622147966171,1.1059719337309817
2019-06-14,-0.0025195279423685,1.103185406540471
2019-06-17,-0.0022366452191352,1.1007179721751124
2019-06-18,0.0047530203486098,1.1059497070949411
2019-06-19,0.0054043932674797,1.1119266942461363
2019-06-20,0.0003130297696285,1.11227476040308
2019-06-21,-0.0012301687547445,1.1109064747461412
2019-06-24,-0.0007868966540098,1.1100323061582456
2019-06-25,0.0017220446009765,1.1119438312979748
2019-06-26,-0.0044671900641229,1.1069765668629377
2019-06-27,0.0048427644598786,1.11233739363886
2019-06-28,0.0050877109262959,1.117996644750204
2019-07-01,-0.0016179814422168,1.1161877469265375
2019-07-02,-0.0004731208278636,1.1156596552556604
2019-07-03,0.0032500968678582,1.1192856572068024
2019-07-04,0.0013751056581349,1.120824793247097
2019-07-05,-0.0033753620825626,1.1170416037387747
2019-07-08,0.0044951471747506,1.1220628701479
2019-07-09,0.0032761026410173,1.125738863280179
2019-07-10,0.0011071468893321,1.12698522156086
2019-07-11,-0.0021610968312223,1.1245496973697104
2019-07-12,0.0026269010328035,1.12750377813117
2019-07-15,0.0011163073316712,1.1287624188651848
2019-07-16,-0.0005818428829908,1.1281056564851806
2019-07-17,-0.0007479857318508,1.1272618495501094
2019-07-18,0.0042515219273049,1.132054428021286
2019-07-19,-0.0022194285318638,1.1295419141241128
2019-07-22,-3.2912598190956214e-05,1.1295047379649534
2019-07-23,-0.0009088495311361,1.128478188113438
2019-07-24,0.0011137545975345,1.1297350358836669
2019-07-25,-0.0008997424630279,1.128718565299912
2019-07-26,-0.0014991898202599,1.127026401916876
2019-07-29,-0.0036557848903992,1.122906235825667
2019-07-30,-0.0001317791161704,1.1227582602343675
2019-07-31,0.0016193869378573,1.1245764402953624
2019-08-01,0.0037680657023472,1.1288139182097072
2019-08-02,-0.0009233866830311,1.1277715864700122
2019-08-05,-0.0040316894798,1.1232247616292237
2019-08-06,0.0026043328242916,1.126150012744992
2019-08-07,0.0072780198013284,1.1343461548370164
2019-08-08,0.0019045769004263,1.1365066043206065
2019-08-09,0.0001906607609093,1.1367232915345646
2019-08-12,-0.0049150857854631,1.131136199042338
2019-08-13,0.0017580557097017,1.133124799495515
2019-08-14,0.0048838116551056,1.1386587675979805
2019-08-15,0.0026890107951525,1.1417206333160466
2019-08-16,0.0014685853956061,1.143397347563997
2019-08-19,0.0050088818552605,1.1491244897915631
2019-08-20,0.000364167929049,1.14954296407723
2019-08-21,0.001900631541464,1.1517278216930231
2019-08-22,-0.0013203734331503,1.1502071108750398
2019-08-23,-0.0031323388363067,1.1466042724718497
2019-08-26,0.0009642130999627,1.1477098433318402
2019-08-27,-0.0023566024437379,1.1450051475103424
2019-08-28,-0.000483325685874,1.1444517371120926
2019-08-29,0.0030036570621147,1.1478892776545189
2019-08-30,-0.005530633131071,1.1415407231847217
2019-09-03,-0.0026743200637243,1.1384878779251504
2019-09-04,0.0011683714173516,1.1398180546207195
2019-09-05,-0.0026074544135565,1.1368460310035473
2019-09-06,-0.0037839799981406,1.1325442283612643
2019-09-09,-0.0063268619146773,1.125378777416158
2019-09-10,0.0021601702219229,1.1278097871395163
2019-09-11,0.0048543689473851,1.1332845919487635
2019-09-12,0.0030318471237209,1.1367205375792206
2019-09-13,0.0028405446708153,1.1399494430444477
2019-09-16,0.0001150741594513,1.140080621768423
2019-09-17,0.0014863068011566,1.141775131350424
2019-09-18,0.0016071751222859,1.1436101639367753
2019-09-19,-0.0004574523442261,1.1430870167864016
2019-09-20,-0.0049542931170051,1.1374238286469989
2019-09-23,-0.0009621169374548,1.1363294939163928
2019-09-24,0.002001539068108,1.13860390179271
2019-09-25,0.0026486382921295,1.1416196516865662
2019-09-26,0.0008353507560872,1.1425733045257669
2019-09-27,0.0004840937444636,1.1431264171150788
2019-09-30,0.002878111622559,1.1464164625422322
2019-10-01,-0.0046172610354282,1.1411231584793624
2019-10-02,0.0035479992731153,1.1451718626161822
2019-10-03,-0.0004382970725446,1.144669937141237
2019-10-04,-1.7762684729244317e-05,1.1446496047300243
2019-10-07,0.0013938957412625,1.1462451269392957
2019-10-08,-0.000239407471055,1.1459707072922458
2019-10-09,0.000472511472644,1.1465121915987555
2019-10-10,0.0021096467529026,1.1489309273209252
2019-10-11,0.0006116507914693,1.1496336718319646
2019-10-14,-0.0004823185642776,1.149079182169921
2019-10-15,-0.0008174687242777,1.1481398458767789
2019-10-16,-9.118658616617628e-05,1.148035150923792
2019-10-17,0.0001736650869965,1.1482345245481524
2019-10-18,-0.0001864656322914,1.1480204182715137
2019-10-21,-0.0006262019615049,1.1473015256337442
2019-10-22,-0.0026496116338089,1.1442616221639383
2019-10-23,0.0023913974207705,1.1469980064558678
2019-10-24,-0.0008074251910497,1.1460718913713714
2019-10-25,0.0026557456649917,1.14911556682865
2019-10-28,-0.0018605381704698,1.146977593454284
2019-10-29,0.0013228249512677,1.1484948440334504
2019-10-30,-0.0038355890523804,1.1440896897829602
2019-10-31,-6.459052706881668e-05,1.144015792426883
2019-11-01,-0.001511738566244,1.1422863396330791
2019-11-04,0.0010718288756509,1.1435106751161594
2019-11-05,0.0030169260610588,1.1469605622730163
2019-11-06,-0.0021922047026762,1.1444461899346172
2019-11-07,-0.0005029490859108,1.143870591769515
2019-11-08,-0.0006829687027873,1.143089363955298
2019-11-11,0.0032713317773192,1.1468287885159203
2019-11-12,-0.0027928858596527,1.1436258266090318
2019-11-13,-0.0014586072364054,1.1419577257025997
2019-11-14,9.593295892287416e-05,1.1420672770861913
2019-11-15,-0.0022272371911636,1.139523622371854
2019-11-18,0.0007321873231056,1.140357967122534
2019-11-19,0.0005722705150275,1.1410105603636949
2019-11-20,-0.0031985732088652,1.137360954554283
2019-11-21,-0.0060623864245982,1.130465832943525
2019-11-22,-0.0029871552913236,1.1270889559489872
2019-11-25,0.0009004017341845,1.1281037887995038
2019-11-26,0.0016262221899318,1.129938336213396
2019-11-27,-0.0026184520556813,1.1269796468541449
2019-11-28,0.0012044029439659,1.1283369844586058
2019-11-29,-0.0040149871722849,1.1238067259399898
2019-12-02,-0.0024171053184058,1.1210903667258598
2019-12-03,0.0050604996028736,1.1267636440814617
2019-12-04,0.0003580726818854,1.1271671073613487
2019-12-05,0.0013488689200766,1.1286875080402012
2019-12-06,0.0018816363126782,1.130811287440996
2019-12-09,-0.0012468941630923,1.1294012854471271
2019-12-10,0.0014995141943013,1.1310948387057171
2019-12-11,0.0028761640436441,1.134348053010754
2019-12-12,0.0021603272954,1.136798616072157
2019-12-13,0.0019219394309916,1.138983474157483
2019-12-16,-0.0041872383069233,1.134214278923538
2019-12-17,-0.0033704151502291,1.130391505934248
2019-12-18,-0.0004770403223585,1.129852263605866
2019-12-19,0.0042743170983965,1.1346816104548585
2019-12-20,0.000218969637401,1.1349300712756656
2019-12-23,0.0003667023583194,1.13534625280933
2019-12-24,0.0027376782196934,1.1384544655174569
2019-12-25,-0.0013691918036024,1.1368957029944955
2019-12-26,0.0005259985682664,1.1374937085065389
2019-12-27,-0.0015716993538423,1.1357059103798794
2019-12-30,-0.0011419357384744,1.13440900721242
2019-12-31,0.0023634820046953,1.137090162486931
2020-01-02,0.0008345239841163,1.138039091499629
2020-01-03,-0.0059219676979866,1.131299660760722
2020-01-06,-0.0005708996887876,1.130653802136468
2020-01-07,-0.0094509589407127,1.1199680394763156
2020-01-08,0.0033534254650089,1.1237237688198916
2020-01-09,0.0004659653703498,1.1242473851820003
2020-01-10,-0.0035532634617637,1.12025263802625
2020-01-13,0.0008395345971167,1.1211931288733843
2020-01-14,-0.0019581073013047,1.1189977124215646
2020-01-15,-0.0007762082822795,1.1181291371293312
2020-01-16,-0.0005990392837939,1.1174593338518362
2020-01-17,0.0018138206563857,1.1194862046742478
2020-01-20,0.0061420091430089,1.1263620991788292
2020-01-21,0.0098379227577073,1.1374431625077597
2020-01-22,-0.0134982775224618,1.122089639034203
2020-01-30,-0.0158913179249017,1.1042581558400724
2020-01-31,-0.0192758095089996,1.0829726859793398
2020-02-03,-0.0022927926331245,1.080489654183051
2020-02-04,0.0013696885836774,1.0819695885271674
2020-02-05,0.0126786126725152,1.0956874618635442
2020-02-06,0.0035488298721704,1.099575870258768
2020-02-07,-0.001018310276257,1.0984561608505592
2020-02-10,0.0037199083491269,1.102542317094457
2020-02-11,0.0087262733321947,1.1121634027137346
2020-02-12,0.0016672961573436,1.1140177084814171
2020-02-13,0.000512585187012,1.114588737456854
2020-02-14,-0.0031191028476135,1.1111122205519344
2020-02-17,0.0029687330594737,1.1144108161338722
2020-02-18,0.0030046980567491,1.1177592841475297
2020-02-19,0.0067419746819373,1.1252951889417526
2020-02-20,-0.0036746609728485,1.121160110628014
2020-02-21,-0.0221902875657949,1.09628124536588
2020-02-24,0.0033147776707781,1.0999151739589117
2020-02-25,-0.0055682690721054,1.0937905503138166
2020-02-26,0.007936019892696,1.10247089387955
2020-02-27,-0.0082928064403146,1.0933283161505265
2020-02-28,0.0010021209989233,1.094423963414858
2020-03-02,0.0078357547042623,1.1029996011346437
2020-03-03,0.0040464373051812,1.107462819868275
2020-03-04,0.0023263591232633,1.1100391761029509
2020-03-05,0.0031346757151047,1.1135187889510954
2020-03-06,-0.0422314020421899,1.0664933292933692
2020-03-09,0.0031013065954937,1.0698008520895568
2020-03-10,-0.0159992049138447,1.0526848890399705
2020-03-11,-0.0331266151895684,1.0178130018048694
2020-03-12,-0.0136236680526261,1.003946655328633
2020-03-13,-0.0042512585398465,0.9996786185366168
2020-03-16,0.0086795581727463,1.008355387260256
2020-03-17,0.006638984597796,1.0150498431453816
2020-03-18,-0.0170141303416965,0.9977796528107876
2020-03-19,-0.0044438455458599,0.9933456741448946
2020-03-20,-0.0424397808412453,0.9511883014345862
2020-03-23,-0.0030130621308586,0.948322311984218
2020-03-24,0.0201002177628906,0.9673837969645086
2020-03-25,-0.009495256633436,0.9581982395493028
2020-03-26,-0.0055611792352126,0.9528695273963038
2020-03-27,-0.0289690173793834,0.9252658334968752
2020-03-30,-0.0075335205976864,0.918295324281891
2020-03-31,0.0152648151216191,0.9323129326341014
2020-04-01,0.0201528931416609,0.951101735540065
2020-04-03,0.0307834111377121,0.9803798912989864
2020-04-06,0.0065414870172934,0.9867930336299344
2020-04-07,0.0033844163644508,0.9901327521212776
2020-04-08,0.0134933957348772,1.0034930051757134
2020-04-09,0.0015461495594787,1.0050445554436058
2020-04-10,0.0075330289158066,1.0126155851414365
2020-04-13,0.0010869645244489,1.0137162623593892
2020-04-14,0.012137309986515,1.0260200508740165
2020-04-15,0.005683820757876,1.0318517649371712
2020-04-16,0.0176261995439546,1.0500393900457357
2020-04-17,0.0104231241676367,1.0609840809890918
2020-04-20,-0.0240344167108875,1.0354839474629818
2020-04-21,0.0084042482136837,1.0441864115787456
2020-04-22,0.0045490249199625,1.0489364415861038
2020-04-23,0.0043783916454077,1.053529096138508
2020-04-24,0.0066494704424092,1.060534506723499
2020-04-27,0.0001021992956581,1.0606428926031073
2020-04-28,0.0056022852599726,1.0665849166464323
2020-04-29,-0.0071696249457683,1.058937902821264
2020-05-04,0.0035673769696176,1.0627155335080438
2020-05-05,0.0093899498513951,1.0726943790739831
2020-05-06,0.0065244243284686,1.0796930923778252
2020-05-07,0.0062871885933812,1.0864813264725757
2020-05-08,0.0075616064628417,1.0946968706925877
2020-05-11,0.0097290901540503,1.1053472752389126
2020-05-12,0.0068735986680842,1.1129449887977654
2020-05-13,-0.000255309740422,1.1126608431015714
2020-05-14,-0.0062551432594376,1.1057009901288044
2020-05-15,0.0066500572712627,1.1130539650380529
2020-05-18,0.0056893735129003,1.119386544785169
2020-05-19,0.0034887263103872,1.1232917780754546
2020-05-20,0.0030241739696976,1.1266888078310855
2020-05-21,-0.0044583833340607,1.1216655972275789
2020-05-22,0.0096686882684462,1.132510632228613
2020-05-25,0.0106874529445779,1.1446142863197906
2020-05-26,-0.0059312436111448,1.1378253001468313
2020-05-27,0.0012990512899685,1.139303393570746
2020-05-28,0.005034647404351,1.1450393844439553
2020-05-29,0.0135929476872554,1.160603844896549
2020-06-01,-0.0045917825504666,1.1552746044135485
2020-06-02,0.0018078270143454,1.1573631410523944
2020-06-03,0.0072204973488041,1.1657198785439669
2020-06-04,0.0098013558660881,1.1771455139137492
2020-06-05,0.0133821275463191,1.1928982253215203
2020-06-08,0.0047212662361218,1.1985302154358604
2020-06-09,0.0078337045377854,1.2079191470231931
2020-06-10,-0.0231823991628863,1.1799166832004082
2020-06-11,-0.0057725663290803,1.1731055358838454
2020-06-12,-0.0148738977220588,1.155656884125928
2020-06-15,0.0130815784095503,1.170774700270158
2020-06-16,-0.0002159361608649,1.1705218876761438
2020-06-17,0.00165321991685,1.172457017773959
2020-06-18,0.0124631819764121,1.1870695629459975
2020-06-19,0.0035710289565328,1.1913086227286966
2020-06-22,0.0010706448440727,1.1925840911633203
2020-06-23,-0.0070036764840301,1.1842316180088115
2020-06-24,-0.0015730672359202,1.1823687420507811
2020-06-25,-0.0039097398393154,1.177745987875224
2020-06-26,-0.0225980206572681,1.151131259712205
2020-06-29,-0.0029054597856765,1.147786694129076
2020-06-30,0.0145638731935996,1.1645029139956726
2020-07-01,-9.272633866831464e-05,1.164394933904089
2020-07-02,0.0023729120730987,1.1671579407006052
2020-07-03,0.006312486978805,1.1745256100034864
2020-07-06,-0.000918657906575,1.1734466227653817
2020-07-07,0.0023372913067195,1.1761893093556706
2020-07-08,0.0101129411624735,1.1880840426371149
2020-07-09,-0.0002967854282933,1.1877314366056724
2020-07-10,-0.0002045308997836,1.187488508826242
2020-07-13,0.0035561018665667,1.1917113389290055
2020-07-14,0.0039506764080276,1.1964194048008916
2020-07-15,0.0026991383766986,1.1996487063310166
2020-07-16,0.001732437976137,1.201727023307888
2020-07-17,-0.0047708104813989,1.1959938114293105
2020-07-20,-0.0005717306254798,1.1953100251394315
2020-07-21,-0.0045711134825057,1.1898461273677423
2020-07-22,-0.0007575205307556,1.188944794497821
2020-07-23,-0.0275931783383732,1.1561380287487624
2020-07-24,-0.0392261521261671,1.1107871825542164
2020-07-27,0.0273791360747002,1.1411995759754012
2020-07-28,-0.0204736284967028,1.117835079816286
2020-07-29,0.00824230505753,1.1270486175481402
2020-07-30,-0.0028817272234761,1.1238007708647706
2020-07-31,0.0184796054955948,1.144568165765997
2020-08-03,0.013478207353189,1.1599948928340502
2020-08-04,0.0111922232401676,1.172977814632103
2020-08-05,0.0040934342519326,1.1777793221952753
2020-08-06,0.0047228829255215,1.1833418360461037
2020-08-07,0.0087008910919829,1.193637964486128
2020-08-10,0.002948222804503,1.197157075153347
2020-08-11,0.0027208525862147,1.200414363077383
2020-08-12,0.0100644686725383,1.2124958958286405
2020-08-13,-0.0022178380774221,1.2098067762621536
2020-08-14,0.0008281127040128,1.2108086326229772
2020-08-17,0.0042302627167048,1.2159306712386264
2020-08-18,0.0069996663682632,1.2244417802642351
2020-08-19,0.000480544786182,1.2250301793777243
2020-08-20,0.0088718809696476,1.23589850131339
2020-08-21,0.0114513267837035,1.250051178923419
2020-08-24,0.0055006153093234,1.256927229575643
2020-08-25,0.0054874725819783,1.2638245832854815
2020-08-26,0.0072718598311876,1.2730149385063427
2020-08-27,0.0043037401086074,1.278493663956049
2020-08-28,-0.0014023935279508,1.276700712716191
2020-08-31,0.0056231355278871,1.283879773852344
2020-09-01,0.0013190819086236,1.2855733164348802
2020-09-03,-0.002627827578984,1.2821950514191465
2020-09-04,-0.0033777446053853,1.2778641240011637
2020-09-07,0.0051656685248852,1.2844651464855967
2020-09-08,0.0036909703910743,1.289206069309642
2020-09-09,0.0025596865709689,1.2925060327724656
2020-09-10,0.0049168939103499,1.298861147814095
2020-09-11,0.0093380943122468,1.3109900357108963
2020-09-14,0.0042224544944122,1.3165256314793137
2020-09-15,0.0020590670252842,1.319236445995034
2020-09-16,-0.000805230062005,1.3181741571498262
2020-09-17,0.0041263605293022,1.3236134189626356
2020-09-18,0.0017741182031915,1.3259616656232058
2020-09-21,-0.0013901987925352,1.3241183153167084
2020-09-22,0.0030445235016484,1.328149624646653
2020-09-23,-0.0012700083888067,1.3264628634817617
2020-09-24,0.0004136003866632,1.327011489034992
2020-09-25,0.0045077282700659,1.3329932962388176
2020-09-28,-0.0066197863725772,1.324169165381639
2020-09-29,0.0042393168129343,1.3297827379876108
2020-09-30,0.0073332350174316,1.339534347327398
2020-10-01,-0.0028728065769478,1.3356861242443483
2020-10-02,0.0107310020466479,1.3500193747772935
2020-10-05,0.0040007276130142,1.3554204345680696
2020-10-06,0.0027462093777106,1.359142702876221
2020-10-07,-0.0008063805149684,1.35804671668356
2020-10-08,0.0014060486901278,1.3599561964906852
2020-10-09,-0.005269567804952,1.352789815101513
2020-10-12,0.0013402892488695,1.3546029447466736
2020-10-13,0.0002879866446685,1.3549930523035894
2020-10-14,-0.0035760458355948,1.3501475350416392
2020-10-15,-0.0025718316048015,1.3466751829398744
2020-10-16,0.001520078786704,1.348722235318042
2020-10-19,0.0016352778161675,1.35092777086963
2020-10-20,-0.0014250336089756,1.349002653392842
2020-10-21,0.0033422261088904,1.3535113252819742
2020-10-22,0.0033763868363044,1.358081303103445
2020-10-23,-0.0075841945459252,1.347781350291525
2020-10-26,-0.0064874158688658,1.3390377321718825
2020-10-27,-0.0171861333864432,1.316024851097296
2020-10-28,0.0015771468004412,1.3181004154805054
2020-10-29,0.003413544610698,1.3225998100501275
2020-10-30,0.0076205232935145,1.3326787127106126
2020-11-02,0.0051240340957814,1.339507403873264
2020-11-03,0.0085302956410749,1.3509337980417115
2020-11-04,-0.0031682161380225,1.3466537477813556
2020-11-05,0.0023260517192205,1.349786134046577
2020-11-06,0.0111787572791384,1.3648750656178303
2020-11-09,0.0005741321063914,1.3656586842142149
2020-11-10,0.0011725049579161,1.367259925792277
2020-11-11,0.0048263127649544,1.373858749825139
2020-11-12,0.0046596266016298,1.380260418602706
2020-11-13,-0.0031835421220634,1.3758663014206676
2020-11-16,0.0086789389250907,1.387807361019788
2020-11-17,0.0055987662039048,1.395577369970196
2020-11-18,0.0073897424234852,1.4058903272663206
2020-11-19,0.007895601018983,1.416990676366863
2020-11-20,0.0035411977813188,1.4220085206061628
2020-11-23,-0.0011740649329253,1.420338990267798
2020-11-24,0.0013725683683474,1.4222885026381702
2020-11-25,0.0032547460350104,1.4269176905027727
2020-11-26,0.0045764215438607,1.4334478673629054
2020-11-27,-0.0013478537860143,1.431515789227826
2020-11-30,0.0049752123716261,1.4386378842925702
2020-12-01,0.0034771014626418,1.4436401741842555
2020-12-02,0.0103763304633252,1.458619861701724
2020-12-03,0.0029013056135728,1.4628517636945482
2020-12-04,0.0075067559945238,1.473833034940762
2020-12-07,0.0045872040914501,1.4805938078687566
2020-12-08,0.0064596706261617,1.4901579561987233
2020-12-09,-0.0069457570096189,1.4798076811290166
2020-12-10,0.0064251230198757,1.4893156275260275
2020-12-11,0.0127399196102485,1.5082893888949958
2020-12-14,0.0030291361965018,1.5128582028776971
2020-12-15,0.0079893562433851,1.5249449660062142
2020-12-16,-0.0012684585180742,1.523010636574489
2020-12-17,0.0094639278345546,1.5374242993302891
2020-12-18,0.0114051983019599,1.5549589283384029
2020-12-21,0.0128181523972539,1.5748906288533149
2020-12-22,0.0042046468748836,1.5815124878142066
2020-12-23,-0.0121531390375812,1.5622921466601296
2020-12-24,0.0141916048586168,1.5844635794792503
2020-12-25,0.0069894281096227,1.5955380737603362
2020-12-28,0.0069493769429734,1.6066260692617624
2020-12-29,0.0016563541472643,1.609287211014687
2020-12-30,0.0074681226900875,1.6213055653501334
2020-12-31,0.0147934792106825,1.6452903155253045
2021-01-04,0.0073713086738168,1.6574182582990828
2021-01-05,0.0055269402408862,1.6665787099668556
2021-01-06,0.0117222986998169,1.6861148434118427
2021-01-07,0.0078532313572503,1.69935629337205
2021-01-08,0.0118352226814976,1.7194685535193126
2021-01-11,0.009163074780827,1.7352241724584907
2021-01-12,0.0017931497131849,1.738335689185646
2021-01-13,0.0071721619155304,1.7508033142120307
2021-01-14,0.0097737863540694,1.7679152917531358
2021-01-15,0.0067606905411781,1.7798676199436954
2021-01-18,-0.0374179034475969,1.7132687051911382
2021-01-19,-0.0019471247148499,1.7099327573520815
2021-01-20,0.0248557696125504,1.7524344520217778
2021-01-21,0.0035702023704611,1.7586909976564638
2021-01-22,0.0059630329183899,1.7691781299687652
2021-01-25,-0.0192167719917884,1.7351802372322969
2021-01-26,-0.0282227712767802,1.6862086422729003
2021-01-27,-0.0564975069087238,1.5909420578565372
2021-01-28,0.0212743400149307,1.6247883001394308
2021-01-29,-0.0241221619284718,1.585594893663981
2021-02-01,0.0117276584130001,1.6041902089582696
2021-02-02,0.0288573514933143,1.650482889680312
2021-02-03,0.0027141788712403,1.654962595466826
2021-02-04,0.0095719058051514,1.6708037415416832
2021-02-05,-0.0202040374157776,1.6370467602331538
2021-02-08,0.0181762154393117,1.6668020748313788
2021-02-09,0.0296813631448021,1.7162750325049585
2021-02-17,0.0096376684437561,1.7328159222265382
2021-02-18,0.0047425002550816,1.7410338021797072
2021-02-19,0.0026647650114396,1.7456732481394897
2021-02-22,0.0050365918292892,1.7544654917576776
2021-02-23,-0.0071128359460952,1.74198626654172
2021-02-24,0.0028550497817779,1.74695972405187
2021-02-25,0.0040420459602184,1.754021015547138
2021-02-26,0.0138672471255663,1.778344458433167
2021-03-01,0.0057673420027657,1.7886007791236742
2021-03-02,0.0109686621772726,1.8082193368398884
2021-03-03,-0.0104249349153869,1.7893687679405883
2021-03-04,0.0092493658170392,1.805919294256856
2021-03-05,0.0129530476458143,1.8293114529198604
2021-03-08,0.0031514916935955,1.8350765127687363
2021-03-09,0.0055063338662923,1.8451810567182327
2021-03-10,0.0058886557726797,1.856046692799516
2021-03-11,0.0016881929977168,1.859180057829736
2021-03-12,0.0106796893985357,1.879035523383309
2021-03-15,0.0017586289827873,1.8823400497144176
2021-03-16,0.0062932215369435,1.894186032655132
2021-03-17,0.0037463855530962,1.901282383842748
2021-03-18,-0.0003126834909113,1.90068788422976
2021-03-19,0.0032206706720126,1.9068093739551488
2021-03-22,-0.0047247309281356,1.897800212731964
2021-03-23,-0.0137373487102437,1.87172946942729
2021-03-24,0.0008734419649856,1.8733643164929883
2021-03-25,-0.0061816497475595,1.8617838344388524
2021-03-26,0.0167430281954098,1.8929557336726208
2021-03-29,0.0069069220972553,1.90603023145865
2021-03-30,0.0021790832118826,1.9101836299373625
2021-03-31,0.0078233924194043,1.9251277460674845
2021-04-01,0.0023145515517233,1.9295835534794104
2021-04-02,0.0024656255669758,1.9343411840224856
2021-04-05,0.0029427974503115,1.94003355832686
2021-04-06,0.0070413356351233,1.9536939857544415
2021-04-07,-0.0001115173970599,1.9534761148864987
2021-04-08,0.0037501806641777,1.9608020032404792
2021-04-09,0.0089563803701429,1.978363691812039
2021-04-12,-0.0091650165213696,1.960231955891304
2021-04-13,0.0060592156503836,1.9721094240368224
2021-04-14,-0.0076487868536529,1.9570251794002844
2021-04-15,-0.0153514734091239,1.9269819593977349
2021-04-16,0.0072614871368358,1.9409747141088165
2021-04-19,-0.0037218414694125,1.9337507139267651
2021-04-20,-0.0237261025860785,1.8878703461122364
2021-04-22,0.0104355444758144,1.9075713010736617
2021-04-23,-0.0154501399899483,1.8780990574312657
2021-04-26,-0.000844447938994,1.8765131005529911
2021-04-27,0.0088651299676875,1.8931486330754617
2021-04-28,0.0040688400920049,1.900851552133844
2021-04-29,-0.0079882969618184,1.8856669854550647
2021-05-04,0.0128425746414212,1.9098838044646356
2021-05-05,-0.0043151656489573,1.9016423394781092
2021-05-06,-0.0088120073125744,1.8848850532767272
2021-05-07,-0.0018084155579986,1.8814763978213425
2021-05-10,0.0053319191961483,1.8915082779439856
2021-05-11,0.0103796277881059,1.9111414298271652
2021-05-12,-0.0019754102155232,1.9073661415233751
2021-05-13,0.001463077165606,1.910156765371488
2021-05-14,-0.0035812133328768,1.9033160864954548
2021-05-17,-0.0043141777157326,1.8951048426491004
2021-05-18,-0.0028576447073948,1.889689306325546
2021-05-19,-0.0046237526511811,1.8809518503855145
2021-05-20,0.0115613824548254,1.9026982541069333
2021-05-21,0.0108484544753661,1.9233395894969711
2021-05-24,0.0043388912537323,1.9316847508197967
2021-05-25,-0.000204916022329,1.9312889176642647
2021-05-26,-0.0046261752928848,1.9223544365899443
2021-05-27,0.0086036972269978,1.93889379212534
2021-05-28,0.0007409320425562,1.9403303806630392
2021-05-31,-0.003543256207063,1.9334552929980016
2021-06-01,0.00542403955047,1.9439424309762887
2021-06-02,0.0178487919923864,1.9786394550719584
2021-06-03,0.0091311746731799,1.996706757551466
2021-06-04,-0.0007487370913661,1.995211749141506
2021-06-07,-0.0127869922616879,1.969698991944805
2021-06-08,0.0022812606968075,1.9741923888396695
2021-06-09,-0.0005797809553635,1.9730477896903968
2021-06-10,0.0125609675945301,1.9978311790391572
2021-06-11,0.0052664001954776,2.0083525575509804
2021-06-14,0.0043511237571381,2.0170911480768496
2021-06-15,0.0024987757228809,2.0221314064685023
2021-06-16,0.0081204677224653,2.038552059285313
2021-06-17,0.0089074451328309,2.056710349903817
2021-06-18,0.0010139533975613,2.058795758350901
2021-06-21,0.0016069399043665,2.062104119409936
2021-06-22,-0.0081456537574173,2.0453069332414784
2021-06-23,-0.0040280697664785,2.037068294220519
2021-06-24,0.0039626821905024,2.045140548470864
2021-06-25,0.0051894184423879,2.055753638550374
2021-06-28,-0.0010080304798609,2.05368137622363
2021-06-29,-0.0023928057234215,2.048767315672518
2021-06-30,0.0032587915633877,2.0554438213161763
2021-07-01,0.0002802579944659,2.056019875879276
2021-07-02,-0.0087474864530348,2.038034869867852
2021-07-05,-0.0237421063101724,1.9896476293236107
2021-07-06,-0.0010189467123081,1.98762028441306
2021-07-07,-0.0017745577059631,1.9840931375208264
2021-07-08,-0.0128180001015901,1.95866103148252
2021-07-09,-0.035048802862825,1.890012307114992
2021-07-12,0.0119337458676874,1.912567233674904
2021-07-13,-0.0058916616909154,1.9012990345729608
2021-07-14,0.0134212186764263,1.9268167846852435
2021-07-15,0.0038378464089116,1.9342116115629784
2021-07-16,-0.0268213090915372,1.8823335240808077
2021-07-19,0.0133992006901197,1.9075552887357063
2021-07-20,0.0050262621633652,1.917143161708006
2021-07-21,0.015453931360579,1.9467705605374448
2021-07-22,-0.0066651480269953,1.9337950465768663
2021-07-23,0.0068532934750698,1.947047911551694
2021-07-26,0.0046632590456551,1.9561275003375616
2021-07-27,-0.000525315187227,1.955099916853482
2021-07-28,0.0069916966438942,1.9687693823806245
2021-07-29,0.0082846913022048,1.9850800289588804
2021-07-30,0.0061910229474638,1.9973697049707173
2021-08-02,0.0058802443967126,2.0091147269865357
2021-08-03,0.0062615668724546,2.021694933203994
2021-08-04,0.0092490890100881,2.040393769592443
2021-08-05,0.0030318807600516,2.0465800002053998
2021-08-06,0.0151075363163206,2.077498781882758
2021-08-09,0.0106872310534213,2.0997014913779406
2021-08-10,0.0065187323097135,2.11338888333054
2021-08-11,0.0033635612426549,2.1204973962691684
2021-08-12,0.0031552919115107,2.127188184551996
2021-08-13,0.0130850551351731,2.155022559229748
2021-08-16,-0.0012229418111402,2.1523870920381154
2021-08-17,0.0028339090486057,2.1584867612943444
2021-08-18,0.0066468302576461,2.172833856410044
2021-08-19,-0.0187355754414456,2.1321245637715465
2021-08-20,-0.0141573632741681,2.101939301776455
2021-08-23,-0.0052318569776071,2.090942255973949
2021-08-24,0.0087229841727636,2.1091815121789725
2021-08-25,0.0073083004425749,2.124596044357901
2021-08-26,0.0169780696168275,2.160667583906646
2021-08-27,0.0226093306180224,2.2095188316668346
2021-08-30,0.0064362443687226,2.223739834804737
2021-08-31,0.0084382363374935,2.2425042770839183
2021-09-01,0.0167487891274294,2.2800635083381557
2021-09-06,-0.0139114736119215,2.248344465008404
2021-09-07,-0.0036920004526107,2.240043576225968
2021-09-08,0.0096884440805098,2.2617461131521384
2021-09-09,0.0054241071485483,2.2740140664126884
2021-09-10,0.003188084015814,2.281263814309555
2021-09-13,0.0018571815223173,2.2855005353130218
2021-09-14,0.0106688973707275,2.30988430596502
2021-09-15,0.0052766454230548,2.322072746415876
2021-09-16,0.0120398161667138,2.3500300754084598
2021-09-17,-0.0007972272235974,2.348156567456071
2021-09-20,-0.0002044404889699,2.347676509179242
2021-09-21,0.019091013870695,2.392496033979888
2021-09-22,-0.0057278676430358,2.378792133360763
2021-09-23,-0.0103606419411087,2.354146319814686
2021-09-24,-0.0257392452827608,2.293552370257467
2021-09-27,0.0090675573845692,2.3143492879892915
2021-09-28,0.0046851911146372,2.325192456709546
2021-09-29,0.0077654109520545,2.343248531678513
2021-09-30,-0.0024181720862756,2.3375821534880017
2021-10-01,0.0103459775817274,2.3617667260434345
2021-10-04,0.0050464333690807,2.3736852244597246
2021-10-05,0.0101300053701795,2.3977306685306177
2021-10-06,0.0083619532884096,2.4177803803790576
2021-10-07,0.0007039744737145,2.419482436049892
2021-10-08,0.0025647516413162,2.4256878075988872
2021-10-11,0.0023778766609892,2.4314557940234227
2021-10-12,0.0054698119141686,2.4447553998943468
2021-10-13,0.0075127559783934,2.4631222506406125
2021-10-14,0.002654781550006,2.469661302147023
2021-10-15,0.000923169089602,2.471941217122952
2021-10-18,0.0035020464060981,2.4805980699784627
2021-10-19,0.0047455923156479,2.492369977117564
2021-10-20,0.0077225528120067,2.511617435892914
2021-10-21,0.008922338834618,2.534026937678885
2021-10-22,0.005334993861426,2.5475459558360902
2021-10-25,0.0065556618157668,2.5642468055826764
2021-10-26,0.0146295737404523,2.6017606433136677
2021-10-27,0.0117610898275145,2.632360183949371
2021-10-28,0.0094513902628031,2.6572396473601407
2021-10-29,0.006571290945758,2.674701142195548
2021-11-01,0.0179108062027466,2.7226071960036773
2021-11-02,-0.0233361602834244,2.6590719980889306
2021-11-03,0.0053193738130048,2.6732165960424594
2021-11-04,0.011681367462187,2.7044434214068485
2021-11-05,0.0109828263471315,2.734145853869802
2021-11-08,0.0046001511664656,2.7467233381087683
2021-11-09,0.0123824406630721,2.780734476860776
2021-11-10,0.0084083341500821,2.804115821524875
2021-11-11,0.009841342542803,2.831712085854195
2021-11-12,0.0086373154484221,2.8561704763988267
2021-11-15,-0.0029943192679023,2.847618190108932
2021-11-16,0.0052020836489834,2.862431738134245
2021-11-17,0.0079011766874566,2.8850483170530272
2021-11-18,-0.0175971292331501,2.834279748973963
2021-11-19,-0.0289027549711519,2.75236125586967
2021-11-22,0.0112039679887965,2.7831986232740373
2021-11-23,0.0064627795840099,2.801185822514777
2021-11-24,0.0093297090566745,2.827320071252522
2021-11-25,-0.0037040575465335,2.8168475150061334
2021-11-26,0.004778561439213,2.830307993921485
2021-11-29,0.0055758600556283,2.8460893952099173
2021-11-30,0.0023452591842174,2.8527642125031374
2021-12-01,0.0020210013584117,2.858529652851835
2021-12-02,-0.0218291191164018,2.796130468561965
2021-12-03,-0.0293469221549732,2.7140726453659285
2021-12-06,0.0217728931767704,2.7731658591474755
2021-12-07,0.0014109604588783,2.777078686520644
2021-12-08,0.0113353226126473,2.808557769353062
2021-12-09,0.0018807348506368,2.8138399218299117
2021-12-10,0.016173929170158,2.859350769421751
2021-12-13,0.0022770710613169,2.865861714312955
2021-12-14,-0.0020602037568605,2.8599574552424847
2021-12-15,0.0056199480334922,2.876030267518946
2021-12-16,0.0015082954109722,2.880368170773262
2021-12-17,-0.0029426593589929,2.8718922284181905
2021-12-20,0.0073902929180628,2.8931163532153086
2021-12-21,0.0053666981598715,2.9086428354244034
2021-12-22,-0.0057917963756054,2.891796568392261
2021-12-23,0.0028111261262269,2.899925773277402
2021-12-24,0.005448138965902,2.9157249718810183
2021-12-27,0.0065849870021256,2.9349249829226283
2021-12-28,9.445441783296086e-05,2.9352021995532738
2021-12-29,0.0008852766516721,2.9378006655284747
2021-12-30,0.001006960951539,2.9407589160820677
2021-12-31,0.0127081912627795,2.9781306428453624
2022-01-04,0.0056064882659749,2.994827497349016
2022-01-05,0.0059965358600897,3.012786087831652
2022-01-06,0.0048414297306185,3.0273722799692737
2022-01-07,-0.0036435865533748,3.0163417870379177
2022-01-10,-0.0116912321509154,2.98107703495915
2022-01-11,-0.0082124171751533,2.9565951867167968
2022-01-12,-0.0211336099990503,2.8941116571156544
2022-01-13,-0.0021186775165945,2.887979967817209
2022-01-14,-0.0333742720589906,2.7915957386703623
2022-01-17,-0.0224396499701757,2.728953307436365
2022-01-18,-0.0013534641299355,2.725259767022481
2022-01-19,0.0246048914739631,2.792314487828427
2022-01-20,0.0038046171532432,2.802938175426069
2022-01-21,-0.0300986133852389,2.718573622941193
2022-01-24,0.0077192542740705,2.739558983999457
2022-01-25,-0.0059250241565473,2.723327030840974
2022-01-26,-0.0079242993493076,2.701746572222529
2022-01-27,0.0097855933051911,2.7281847653919926
2022-01-28,0.0248782971037171,2.796057356539249
2022-02-07,0.007353715159797,2.8166187659096944
2022-02-08,0.0110178080351469,2.8476517307806795
2022-02-09,0.0037509917126582,2.858333248823375
2022-02-10,0.0004538999893213,2.8596306462544927
2022-02-11,-0.0044980069482952,2.8467680077380817
2022-02-14,0.0063180757121133,2.864754103545793
2022-02-15,0.0093208111428575,2.891455935515669
2022-02-16,0.0078481286045241,2.9141484535519115
2022-02-17,0.0083045998870951,2.9383492904702573
2022-02-18,0.0103139635163249,2.968655317850387
2022-02-21,-0.0050980090426997,2.953521086195327
2022-02-22,0.0094966586554491,2.981569667782596
2022-02-23,-0.0157972635630478,2.934469025909045
2022-02-24,0.0092510218310834,2.961615862930368
2022-02-25,0.0043915473946991,2.97462193935732
2022-02-28,0.0079224880199263,2.998188346035688
2022-03-01,-0.0019590732220676,2.9923146755322545
2022-03-02,0.0156802483309825,3.039234912729044
2022-03-03,0.0059291336335685,3.057254942670421
2022-03-04,0.0050835902491485,3.072796774086142
2022-03-07,-0.0132450012156458,3.0320975770779386
2022-03-08,0.0050102617374633,3.047289179552628
2022-03-09,0.0099840433224127,3.0777134467372007
2022-03-10,-0.0059265429731444,3.059473245736088
2022-03-11,-0.0140025228301846,3.0166329017643294
2022-03-14,0.003367136123657,3.0267903153796727
2022-03-15,0.0080894126114784,3.051275271129206
2022-03-16,0.0043947601318184,3.064684894041968
2022-03-17,0.0031890854781027,3.074458436132518
2022-03-18,0.0101504947965524,3.105665710490698
2022-03-21,0.0041661507974845,3.11860438216718
2022-03-22,0.0042335412706468,3.1318071225259048
2022-03-23,0.0069602084814577,3.1536051530223994
2022-03-24,0.0075299937320973,3.177351780058168
2022-03-25,-0.0040025299086424,3.164634334528207
2022-03-28,0.0138720224875332,3.208534213181602
2022-03-29,-0.012347989566665,3.168915266192948
2022-03-30,-0.0042498705660663,3.155447786476796
2022-03-31,0.0085538928304184,3.1824391486743
2022-04-01,0.0023152618040379,3.189807328478901
2022-04-04,0.0002714333643201,3.190673148613603
2022-04-05,-0.0079942042210004,3.1651662558611235
2022-04-06,-0.0137930576438015,3.1215089352418155
2022-04-07,-0.0173446779438354,3.067367368061241
2022-04-08,-0.024276196975827,2.9929033536369625
2022-04-12,0.0143781719571271,3.0359358327066173
2022-04-13,0.0017073240378032,3.041119158931026
2022-04-14,-0.0039928111814058,3.0289765443492587
2022-04-15,-0.0215029725634499,2.963844544820783
2022-04-18,-0.0235342497627942,2.894092687044876
2022-04-19,-0.027083555301579,2.8157103677074
2022-04-20,-0.0221481232051807,2.753347667573312
2022-04-21,-0.0071711352881819,2.733603038953744
2022-04-22,-0.0456128310122739,2.608915665483309
2022-04-25,0.0203709275698505,2.662061697540717
2022-04-26,0.0180260089326411,2.710048045479828
2022-04-27,0.0072507825301717,2.72969801450392
2022-04-28,0.0185922483580569,2.7804492379320718
2022-04-29,-0.0055461260294282,2.765028516040072
2022-05-04,-0.0057462315137419,2.7491400220448075
2022-05-05,-0.0240069871172239,2.683141452952133
2022-05-06,-0.0502125086034565,2.548414189661483
2022-05-09,0.0098243289514809,2.5734506489653395
2022-05-10,0.0107455386369647,2.6011037623441187
2022-05-11,-0.0420487243069625,2.4917306673475075
2022-05-12,-0.0474927827490491,2.3733914440940294
2022-05-13,-0.0048264530277263,2.361936381772701
2022-05-16,0.044100972170106,2.46610007241282
2022-05-17,0.008934975652593,2.488134616516687
2022-05-18,-0.0027206569643356,2.4813652557440564
2022-05-19,0.0045459138980689,2.492645328546329
2022-05-20,-0.0104208642575549,2.4666698099353197
2022-05-23,0.0016680119007184,2.470784244533434
2022-05-24,0.0270600758708546,2.537643853651021
2022-05-25,0.0075787039080768,2.556875905041993
2022-05-26,0.0097819397944621,2.5818871112070254
2022-05-27,0.0107614021241589,2.609671836649907
2022-05-30,-0.0024876712928069,2.6031798309382266
2022-05-31,-0.0004812370639226,2.6019270843195232
2022-06-01,-0.0065030281385055,2.5850066792758537
2022-06-02,-0.003177314511205,2.5767933000422287
2022-06-03,-0.0074111318717199,2.557696345089451
2022-06-06,-0.0002444126764987,2.5570712116800767
2022-06-07,0.0196008586609948,2.6071920030863165
2022-06-08,0.0040375526776136,2.6177186781394304
2022-06-09,-0.0191075270389526,2.56770054771651
2022-06-10,-0.0431475487753448,2.456910563093432
2022-06-13,-0.0071183879617875,2.439421320517919
2022-06-14,-0.0243303281903575,2.3800693991951625
2022-06-15,0.0074342577781442,2.3977634486386523
2022-06-16,-0.0237240496337941,2.3408787895730514
2022-06-17,-0.0330628309262326,2.2634827099345936
2022-06-20,-0.0206813466350788,2.2166708394079286
2022-06-21,0.0053382471527347,2.2285039762049483
2022-06-22,0.0231765281286853,2.280152961294349
2022-06-23,0.0025635576147633,2.2859982647811004
2022-06-24,0.0154004997099613,2.3212037803948338
2022-06-27,0.0132099658921996,2.3518668031626944
2022-06-28,-0.0022048628725211,2.3466812593672857
2022-06-29,-0.01564237264351,2.3099735966327213
2022-06-30,-0.0005044460037436,2.3088083396831465
2022-07-01,-0.0004447156374705,2.307781576510567
2022-07-04,-0.0156471666840529,2.27167133351252
2022-07-05,-0.020411255167752,2.2253036702669284
2022-07-06,0.004293547213262,2.234858116639065
2022-07-07,0.0156634378078157,2.2698636777583334
2022-07-08,-0.0055832755632472,2.257190403354403
2022-07-11,0.0233112196228033,2.3098082645774816
2022-07-12,0.0061881249149249,2.324101646648213
2022-07-13,0.0049993399896434,2.3357206209502976
2022-07-14,0.0034454985884184,2.3437683430527216
2022-07-15,0.0052163540823717,2.3559942686171382
2022-07-18,0.0029647527520818,2.36297920910891
2022-07-19,0.0147919850130079,2.397932362156098
2022-07-20,-0.0027732649229249,2.391282260448584
2022-07-21,-0.0010158858878271,2.3888529905463827
2022-07-22,-0.0052457424287497,2.376321683057828
2022-07-25,-0.0033953859812578,2.3682531537282148
2022-07-26,0.0056810879794521,2.381707408252159
2022-07-27,0.0137350799023888,2.414420349808614
2022-07-28,-0.0005073014664903,2.413195510824432
2022-07-29,0.0129170265537327,2.4443668213171
2022-08-01,0.0060701332385174,2.459204453606306
2022-08-02,0.01241255406394,2.4897294618409767
2022-08-03,0.0023421430474532,2.495560764390067
2022-08-04,0.0032866518890878,2.503762803890683
2022-08-05,0.0080209624938194,2.52384539143411
2022-08-08,0.0056457152370038,2.538094303816372
2022-08-09,0.0040567099146388,2.5483906161429526
2022-08-10,-0.0071224005068246,2.5302399575269487
2022-08-11,0.0059952169530315,2.545409295015552
2022-08-12,0.00452218407967,2.556920104405716
2022-08-15,0.0006594515545662,2.558606269343468
2022-08-16,-0.0026710396273407,2.5517721306072887
2022-08-17,-0.0063004348212116,2.535694856619813
2022-08-18,-0.0039843618166734,2.5255917308543623
2022-08-19,-0.0076892968797404,2.506171706238806
2022-08-22,0.0112885823160557,2.5344628318428524
2022-08-23,0.0076585031277838,2.553873023367773
2022-08-24,0.0059024752609572,2.568947195707828
2022-08-25,-0.0071653343785873,2.5505398300496465
2022-08-26,-0.0122007380005259,2.519421361823305
2022-08-29,0.0014907277034078,2.5231771330439323
2022-08-30,0.0061409369613236,2.5386718047602086
2022-08-31,-0.0010221948012867,2.5360767876392094
2022-09-05,-0.0014024940122758,2.5325199551298736
2022-09-06,-0.0211669361879741,2.4789142668448685
2022-09-07,-0.0066586064289708,2.4624081523707875
2022-09-08,0.00849711694958,2.483331522419081
2022-09-09,0.0030227285439309,2.490837959495941
2022-09-12,0.0005606231109802,2.492234380821741
2022-09-13,-0.0040320616317918,2.482185538197397
2022-09-14,0.0025174207907088,2.488434243677652
2022-09-15,-0.0110432853065908,2.4609537543580293
2022-09-16,-0.0259923252411811,2.396987843971249
2022-09-19,0.0083506655773114,2.4170042878491347
2022-09-20,-0.0031688812421151,2.4093450882992578
2022-09-21,0.0068172509033208,2.4257701982788777
2022-09-22,-0.0027943594897628,2.418991724305333
2022-09-23,-0.0269987126461304,2.353682061847446
2022-09-26,-0.0038000486574186,2.344737955488332
2022-09-27,-0.0165672789944388,2.3058920276109065
2022-09-28,-0.0138493190364821,2.273956993256842
2022-09-29,-0.0014448771510325,2.270671404754855
2022-09-30,-0.0385923695026613,2.183040814883429
2022-10-03,-0.0118133519398607,2.1572517854381306
2022-10-04,0.0226630121136646,2.2061416087837395
2022-10-05,-0.027270871005867,2.145978205549922
2022-10-06,-0.0366062774409408,2.067421931975349
2022-10-07,0.0096222872696325,2.0873152597123545
2022-10-10,-0.0343471592417732,2.015621910099231
2022-10-11,0.0173706328417825,2.050634538247417
2022-10-12,0.0053484460923825,2.061602246530411
2022-10-13,0.0132913194963051,2.089003660663347
2022-10-14,-0.0011792849478089,2.086540130090409
2022-10-17,0.0102641908066315,2.107956776111351
2022-10-18,-0.0018853739685265,2.1039824892788914
2022-10-19,-0.0082260996241022,2.0866749197147167
2022-10-20,-0.0407054115547758,2.0017359583267003
2022-10-21,-0.0380453831548513,1.9255791468173171
2022-10-24,-0.0100454060537368,1.9062359223989291
2022-10-25,-0.0091233864990644,1.888844595320483
2022-10-26,0.0307847775358939,1.9469922559873
2022-10-27,0.0020520310652246,1.9509875445803384
2022-10-28,-0.0070145401289109,1.937302264157874
2022-10-31,0.0057266075286958,1.94839643388916
2022-11-01,-0.0015597475987123,1.9453574272300616
2022-11-02,-0.0044985372129538,1.9366061644511712
2022-11-03,-0.0283118273577167,1.8817773050633395
2022-11-04,-0.0355143724604141,1.8149471649637656
2022-11-07,-0.0047987293781989,1.8062377246833756
2022-11-08,0.0026133463554788,1.8109580494583053
2022-11-09,-0.0451285321281287,1.7292321709406329
2022-11-10,-0.0159412896330622,1.7016659800608591
2022-11-11,-0.0371383386383186,1.638468932644053
2022-11-14,-0.0454189493777602,1.5640513951352597
2022-11-15,0.0390313817964241,1.625098482288014
2022-11-16,0.0280183864156204,1.670631119528198
2022-11-17,0.0150707410904201,1.6958087685882062
2022-11-18,0.0125931803956045,1.7171643943274857
2022-11-21,0.0079850013069424,1.7308759542604255
2022-11-22,-0.0155435807537593,1.7039719440906385
2022-11-23,-0.0006656984529305,1.7028376126036202
2022-11-24,0.0262443945898959,1.747527554831306
2022-11-25,0.0351804268100762,1.8090063200726405
2022-11-28,0.0200343838581764,1.845248647090843
2022-11-29,0.0167081791521177,1.8760793920666397
2022-11-30,0.0109903435595884,1.8966981491305157
2022-12-01,0.0177609524490726,1.9303853147674663
2022-12-02,0.0113945857046113,1.9523812556795077
2022-12-05,-0.0232025301144745,1.907081070799668
2022-12-06,-0.0201733459226773,1.8686088646558363
2022-12-07,0.0163240420804177,1.89911211439432
2022-12-08,0.0025488046812285,1.903952580241666
2022-12-09,-0.0036674583941055,1.89696991336928
2022-12-12,0.0047615024825531,1.9060023403211164
2022-12-13,0.0075601648196018,1.9204120321604907
2022-12-14,0.0033939101395419,1.9269297380285384
2022-12-15,0.0028575063297782,1.9324359519519927
2022-12-16,-0.0050084402763244,1.9227574618988197
2022-12-19,-0.0226018680294359,1.8792995514923687
2022-12-20,-0.0135458887549721,1.8538427688305843
2022-12-21,0.0020189868556629,1.8575856530133192
2022-12-22,-0.0013155591941113,1.8551418891286484
2022-12-23,-0.0319798040123763,1.7958148150991646
2022-12-26,0.000483782600191,1.796683599059875
2022-12-27,0.0157877661181471,1.8250492195101435
2022-12-28,-0.0006035086321753,1.823947786552024
2022-12-29,0.0044350271172902,1.832037044445904
2022-12-30,0.0269398239125661,1.8813917998245744
2023-01-03,0.0010645297104063,1.8833945972924029
2023-01-04,0.0051070980330478,1.893013278135688
2023-01-05,-0.0077727221659207,1.8782994118683405
2023-01-06,0.0013029764244317,1.880746791720029
2023-01-09,0.0030771025849539,1.8865340425344743
2023-01-10,0.0044708341526679,1.8949684233620083
2023-01-11,0.0015251930547021,1.8978586160402
2023-01-12,-0.0010314185256254,1.8959011295045975
2023-01-13,-0.0007147389477794,1.8945460551262017
2023-01-16,0.0174658751826109,1.927635960052744
2023-01-17,0.013599581470885,1.9538510023376887
2023-01-18,0.0074127214451684,1.9683343555633817
2023-01-19,0.0142781956198054,1.9964386185372995
2023-01-27,0.0076425528388489,2.011696506168989
2023-01-30,0.0074253441929486,2.026634045139046
2023-01-31,-0.0202117340825724,1.9856722567360072
2023-02-01,-0.0036612567763094,1.978402200730503
2023-02-02,0.0017243340762834,1.9818136270618167
2023-02-03,0.0015476469187309,1.9848807748152384
2023-02-06,-0.0136121215321841,1.9578623364815573
2023-02-07,0.00366742154883,1.9650426430040129
2023-02-08,0.0041983158111919,1.9732925126018035
2023-02-09,-0.009941143560989,1.953675728446204
2023-02-10,-0.0219096012858865,1.9108714721940332
2023-02-13,0.002054572233885,1.9147974956633265
2023-02-14,0.0135822570212348,1.9408047673930429
2023-02-15,0.0122366871657733,1.964553788181473
2023-02-16,-3.337117222772541e-05,1.964488228718657
2023-02-17,0.0228469611838645,2.009370815026351
2023-02-20,0.0019016561055255,2.013191947305011
2023-02-21,-0.0167221161420329,1.9795271177459708
2023-02-22,-0.0035946110194804,1.9724114877551608
2023-02-23,-0.0087988498482134,1.955056535235512
2023-02-24,-0.017045701101528,1.9217312258992985
2023-02-27,0.0001883644689776,1.9220932117811824
2023-02-28,0.0137915656158854,1.9486018864313104
2023-03-01,-0.0022689073843293,1.944180689222068
2023-03-02,-0.0075725000492992,1.929458380857087
2023-03-03,0.0045959822920855,1.9383261374088223
2023-03-06,0.0010594883318407,1.9403797713347088
2023-03-07,0.0066833018162884,1.9533479149847597
2023-03-08,0.0077048290819216,1.9683981268072448
2023-03-09,-0.0036047825183652,1.961302479650548
2023-03-10,-0.00679605036683,1.947973369214254
2023-03-13,-0.0143616930630071,1.919997173590687
2023-03-14,0.0220775932152478,1.962386090163648
2023-03-15,-0.0127209107222571,1.937422751908077
2023-03-16,0.0016554398011407,1.9406300386432211
2023-03-17,-0.0127055877478257,1.9159731934011732
2023-03-20,0.0058388312497994,1.9271602375565824
2023-03-21,-0.0019244118419713,1.923451587574052
2023-03-22,-0.0023779413554694,1.918877732498716
2023-03-23,0.0056757380958227,1.929768779946285
2023-03-24,0.0033896039342863,1.936309931795054
2023-03-27,0.0041049928311702,1.944258470183997
2023-03-28,-0.0017082206229001,1.94093724776898
2023-03-29,0.0027865431195589,1.9463457531022468
2023-03-30,-0.0009525766349778,1.944491709614253
2023-03-31,0.0155953061096582,1.9748166530533804
2023-04-03,0.0087821852059938,1.992159858648376
2023-04-04,0.0066395618540118,2.005386927252951
2023-04-05,0.0083137870304393,2.022059287079759
2023-04-06,-0.0033164978670701,2.01535313176707
2023-04-07,-0.0014301843013817,2.012470805356276
2023-04-10,0.0020625566864537,2.016621640472156
2023-04-11,0.0068516746656951,2.030438875876472
2023-04-12,-0.002675032702036,2.025007385484017
2023-04-13,-0.0107348354995191,2.0032692643155348
2023-04-14,-0.0052908005258117,1.992670366238552
2023-04-17,0.0043124405317773,2.0012636386923903
2023-04-18,-0.0027891675146225,1.9956817791631545
2023-04-19,0.001948171052139,1.9995697086346007
2023-04-20,-0.0013100063784801,1.996950259562074
2023-04-21,0.0012306025320118,1.999407711607793
2023-04-24,-0.003113170079771,1.993183215342752
2023-04-25,0.0056357877139548,2.004416372819442
2023-04-26,0.0070807165119928,2.018609076927373
2023-04-27,0.0039658517822772,2.026614581332827
2023-04-28,-0.0038783547953987,2.0187546509528898
2023-05-04,0.0021550640535641,2.023105196534124
2023-05-05,0.0096642785787855,2.042657048747618
2023-05-08,0.0022556095516133,2.0472644854974438
2023-05-09,0.0119882321051372,2.071807567330191
2023-05-10,0.0056919164764102,2.083600122958629
2023-05-11,0.003236005398837,2.090342664205541
2023-05-12,0.0008281126089521,2.0920737033228005
2023-05-15,-2.7056453701084734e-05,2.092017099227508
2023-05-16,0.0026103937499343,2.0974780875880867
2023-05-17,0.0016939539739518,2.101031118929834
2023-05-18,-0.0019778922889981,2.096875505680757
2023-05-19,0.0080517563217289,2.1137590362895016
2023-05-22,0.0001198655952577,2.114012403274617
2023-05-23,0.0032844900096679,2.120955855893487
2023-05-24,0.001110447659075,2.123311066358666
2023-05-25,0.0086961158620633,2.141775625402922
2023-05-26,0.0167892774215427,2.17773449055251
2023-05-29,0.0060339111188227,2.1908747469088983
2023-05-30,0.0091436666348284,2.210907375233297
2023-05-31,0.0095014350238816,2.231914168002897
2023-06-01,0.002288707988547,2.2370223677889567
2023-06-02,0.0025846092366194,2.2428041964632683
2023-06-05,0.0072279945855391,2.259015173051729
2023-06-06,0.0079762910521552,2.2770337355632244
2023-06-07,-0.0032025251561064,2.2697414777437803
2023-06-08,0.0027376687410081,2.275955278037569
2023-06-09,0.0085980395654883,2.2955240315674184
2023-06-12,0.0067998686844982,2.3111332935441866
2023-06-13,-0.0098735739582856,2.2883141480429217
2023-06-14,-0.0035906649959434,2.2800975785318216
2023-06-15,-0.0048420747840312,2.2690571755416817
2023-06-16,-0.01087610498436,2.244378671484975
2023-06-19,0.0133079018497971,2.274246642558875
2023-06-20,0.0097947401589494,2.2965222974801027
2023-06-21,0.0065724438375681,2.3116160613020136
2023-06-22,0.0025483749801207,2.317506925836281
2023-06-23,-0.0033159006029451,2.3098223032235707
2023-06-26,0.0035901803767283,2.318114981930333
2023-06-27,0.0003286063553393,2.3188767292458032
2023-06-28,-0.0111318413253664,2.293063361442754
2023-06-29,-0.0019487591953749,2.288594733131565
2023-06-30,0.0050406317151411,2.300130696326493
2023-07-03,0.008175472201332,2.318935350893741
2023-07-04,0.0006476012248179,2.3204370962672534
2023-07-05,-0.007612881955894,2.3027718825672934
2023-07-06,0.0070325061998636,2.31896614010832
2023-07-07,0.0102551289131182,2.3427474368202867
2023-07-10,0.002724914450483,2.3491312231647106
2023-07-11,0.0008086892145792,2.3510309402485148
2023-07-12,0.009575817968872,2.373543984571521
2023-07-13,0.0041008499037581,2.3832775321922166
2023-07-14,0.0066666237629855,2.399165946822119
2023-07-17,-0.0013389135423276,2.395953671045627
2023-07-18,-0.0013884277257765,2.3926270625390718
2023-07-19,0.0052415779809667,2.405168203866741
2023-07-20,0.0073797956066048,2.4229178536107825
2023-07-21,0.0075890552742937,2.441305511126908
2023-07-24,-0.00136642744467,2.43796964427568
2023-07-25,5.812596228751889e-05,2.4381113536072814
2023-07-26,-0.0004661929675064,2.436974723240232
2023-07-27,0.0072498111393788,2.4546423297351634
2023-07-28,0.0047526484369438,2.466308381766835
2023-07-31,-0.009226761887623,2.443552341586824
2023-08-01,0.0058979188909484,2.45796421510329
2023-08-02,-0.0009804216022998,2.4555543738891226
2023-08-03,0.0107363940394598,2.4819181732325157
2023-08-04,0.0070632621830683,2.4994486120069785
2023-08-07,0.0037537318766468,2.5088308719359094
2023-08-08,0.0032609089994999,2.5170119411044283
2023-08-09,-0.0053845076579451,2.503459071032412
2023-08-10,-0.0006601068782948,2.501806520480093
2023-08-11,0.0080615391442759,2.5219749316763487
2023-08-14,0.0032921847140514,2.5302777389956344
2023-08-15,-0.0006522473981965,2.52862737192366
2023-08-16,-0.0087337537945436,2.5065429630191343
2023-08-17,-0.0463622231985374,2.3903340587109176
2023-08-18,-0.0080783588292305,2.37102408246292
2023-08-21,0.0028495201873555,2.377780363450604
2023-08-22,-0.0011358140290809,2.375079647155724
2023-08-23,0.0144643481998625,2.409433626174591
2023-08-24,-9.018270632201174e-05,2.4092163369294792
2023-08-25,0.008386091799542,2.4294202462959262
2023-08-28,0.0046008823731558,2.440597723084097
2023-08-29,0.0043880012976615,2.45130706906006
2023-08-30,0.0092956299730128,2.474093512524272
2023-08-31,0.0104624330538274,2.4999785502679663
2023-09-05,0.007925711994046,2.519792660248683
2023-09-06,0.0022097845644058,2.525360859174804
2023-09-07,0.0056623932150977,2.539660445369469
2023-09-08,-0.0142722130819975,2.503413870337235
2023-09-11,0.0085304510156551,2.5247691197300584
2023-09-12,-0.0030086706302293,2.5171729210314164
2023-09-13,-0.0112286148866067,2.48890855569816
2023-09-14,-7.330532371102195e-05,2.488726105450797
2023-09-15,-0.0052396688464336,2.475686004808761
2023-09-18,-0.0012503202220268,2.472590604533559
2023-09-19,0.0153994973415451,2.5106672569748034
2023-09-20,-0.0020023348824124,2.505640060348032
2023-09-21,-0.0193518514309372,2.4571512861607725
2023-09-22,-0.0348375652046163,2.37155011801154
2023-09-25,-0.0122418359757927,2.3425179904584703
2023-09-26,0.0105713631361784,2.367281598788637
2023-09-27,-0.0020547659157885,2.362417389246373
2023-09-28,0.0054493711597422,2.375291078434606
2023-09-29,0.0065758669061972,2.3909106764298698
2023-10-02,-0.0273874335848734,2.325429769071782
2023-10-03,0.0086733532804019,2.345599042987705
2023-10-04,-0.0070017803503681,2.3291756736986717
2023-10-05,0.0082261666831636,2.3483358610248866
2023-10-06,0.0091431646701471,2.369807082503049
2023-10-09,0.0065140598382457,2.3852441476435726
2023-10-10,0.0069008102982091,2.4017042650213742
2023-10-11,0.0020285563654652,2.406576257496148
2023-10-12,0.0016996847784313,2.410666678529149
2023-10-13,-0.0095140775287077,2.38773140885375
2023-10-16,-0.0158260569064707,2.3499430356998627
2023-10-17,-0.0239393668447235,2.29368688730404
2023-10-18,-0.0126394125264027,2.264696032529004
2023-10-19,0.0172991960061737,2.303873453090127
2023-10-20,-0.0080654760327256,2.285291616971796
2023-10-23,0.0063134549850515,2.299719702723263
2023-10-24,-0.0033458096016986,2.292025278460676
2023-10-25,-0.0398028001221668,2.200796254427152
2023-10-26,0.0074947427848902,2.217290656276033
2023-10-27,-0.0167357140353582,2.1801827139193253
2023-10-30,-0.0217778675179032,2.132702983610768
2023-10-31,0.0059777608722149,2.145451772058252
2023-11-01,0.03536699600231,2.221329956303785
2023-11-02,0.0015664177947263,2.224809487075298
2023-11-03,0.004090177987185,2.233909353865014
2023-11-06,-0.0052222218592473,2.222243383605683
2023-11-07,0.0260919843652671,2.280226123226541
2023-11-08,0.0074147586816073,2.297133449669763
2023-11-09,-0.0044246466398914,2.2869694458703
2023-11-10,-0.000832760612265,2.285064947794325
2023-11-13,0.0057826229038878,2.298278616698312
2023-11-14,0.0053590671160951,2.310595246056684
2023-11-15,0.004735762570265,2.321537676537991
2023-11-16,-0.0072042593081211,2.3048127171226382
2023-11-17,0.0013247076058918,2.3078659200591667
2023-11-20,0.005691683168166,2.321001561670752
2023-11-21,0.0063995643253088,2.3358549604638057
2023-11-22,-0.0148371601771942,2.3011975062647103
2023-11-23,-0.0001228441458979,2.3009148176225107
2023-11-24,-0.0072309472374316,2.2842770239784578
2023-11-27,0.0021746105006348,2.28924443678116
2023-11-28,0.0084362912541769,2.3085571696018503
2023-11-29,-0.0020362222083732,2.303856434223808
2023-11-30,0.002910772001525,2.31056243502808
2023-12-01,0.0167991059304029,2.3493778181329263
2023-12-04,-0.0014152058355563,2.346052964934778
2023-12-05,0.0103812055786227,2.3704078230621035
2023-12-06,-0.0035371594765756,2.3620233125674104
2023-12-07,0.0001828131206365,2.362455121420197
2023-12-08,-9.5873962964608e-05,2.3622286234853807
2023-12-11,0.0009004243138762,2.3643556315729013
2023-12-12,-0.0098282515996145,2.341118149554837
2023-12-13,-0.0035969005896519,2.3326973803022586
2023-12-14,-0.0018277510362707,2.328433790248105
2023-12-15,-0.0043085530353029,2.31840160977363
2023-12-18,0.0025343978538474,2.3242773618377965
2023-12-19,0.0050415523910079,2.3359953279287358
2023-12-20,0.0016280513100708,2.339798448182689
2023-12-21,0.0001708779938799,2.340198268247598
2023-12-22,0.0087481224939429,2.360670609358341
2023-12-25,0.0019464327269645,2.3652654958899797
2023-12-26,0.0014605711803993,2.368720134507269
2023-12-27,0.0049551314587656,2.3804574541627783
2023-12-28,0.0032767000864086,2.388257499308525
2023-12-29,0.0007873249338079,2.390137833986085
2024-01-02,0.0110700839881336,2.4165968605515267
2024-01-03,-0.0003973495132838,2.4156366269651834
2024-01-04,-0.000801358205938,2.4137008367316004
2024-01-05,0.0013228290231845,2.416893750251714
2024-01-08,-0.0014921908147874,2.4132872835972714
2024-01-09,-0.0044622188125092,2.4025186676804147
2024-01-10,0.0019546125759646,2.4072146608822527
2024-01-11,-0.0099799777494658,2.38319071212846
2024-01-12,-0.0025826954765981,2.377035656256375
2024-01-15,0.0050272999203913,2.38898572742184
2024-01-16,0.0005674746151662,2.390341416178146
2024-01-17,0.0023200656619644,2.395887165218192
2024-01-18,0.0025936014253083,2.40210114158478
2024-01-19,0.0012733033314983,2.4051597449709554
2024-01-22,-0.0005148502911019,2.4039214477761104
2024-01-23,-0.0002876618112516,2.4032299313783363
2024-01-24,0.0011488510873096,2.4059908846980558
2024-01-25,0.0024700652933709,2.4119338392785146
2024-01-26,0.0026290375509979,2.4182749039125
2024-01-29,0.0057438320092061,2.432165068712653
2024-01-30,-0.0080092958182276,2.4126851391985733
2024-01-31,0.0061119304842129,2.427431303049649
2024-02-01,-0.0019352455901492,2.422733627325032
2024-02-02,0.0007510580236196,2.4245532408549275
2024-02-05,0.0015048567179164,2.4282018460873744
2024-02-06,0.0071007952050971,2.44544401011308
2024-02-07,0.00669990736556,2.461828258448501
2024-02-15,0.0045918130448023,2.473132513559708
2024-02-16,0.0051204511897457,2.4857960678811635
2024-02-19,0.0026845101267959,2.4924692125985395
2024-02-20,0.0012883040284656,2.495680270725957
2024-02-21,0.0040045763482032,2.505674412910784
2024-02-22,-0.0119415207147663,2.47575285000455
2024-02-23,0.0058781380705821,2.4903056670855137
2024-02-26,0.0087498336344087,2.5120954273713374
2024-02-27,0.0031547544632575,2.520020471632966
2024-02-28,-0.0009802757506484,2.5175501566734866
2024-02-29,0.0045700634311337,2.529055520580545
2024-03-01,0.0050787438289593,2.5418999456987885
2024-03-04,0.0034902151742805,2.5507717234607696
2024-03-05,-0.0053448381885905,2.5371382613428395
2024-03-06,0.0041028804840081,2.547547836400533
2024-03-07,-0.0072855498445483,2.5289875496570664
2024-03-08,-0.0041474508361598,2.518498698129604
2024-03-11,0.0033478388724801,2.5269302259714923
2024-03-12,0.0130692105171459,2.5599552090568527
2024-03-13,0.001842952770842,2.564673085602616
2024-03-14,0.0048287116283378,2.5770571523539503
2024-03-15,-0.0108389079610654,2.5491246670691803
2024-03-18,0.0002553199701123,2.549775509502989
2024-03-19,0.0052324989219159,2.563117207107591
2024-03-20,0.0082307635713145,2.584213618844862
2024-03-21,-0.0002732002227216,2.583507611108633
2024-03-22,-0.0061140706962311,2.5677118629300635
2024-03-25,0.0091257738430677,2.591144220685325
2024-03-26,0.0052882088823728,2.6048467325686624
2024-03-27,0.0015093236885188,2.608778289447089
2024-03-28,-0.0019767194799648,2.603621466583429
2024-03-29,-0.0011736529760279,2.600565718500724
2024-04-01,0.0033854334375441,2.6093697606406665
2024-04-02,-0.0042462087850594,2.598289831839565
2024-04-03,-0.0042531753532312,2.5872388495662344
2024-04-04,-0.0077570420556476,2.567169529002144
2024-04-05,-0.0088269090692349,2.544509357004331
2024-04-08,0.0047140476398043,2.556504295333178
2024-04-09,-0.0014171487050236,2.552881348581659
2024-04-10,-0.0016252543167478,2.5487322671497314
2024-04-11,0.0059491857934243,2.563895148944701
2024-04-12,-0.0376628252253764,2.467331614053806
2024-04-15,-0.0084817523486851,2.44640431834132
2024-04-16,-0.0066613734476412,2.4301079055729264
2024-04-17,-0.0168229308700239,2.3892263682707746
2024-04-19,0.0127812490725517,2.419763665574352
2024-04-22,-0.008999791158574,2.397986297931077
2024-04-23,0.0191016788740866,2.443791862138616
2024-04-24,-0.0003624008579157,2.442906229871209
2024-04-25,0.0021698868714331,2.4482070600275496
2024-04-26,0.0066091889326945,2.464387723033628
2024-05-02,0.0020142303278971,2.46935156752506
2024-05-03,0.0150894732599225,2.506612781972577
2024-05-06,0.0057380600168613,2.5209958765545672
2024-05-07,0.0030871845242854,2.528778656010454
2024-05-08,0.0003700466142782,2.5297144219903696
2024-05-09,0.0013183887929567,2.533049569133703
2024-05-10,0.0040193532758414,2.5432307902172693
2024-05-13,0.0019165327717101,2.548104975372743
2024-05-14,0.0081821536578409,2.568953961817552
2024-05-15,0.0037413010868821,2.57856519206705
2024-05-16,0.0049314698103804,2.5912813084658266
2024-05-17,0.0060689210745675,2.607007590208908
2024-05-20,0.0044571198756782,2.618627335555272
2024-05-21,0.000914855282821,2.6210230006069444
2024-05-22,0.0073854068525172,2.6403803218362323
2024-05-23,-0.0126320555413988,2.6070268909603804
2024-05-24,0.0057622193969156,2.622049151879753
2024-05-27,0.008300300746531,2.643812948412541
2024-05-28,0.005247346294196,2.6576859504899413
2024-05-29,-0.0013224219892931,2.654171368148378
2024-05-30,0.0001060392227564,2.6544528144173185
2024-05-31,0.0097841807497727,2.6804244605453205
2024-06-03,0.0014539369409299,2.68432162868588
2024-06-04,0.001881529271337,2.689372258403936
2024-06-05,0.0010237719823037,2.692125562372075
2024-06-06,0.0039956311419687,2.702882303107179
2024-06-07,0.0067938375550505,2.72124524640491
2024-06-10,-0.0036376378217829,2.7113463417742403
2024-06-11,0.005441605453965,2.726100418815227
2024-06-12,0.0027892834347444,2.7337042855548783
2024-06-13,-0.0136559243717983,2.69637302657648
2024-06-14,-0.000894968601848,2.6939598573788244
2024-06-17,0.0064602243858968,2.7113634425440902
2024-06-18,0.001253600391076,2.714762408816013
2024-06-19,0.002145271329275,2.72058631077744
2024-06-20,0.0033452578343696,2.7296873734476463
2024-06-21,-0.0166311190717936,2.684289617711067
2024-06-24,0.0028273370103031,2.691879009093594
2024-06-25,0.0039369168581357,2.7024767129445566
2024-06-26,0.0016187774462364,2.7068514212964505
2024-06-27,-0.0139383006292013,2.66912251242784
2024-06-28,0.0050238184542062,2.682531699362312
2024-07-01,0.0065628806777794,2.7001368348195878
2024-07-02,0.0026768981147434,2.707364826022265
2024-07-03,0.0021288672691045,2.713128446385909
2024-07-04,0.0010984344301227,2.716108640084765
2024-07-05,0.0033740843619463,2.7252730197726223
2024-07-08,0.0077232914906473,2.746321097695923
2024-07-09,-0.0005176020507879,2.7448995962636333
2024-07-10,0.0004219797683315,2.746057888359358
2024-07-11,-0.0009097354985451,2.743559702017257
2024-07-12,0.0022728826073562,2.749795491146216
2024-07-15,0.0007754607716171,2.75192784967957
2024-07-16,-0.0201045357931079,2.696601617725636
2024-07-17,0.0049822013145634,2.710036629850323
2024-07-18,-0.0081512929069177,2.687946327491937
2024-07-19,-0.0144006918634507,2.6492380406842315
2024-07-22,-0.0152051783338708,2.608955903826753
2024-07-23,0.0067288162125539,2.6265110886102603
2024-07-24,-0.0023988345733087,2.620210523003723
2024-07-25,0.0067513328900013,2.637900436486406
2024-07-26,0.0036074372728864,2.6474164968431504
2024-07-29,-0.0047661617647839,2.634798481560438
2024-07-30,-0.0026450582955953,2.6278292859795647
2024-07-31,-0.0235797274466973,2.565865787639717
2024-08-01,0.0059140367179001,2.581040412121022
2024-08-02,-0.0386775277292415,2.481212150010918
2024-08-05,0.0165517983474201,2.5222806731750675
2024-08-06,0.0045390774778284,2.533729500571438
2024-08-07,-0.0018368772452756,2.5290753505061554
2024-08-08,0.0067154842989615,2.5460593163133702
2024-08-09,0.003036165167915,2.553789572925006
2024-08-12,-0.0001922763177812,2.553298539669536
2024-08-13,-0.0017626336092025,2.5487980098491865
2024-08-14,-0.0043274117881986,2.537768311295628
2024-08-15,0.0243127198484404,2.5994683612884084
2024-08-16,0.0038096241960774,2.6093713588545104
2024-08-19,0.0058602447483308,2.6246629136566826
2024-08-20,0.0013686814272035,2.6282552410392745
2024-08-21,7.9156876990213e-05,2.6284632855160885
2024-08-22,0.000106791898074,2.6287439840993665
2024-08-23,-0.0044897903963023,2.61694147460522
2024-08-26,-0.0005010938743201,2.615630141262841
2024-08-27,-0.0006720429532229,2.613872325458168
2024-08-28,-0.0016466182733397,2.609568275522891
2024-08-29,0.001158609980422,2.6125917473715043
2024-08-30,-0.0036005829244299,2.603184894137412
2024-09-04,-0.004215030995573,2.592212389121415
2024-09-05,0.0002756135819461,2.592926838063146
2024-09-06,-0.003645445621425,2.5834744642746528
2024-09-09,-0.0058286931748286,2.5684161842973907
2024-09-10,-0.0010797908210004,2.565642832077077
2024-09-11,0.0017677785988549,2.570178320567929
2024-09-12,-0.000116283988228,2.569879449982356
2024-09-13,-0.0044925341622206,2.5583341787605214
2024-09-16,0.0062911906847391,2.5744291469143894
2024-09-17,0.0032179719982739,2.5827135878207
2024-09-18,0.0038263249178001,2.5925958891773195
2024-09-19,1.2658453537473204e-05,2.592628707431924
2024-09-20,-0.0015990661713827,2.588482922570914
2024-09-23,0.0037697612175052,2.598240885104596
2024-09-24,0.0052320446071361,2.611834997315548
2024-09-25,0.0014307256441644,2.6155718166245334
2024-09-26,-0.0015499229159555,2.6115178819276195
2024-09-27,-0.0019917746193453,2.606316326892429
2024-09-30,0.0045257336444814,2.618111820381208
2024-10-01,-0.0052826629114193,2.604281218169731
2024-10-02,-0.0084277196699295,2.582333066121334
2024-10-03,-0.0031420662673026,2.5742192045033336
2024-10-04,0.0004635523496144,2.575412489864004
2024-10-07,0.0011684738538522,2.578421792021294
2024-10-08,0.0049549859614313,2.591197835803408
2024-10-09,-0.0001886191311881,2.590709086318882
2024-10-10,0.0020756499991198,2.59608649163162
2024-10-11,-0.000925151545335,2.593684718202064
2024-10-14,-0.0045994425904447,2.58175521424298
2024-10-15,-0.0003344991342974,2.580891619358847
2024-10-16,0.0039234299655735,2.591017566876137
2024-10-17,-0.0017744670358072,2.5864198916145176
2024-10-18,-0.0038383019632305,2.576492431066795
2024-10-21,-0.002558123813934,2.569901444422462
2024-10-22,0.0017689984608674,2.574447596122227
2024-10-23,-0.0056312621525323,2.559950206810506
2024-10-24,-0.0001663300583044,2.5595244101433505
2024-10-25,0.0038270603315462,2.5693198644810344
2024-10-28,0.0056358019130398,2.583800042288488
2024-10-29,0.0006569850580402,2.585497560309235
2024-10-30,-0.0001816680651199,2.5850278579700814
2024-10-31,-0.0038400664012259,2.5751011793464573
2024-11-01,-0.0054045979431701,2.5611837928091066
2024-11-04,0.001930935931489,2.566129274621789
2024-11-05,0.0098466985674703,2.591397176074151
2024-11-06,0.0029014266623167,2.5989159249334643
2024-11-07,-0.002023546844689,2.593656896813953
2024-11-08,0.0006375756295646,2.5953105492428143
2024-11-11,-0.0019419562957383,2.5902705695823163
2024-11-12,0.0001457993626878,2.5906482293805504
2024-11-13,-0.0071362398740457,2.5721607421864188
2024-11-14,-0.0095692115332944,2.5475471919468013
2024-11-15,0.0009867116989043,2.5500608865646064
2024-11-18,-0.0086594589376599,2.5279787390288675
2024-11-19,0.0059548886396391,2.54303257090316
2024-11-20,0.0066800494887829,2.56002015432838
2024-11-21,0.0008687903474556,2.5622442751277523
2024-11-22,0.0037979247706732,2.571975486128776
2024-11-25,0.0047885966344276,2.5842916392854822
2024-11-26,-0.0013591135195173,2.5807792935801537
2024-11-27,0.0023845664044767,2.5869333331809945
2024-11-28,0.0037041221625401,2.596515650273444
2024-11-29,-0.0012276354718523,2.5933280755579484
2024-12-02,0.0007268920272052,2.595213145059999
2024-12-03,-0.0018588382282112,2.590389063655605
2024-12-04,0.0120781164173413,2.621676084332645
2024-12-05,0.0010040821215619,2.62430846241745
2024-12-06,0.0063119818346078,2.6408730497606365
2024-12-09,0.003646415345442,2.650502769774648
2024-12-10,0.0009611042319622,2.653050179203506
2024-12-11,-0.0023051314735912,2.6469345497344072
2024-12-12,-0.0042357848207157,2.6357227045472142
2024-12-13,-0.001476368535245,2.63183140647859
2024-12-16,0.0017907289184245,2.636544303086589
2024-12-17,0.0048806607893352,2.649412381486009
2024-12-18,-0.0041165042731275,2.6385060640963447
2024-12-19,0.0057425751823876,2.6536578835386035
2024-12-20,0.005345396572518,2.667842737293906
2024-12-23,0.0026537374187097,2.674922491393096
2024-12-24,0.0066824269887898,2.6927974656425024
2024-12-25,0.0029881988544298,2.700844079944547
2024-12-26,-0.001237958888181,2.6975005460101884
2024-12-27,-0.0028356676894172,2.689851330869682
2024-12-30,-0.0035315051811181,2.6803521069582783
2024-12-31,0.0020304592961155,2.6857944528107147
2025-01-02,-0.0077615772087418,2.6649484517984137
2025-01-03,-0.0107473208610634,2.6363073957087417
2025-01-06,-0.0037613255485689,2.626391385347381
2025-01-07,0.0049398381013929,2.6393653335818903
2025-01-08,-0.0032487877279535,2.6307905958765634
2025-01-09,-0.0102524038715935,2.6038186681860465
2025-01-10,0.0033419853256277,2.61252059196572
2025-01-13,-0.0035130276486943,2.6033427348933613
2025-01-14,0.0074799979765072,2.6228157332825184
2025-01-15,0.0034180011745239,2.631780520539438
2025-01-16,0.005408417340262,2.646014287942487
2025-01-17,-0.0014245110871212,2.642245011252632
2025-01-20,-0.0017462471651561,2.637630998392084
2025-01-21,-0.002639672978622,2.6306685151180527
2025-01-22,0.0051823708056117,2.6443016148300424
2025-01-23,0.0025908964575539,2.65115272651661
2025-01-24,-0.0007111730807198,2.649267298064635
2025-02-03,0.0093681020664728,2.674085904514273
2025-02-04,0.0056803706109779,2.6892757034975068
2025-02-05,0.0026936469221607,2.6965196627190746
2025-02-06,0.0046954917169228,2.709181148459892
2025-02-07,-0.0078679851017616,2.6878653515458355
2025-02-10,0.004613246601754,2.700265137244827
2025-02-11,0.0013203978386756,2.703830561495896
2025-02-12,0.0040050680779149,2.714659586965834
2025-02-13,0.0052566716014789,2.72892966092432
2025-02-14,0.0042077823754402,2.7404124030553736
2025-02-17,0.005321947960128,2.754996735253724
2025-02-18,0.0082672158865302,2.7777728880307526
2025-02-19,0.0038846198147015,2.7885634796323377
2025-02-20,0.0006652263488979,2.790418505534564
2025-02-21,0.0015600963420148,2.794771827237738
2025-02-24,0.0009894395022316,2.797537084883332
2025-02-25,0.000689336462851,2.79946552920212
2025-02-26,0.0055772641023819,2.8150788878039945
2025-02-27,0.00087730982769,2.817548584177988
2025-02-28,-0.0015311963369276,2.8132343641067785
2025-03-03,-0.0021615526498779,2.807153409912316
2025-03-04,-0.0070365423235311,2.787400756134823
2025-03-05,0.0060993610288931,2.804402119678699
2025-03-06,0.0003715460569467,2.805444084228359
2025-03-07,-0.0009469953714347,2.802787341665776
2025-03-10,0.0020746110297037,2.8086020351987098
2025-03-11,-0.0004137274370902,2.8074400394768806
2025-03-12,-0.0090518437610809,2.782027530870933
2025-03-13,-0.0031134705881365,2.77336576997818
2025-03-14,0.0045815524772331,2.786072090791897
2025-03-17,-1.928601344284679e-05,2.7860183585681018
2025-03-18,-0.0031212230619724,2.77732257381626
2025-03-19,-0.0023399706566752,2.770823720489408
2025-03-20,0.0002596642546135,2.771543204365454
2025-03-21,-0.0023168203189064,2.7651220367548537
2025-03-24,0.0035092699292024,2.7748255963690127
2025-03-25,-0.0020946730130306,2.769013244076432
2025-03-26,-0.0003486610295834,2.7680477970678217
2025-03-27,-0.0031768893644378,2.759254015461061
2025-03-28,-0.0042267013095875,2.747591472900427
2025-03-31,0.0039993979198361,2.7585801845217044
2025-04-01,0.0005805993934157,2.7601818145035266
2025-04-02,-0.0566671254118242,2.603770245461619
2025-04-03,-0.0265347975082857,2.5346797292401955
2025-04-04,-0.055099701735951,2.3950196321629
2025-04-08,-0.0305911871704993,2.321753138318384
2025-04-09,0.0636808319436962,2.469604309734386
2025-04-10,0.0243272212144776,2.5296829200895217
2025-04-11,0.0079635016155965,2.549828054110601
2025-04-14,-0.0101358868198791,2.523983285543984
2025-04-15,-0.0044839039676,2.512665986875777
2025-04-16,0.0053029121685848,2.5259904339131696
2025-04-17,0.0091688288325115,2.5491508078342813
2025-04-18,-0.0046651856192303,2.537258546144324
2025-04-21,-0.016076154754024,2.4964691851055374
2025-04-22,0.0155964164464637,2.5354051581622072
2025-04-23,0.006748689603847,2.5525158205946368
2025-04-24,0.0034161426234248,2.561235578686337
2025-04-25,0.0018191248168222,2.565894785889253
2025-04-28,0.0028999620428795,2.5733357833743544
2025-04-29,0.0090593682649658,2.596648579905357
2025-05-05,0.0019679605565742,2.6017586818898955
2025-05-06,0.0048807436671967,2.614457199100104
2025-05-07,0.0070980748801956,2.6330148120703827
2025-05-08,0.0013120154815617,2.6364693682670004
2025-05-09,0.005837896241052,2.651860802881655
2025-05-12,0.0050508124616294,2.665254854471356
2025-05-13,0.0051065105372528,2.6788650064701787
2025-05-14,0.0022859348845009,2.684988717439338
2025-05-15,-0.0020204561620816,2.679563815440068
2025-05-16,-0.002265367411839,2.6734936188946268
2025-05-19,0.003792926464144,2.6836339835934524
2025-05-20,0.0018171906604662,2.688510658204548
2025-05-21,-0.0033300392677188,2.6795578121410464
2025-05-22,0.0040324469146923,2.6903629867733545
2025-05-23,0.0139812664463733,2.7279776685288937
2025-05-26,0.0078084126965149,2.749278843991644
2025-05-27,-0.0015757421393825,2.7449466894642534
2025-05-28,0.0026063784732812,2.7521010594259776
2025-05-29,-0.0060058807016699,2.735572268784125
2025-05-30,0.0054302036214318,2.750426983224766
2025-06-02,0.0030176623226765,2.7587268431033163
2025-06-03,0.0046924612086309,2.771672061799788
2025-06-04,0.0002620707566534,2.7723984359942184
2025-06-05,-0.0074549242194019,2.751730415747893
2025-06-06,-0.0090108521878226,2.726934979710853
2025-06-09,0.0016149551104362,2.7313388572921644
2025-06-10,0.0025217036818769,2.738226484545052
2025-06-11,0.0056206504723426,2.753617098528791
2025-06-12,-0.0090191942337114,2.728781691071891
2025-06-13,0.0093527772634638,2.7543033784291047
2025-06-16,0.0035532267341727,2.764090042827361
2025-06-17,-0.0017869798522115,2.75915066961113
2025-06-18,0.0004462357758223,2.760381901350794
2025-06-19,0.0008039365102872,2.7626010731436264
2025-06-20,-0.0009871014027809,2.7598741057490024
2025-06-23,0.002036582409076,2.765494816804035
2025-06-24,-0.0007550286365144,2.7634067890232155
2025-06-25,0.0007986810083335,2.7656138695439085
2025-06-26,0.0034472078586137,2.775147515408891
2025-06-27,0.0071769182274026,2.79506452219596
2025-06-30,-0.0008721154637832,2.7926269032038813
2025-07-01,0.0053762849274762,2.807640861131641
2025-07-02,-0.0004595358813415,2.8063506494140302
2025-07-03,0.0048622748795987,2.819995897680022
2025-07-04,0.0058319533862895,2.83644198230482
2025-07-07,0.0073436812189973,2.8572719080190474
2025-07-08,0.0037935732587667,2.868111178322334
2025-07-09,0.0056017881766023,2.8841777296102413
2025-07-10,4.20166942237049e-05,2.884298913223993
2025-07-11,0.0071402230026804,2.904893450670801
2025-07-14,0.0009866697713127,2.907759621227463
2025-07-15,0.0065433695444558,2.926786166975601
2025-07-16,0.007295894478199,2.948139690010108
2025-07-17,0.0053492461972367,2.9639100150358177
2025-07-18,-0.0027477380918352,2.955765966586732
2025-07-21,0.0063461765743756,2.974523779323221
2025-07-22,0.006134785560314,2.992771844853424
2025-07-23,0.005384460828526,3.008886307620753
2025-07-24,0.0086670922415486,3.0349646027932344
2025-07-25,0.0139324471511793,3.0772490867273508
2025-07-28,-0.0290585867230065,2.987828577272391
2025-07-29,0.010136940334358,3.018116017289491
2025-07-30,0.0063319833124273,3.037226677545938
2025-07-31,-0.0009077858833595,3.034469526043499
2025-08-01,0.0100698358465619,3.065026136052152
2025-08-04,-0.0038506302124435,3.053223853810741
2025-08-05,0.0094502684666681,3.082077638918088
2025-08-06,0.0072346563239796,3.1043754113994826
2025-08-07,0.0055452139396706,3.1215898372047457
2025-08-08,0.0078943031762252,3.146232613771464
2025-08-11,0.0047189149588398,3.1610794179165795
2025-08-12,0.0044502381566008,3.175146974158238
2025-08-13,0.0024475263385201,3.182918230006163
2025-08-14,-0.0101149306892624,3.1507232327200607
2025-08-15,0.0071950975557569,3.1733929937506717
2025-08-18,0.0068660450912508,3.1951816531380226
2025-08-19,-0.0095070027247197,3.164805052455665
2025-08-20,-0.0045764894187159,3.1503213556208025
2025-08-21,-0.0179579075461732,3.0937481759758287
2025-08-22,-0.010042167157922,3.062680239648163
2025-08-25,0.0185682795208969,3.119548942421078
2025-08-26,0.0020330617245592,3.1258911779738034
2025-08-27,0.0045748073962771,3.140191528054756
2025-08-28,0.0022650686630883,3.147304277481048
2025-08-29,0.0091872611333807,3.1762193837444728
2025-09-03,0.0057809681798431,3.1945810069341003
2025-09-04,-0.0051354529603299,3.178175386445027
2025-09-05,-0.0170882457657466,3.123865944354808
2025-09-08,0.003050874782246,3.133396468187557
2025-09-09,0.0014501114421475,3.1379402422588614
2025-09-10,0.0030201789591249,3.1474173833535226
2025-09-11,0.0099246504934441,3.1786544008402964
2025-09-12,0.0112784279065051,3.214504625339869
2025-09-15,-0.0020641220723697,3.207869495390971
2025-09-16,-0.0016593776497255,3.2025464284470826
2025-09-17,-0.000855087566071,3.1998079708163525
2025-09-18,-0.0009946215891845,3.196625372727334
2025-09-19,-0.0094151002411451,3.1665288244097183
2025-09-22,-0.0003658446441575,3.1653703667987374
2025-09-23,0.0073692924170577,3.1886969066399664
2025-09-24,0.0041172927996651,3.2018257054539894
2025-09-25,-0.0020405219917309,3.195292309688321
2025-09-26,-0.005873245207813,3.176525574442882
2025-09-29,-0.0090746623114569,3.147699677531106
2025-09-30,0.0006085942414276,3.149615349428595
2025-10-01,-0.0075765335703482,3.125752182999965
2025-10-02,-0.0072667139230906,3.103038236091628
2025-10-03,0.0150621637789561,3.149776706216003
2025-10-06,-0.0079512276640552,3.1247321145339417
2025-10-07,0.0036218347136357,3.136049377777173
2025-10-08,0.0027974022368531,3.1448221693214484
2025-10-09,0.0024806890037094,3.1526234950955057
2025-10-10,-0.0004041499864481,3.1513493623526867
2025-10-13,-0.0078218685848098,3.12669992177554
2025-10-14,-0.0031845989318853,3.116742636544328
2025-10-15,0.003956501350756,3.1290740329957742
2025-10-16,-0.0056575612437362,3.111371105017916
2025-10-17,-0.0336873160212293,3.0065573633438563
2025-10-20,0.0062212339283543,3.0252618600202346
2025-10-21,0.0076261667508489,3.0483330114297327
2025-10-22,0.0014202051570694,3.0526622696930303
2025-10-23,-0.0003385263653973,3.0516288630300856
2025-10-24,-0.0008301768290814,3.0490954714570417
2025-10-27,0.0073389792273199,3.07147271978418
2025-10-28,0.0118719209802679,3.107937001206507
2025-10-29,0.0010726457580614,3.1112707166471734
2025-10-30,-0.0035247596004983,3.1003042353189216
2025-10-31,-0.0098361808772002,3.0698090820859747
2025-11-03,0.0069880063062172,3.0912609273104747
2025-11-04,-0.002993776558852,3.082006382808997
2025-11-05,-0.0011496666895652,3.078463102733654
2025-11-06,-0.0120598693034143,3.041337240059303
2025-11-07,-0.0052974836257262,3.0252258058297774
2025-11-10,0.0033876231642529,3.035474130846702
2025-11-11,0.0132236363225483,3.0756141368195227
2025-11-12,0.0031454955862316,3.08528846751184
2025-11-13,0.0017270261554509,3.090616841392344
2025-11-14,0.0068900725367147,3.111911415612729
2025-11-17,0.0008965478659495,3.114701393151421
2025-11-18,-0.0041238554866762,3.1018568147219154
2025-11-19,0.0007116974813654,3.104064398404509
2025-11-20,-0.0005719378731902,3.10228906641424
2025-11-21,-0.0003943920264388,3.101065548342738
2025-11-24,-0.0066628971729751,3.080403467467475
2025-11-25,0.0077752832277882,3.1043544768828952
2025-11-26,0.0006363665964503,3.1063299843755248
2025-11-27,-0.0035301401650625,3.095364204131742
2025-11-28,0.0016302704619192,3.100410484962621
2025-12-01,0.0013692487237216,3.104655718062169
2025-12-02,0.0077188484962808,3.128620085183003
2025-12-03,0.0066003099301335,3.149269947398852
2025-12-04,-0.0039412619703946,3.136857849520662
2025-12-05,-0.0001912331781673,3.1362579782246387
2025-12-08,-0.0060136936634108,3.117397483494168
2025-12-09,-0.002680891575198,3.1090400788441244
2025-12-10,-0.0035873156358814,3.0978869707567047
2025-12-11,-0.0225139543600632,3.028141284884454
2025-12-12,-0.0020722311927134,3.021866276057973
2025-12-15,0.0123271816202414,3.0591173704750227
2025-12-16,-0.0016296725500122,3.054132010869094
2025-12-17,0.004383802395364,3.0675207220941005
