date,log_return,vol_20,vol_60,vol_change,max_drawdown_60
2023-12-01,,0.024429579930392218,0.019460841819018908,-0.35491789356779835,-0.13809910641754675
2023-12-04,0.06719571746257103,0.024429579930392218,0.019460841819018908,-0.35491789356779835,-0.13809910641754675
2023-12-05,-0.023840011089301782,0.024429579930392218,0.019460841819018908,-0.35491789356779835,-0.13809910641754675
2023-12-06,-0.02442226644167711,0.024429579930392218,0.019460841819018908,-0.35491789356779835,-0.13809910641754675
2023-12-07,-0.06153082939997212,0.024429579930392218,0.019460841819018908,-0.35491789356779835,-0.13809910641754675
2023-12-08,0.0,0.024429579930392218,0.019460841819018908,-0.35491789356779835,-0.13809910641754675
2023-12-11,-0.014612132132294064,0.024429579930392218,0.019460841819018908,-0.35491789356779835,-0.13809910641754675
2023-12-12,-0.029880841211042508,0.024429579930392218,0.019460841819018908,-0.35491789356779835,-0.13809910641754675
2023-12-13,0.0,0.024429579930392218,0.019460841819018908,-0.35491789356779835,-0.13809910641754675
2023-12-14,0.024345771729041843,0.024429579930392218,0.019460841819018908,-0.35491789356779835,-0.13809910641754675
2023-12-15,-0.006496542570397779,0.024429579930392218,0.019460841819018908,-0.35491789356779835,-0.13809910641754675
2023-12-18,-0.017849229158644064,0.024429579930392218,0.019460841819018908,-0.35491789356779835,-0.13809910641754675
2023-12-19,-0.005703437513869147,0.024429579930392218,0.019460841819018908,-0.35491789356779835,-0.13809910641754675
2023-12-20,-0.012470185576869852,0.024429579930392218,0.019460841819018908,-0.35491789356779835,-0.13809910641754675
2023-12-21,0.008649741579484171,0.024429579930392218,0.019460841819018908,-0.35491789356779835,-0.13809910641754675
2023-12-22,-0.008649741579484171,0.024429579930392218,0.019460841819018908,-0.35491789356779835,-0.13809910641754675
2023-12-25,0.0,0.024429579930392218,0.019460841819018908,-0.35491789356779835,-0.13809910641754675
2023-12-26,-0.002899953699788682,0.024429579930392218,0.019460841819018908,-0.35491789356779835,-0.13809910641754675
2023-12-27,-0.0038797332855899924,0.024429579930392218,0.019460841819018908,-0.35491789356779835,-0.13809910641754675
2023-12-28,-0.005847969882422532,0.024429579930392218,0.019460841819018908,-0.35491789356779835,-0.13809910641754675
2023-12-29,-0.018747465699950894,0.024429579930392218,0.019460841819018908,-0.35491789356779835,-0.13809910641754675
2024-01-02,-0.013032765921687783,0.017130776177658708,0.019460841819018908,-0.35491789356779835,-0.13809910641754675
2024-01-03,0.02195696991869589,0.018321527000359012,0.019460841819018908,0.06720004705889548,-0.13809910641754675
2024-01-04,-0.002965894413378578,0.017968209916270423,0.019460841819018908,-0.01947261587572942,-0.13809910641754675
2024-01-05,-0.025063968663216585,0.013485935963327325,0.019460841819018908,-0.2869565338179805,-0.13809910641754675
2024-01-08,-0.013285836711649068,0.013519772912781492,0.019460841819018908,0.002505910306382213,-0.13809910641754675
2024-01-09,0.02238140219613527,0.01479617439804276,0.019460841819018908,0.0902153228490824,-0.13809910641754675
2024-01-10,-0.006054508908706069,0.013549360861605514,0.019460841819018908,-0.08802922121811695,-0.13809910641754675
2024-01-11,0.016064602503806924,0.014213950767586924,0.019460841819018908,0.047884518906211246,-0.13809910641754675
2024-01-12,0.018747465699950894,0.01370389196630187,0.019460841819018908,-0.03654402693565201,-0.13809910641754675
2024-01-15,0.0,0.013687581085964053,0.019460841819018908,-0.0011909451036182454,-0.13809910641754675
2024-01-16,-0.012789156116321365,0.013431997289132627,0.019460841819018908,-0.018849199792595115,-0.13809910641754675
2024-01-17,-0.0059583095836295286,0.013435636978797934,0.019460841819018908,0.000270934682371228,-0.13809910641754675
2024-01-18,0.0,0.013221206226682717,0.019460841819018908,-0.016088567942125032,-0.13809910641754675
2024-01-19,-0.010010093595100855,0.01312016246302057,0.019460841819018908,-0.007671900707686563,-0.13809910641754675
2024-01-22,0.0,0.013049207704613491,0.019460841819018908,-0.005422742511607426,-0.13809910641754675
2024-01-23,0.02875755929505175,0.014761286046520671,0.019460841819018908,0.12328043738204314,-0.13809910641754675
2024-01-24,0.012627656867801207,0.015041374753505431,0.019460841819018908,0.018796762312792915,-0.13809910641754675
2024-01-25,-0.009699397088713368,0.015178995805784279,0.019460841819018908,0.009107890472502678,-0.13809910641754675
2024-01-26,-0.0029282597790878384,0.015135247374590276,0.019460841819018908,-0.0028863285447938724,-0.13809910641754675
2024-01-29,0.0,0.014479382265522495,0.019460841819018908,-0.0443005321240923,-0.13809910641754675
2024-01-30,-0.018747465699950894,0.014821912852904497,0.019460841819018908,0.02338094314736169,-0.13809910641754675
2024-01-31,-0.006996530289837821,0.014023955032308062,0.019460841819018908,-0.05533970441307969,-0.13809910641754675
2024-02-01,0.01295483987346735,0.014342538525407669,0.019460841819018908,0.022462886619992326,-0.13809910641754675
2024-02-02,0.002965894413378578,0.013078246621211227,0.019460841819018908,-0.09227948951238113,-0.13809910641754675
2024-02-05,-0.002965894413378578,0.012665330868477294,0.019460841819018908,-0.032081854003524195,-0.13809910641754675
2024-02-06,0.002965894413378578,0.011723303102227835,0.019460841819018908,-0.07728976519849264,-0.13809910641754675
2024-02-07,0.009823261702942787,0.011761783891508582,0.019460841819018908,0.003277040528543158,-0.13809910641754675
2024-02-15,0.0,0.01127036361300538,0.019460841819018908,-0.042678994020296034,-0.13809910641754675
2024-02-16,0.012627656867801207,0.010836079012233173,0.019460841819018908,-0.03929533993090309,-0.13809910641754675
2024-02-19,-0.009699397088713368,0.011080124484727836,0.019460841819018908,0.02227168017538058,-0.13809910641754675
2024-02-20,-0.005865119452398204,0.010758170636346329,0.019460841819018908,-0.029487364260696446,-0.13809910641754675
2024-02-21,-0.015810606026640528,0.0112819223596855,0.019460841819018908,0.047536085285450634,-0.13809910641754675
2024-02-22,-0.010010093595100855,0.011501820326326856,0.019460841819018908,0.019303641634768203,-0.13809910641754675
2024-02-23,0.003013563305263034,0.011302028593120487,0.019460841819018908,-0.01752306559797149,-0.13809910641754675
2024-02-26,0.006996530289837821,0.011404931001133661,0.019460841819018908,0.00906356673486485,-0.13809910641754675
2024-02-27,0.0,0.009267419104310792,0.019460841819018908,-0.20754067656521977,-0.13809910641754675
2024-02-28,0.06460077019607269,0.017180150821424996,0.019460841819018908,0.6172492713925015,-0.13809910641754675
2024-02-29,0.009293747191460255,0.01704351484515361,0.019460841819018908,-0.007984920360849154,-0.13809910641754675
2024-03-01,-0.01867467902522435,0.01766522589374215,0.019460841819018908,0.035828277338564085,-0.13809910641754675
2024-03-04,-0.015194974215072321,0.018069902960746936,0.019460841819018908,0.022649653352702467,-0.1510966693744923
2024-03-05,0.0,0.01746421287235634,0.017240972349480042,-0.034093906828098014,-0.13061564059900166
2024-03-06,0.0,0.017344153221477733,0.01701951638382092,-0.006898344936921732,-0.10912190963341861
2024-03-07,0.0038204439973856807,0.01716961917298926,0.01678720148119255,-0.010113958749005836,-0.04895738893925661
2024-03-08,-0.0038204439973856807,0.01721432783122828,0.014852249710572082,0.0026005541146633085,-0.05258386219401634
2024-03-11,0.0038204439973856807,0.017187386981363656,0.014864359285539823,-0.001566249813787373,-0.034958601655933785
2024-03-12,0.005703437513869147,0.017207258852675916,0.014776372469692047,0.0011555206623765188,-0.02405180388529138
2024-03-13,-0.005703437513869147,0.017187450594330356,0.014282935931721377,-0.001151819528979141,-0.029602220166512483
2024-03-14,-0.00957861729706977,0.017356878474741412,0.014335290683754963,0.009809375111022709,-0.03885291396854762
2024-03-15,-0.005791521979588765,0.017182716556726225,0.013982354803792884,-0.010084848596998363,-0.044403330249768724
2024-03-18,-0.019550964870955312,0.01760699855197475,0.014173440940063413,0.024392426713983877,-0.062904717853839
2024-03-19,0.006886402029632421,0.01763858589316964,0.0140333393215413,0.0017924135590237909,-0.05642923219241447
2024-03-20,0.008784829555732898,0.01733300127187113,0.014067983390400279,-0.017476600245961923,-0.04810360777058276
2024-03-21,-0.008784829555732898,0.017293303132457406,0.014022008932686597,-0.00229294662311038,-0.05642923219241447
2024-03-22,-0.006886402029632421,0.017382857917084278,0.013998128542028726,0.005165216066032423,-0.062904717853839
2024-03-25,0.006886402029632421,0.01738080771641903,0.013988855335972952,-0.00011795070806007529,-0.05642923219241447
2024-03-26,0.008784829555732898,0.017470550079495314,0.014037504893027736,0.0051500151272183235,-0.04810360777058276
2024-03-27,0.0067796869853786745,0.009310256135249616,0.01406053583189066,-0.6293995062974804,-0.04162812210915823
2024-03-28,-0.002899953699788682,0.008947283720114262,0.014056464883368428,-0.03976656791576241,-0.044403330249768724
2024-03-29,-0.009727703168012525,0.00828296466198461,0.014093001283469705,-0.07714894634755357,-0.05365402405180386
2024-04-01,0.0029282597790878384,0.007715013340599711,0.013880497867922377,-0.07103265140929077,-0.050878815911193365
2024-04-02,0.006799443388924686,0.007905042987023918,0.013791989789701435,0.024332662451079932,-0.044403330249768724
2024-04-03,-0.006799443388924686,0.00802421351078092,0.013537799550868205,0.014962731938654592,-0.050878815911193365
2024-04-04,0.01834913866819754,0.009065759466166444,0.01373126532428845,0.12204081824640269,-0.033302497687326515
2024-04-05,0.006676228898744085,0.00914804933835349,0.013332671351094049,0.009036038823407762,-0.026827012025901986
2024-04-08,0.0,0.009111226045957535,0.013199414977511368,-0.004033380428050372,-0.026827012025901986
2024-04-09,0.0028476526125107426,0.009041605768094735,0.012908787215347836,-0.007670488353688319,-0.02405180388529138
2024-04-10,-0.009523881511254828,0.00920728370823936,0.012948597734134334,0.018158070491851638,-0.033302497687326515
2024-04-11,0.0,0.008938472272332446,0.0127956344086434,-0.029630157755680602,-0.033302497687326515
2024-04-12,-0.0028749420855991303,0.00885749242968393,0.012580466977479452,-0.009100974512150669,-0.03607770582793712
2024-04-15,-0.012554486479263716,0.00813538847209941,0.012689586106574263,-0.08504011016028923,-0.04810360777058276
2024-04-16,0.0038797332855899924,0.00804394502936345,0.012584709436191395,-0.011303840591848845,-0.044403330249768724
2024-04-17,0.0,0.0078118994651865115,0.01255736299601915,-0.029271457563964976,-0.044403330249768724
2024-04-19,-0.009727703168012525,0.007871554483382948,0.012626202844441587,0.007607409696530973,-0.05365402405180386
2024-04-22,0.0029282597790878384,0.00771437275945381,0.012557215654810806,-0.020170356086940816,-0.050878815911193365
2024-04-23,-0.0029282597790878384,0.007607373066733052,0.012564990937954006,-0.013967245475811725,-0.05365402405180386
2024-04-24,0.01551922514760129,0.008140212371884148,0.012170037639510063,0.06769826617137335,-0.03885291396854762
2024-04-25,0.024716087044298618,0.009707529422228675,0.012474528254681259,0.17608534556817765,-0.014801110083256241
2024-04-26,-0.0037629395295422086,0.009729449784123862,0.012415987814269717,0.002255530388784592,-0.018501387604070274
2024-05-02,-0.015194974215072321,0.0101254452390463,0.012574367918190074,0.039894199851407824,-0.033302497687326515
2024-05-03,-0.011549695279272854,0.010495898203619415,0.012667944845305553,0.03593291245633747,-0.044403330249768724
2024-05-06,0.008674753193673723,0.010564791750400919,0.012467239669807676,0.0065423998212075845,-0.03607770582793712
2024-05-07,0.0028749420855991303,0.010436884376068732,0.012430114772972166,-0.012180821496685887,-0.033302497687326515
2024-05-08,-0.008649741579484171,0.009789530757691269,0.012384401672255884,-0.06403251852841531,-0.04162812210915823
2024-05-09,-0.025416812984122572,0.011104877704670125,0.012820051185907856,0.12607079903848872,-0.0656799259944496
2024-05-10,0.006906786213255245,0.011277613008906501,0.012845316857829386,0.015435152549368409,-0.059204440333024966
2024-05-13,-0.006906786213255245,0.011281887086506055,0.012871386848221209,0.0003789156535790874,-0.0656799259944496
2024-05-14,0.009852296443011,0.011448722672086504,0.012871764853068794,0.014679626856949254,-0.05642923219241447
2024-05-15,0.0,0.011448722672086504,0.012871764853068794,0.0,-0.05642923219241447
2024-05-16,-0.006886402029632421,0.011514363943276115,0.012792321143326856,0.005717122781523465,-0.062904717853839
2024-05-17,-0.008924203997008107,0.011356994216427038,0.012783131468331758,-0.013761497823479553,-0.07123034227567071
2024-05-20,-0.013032765921687783,0.011583897699321598,0.012868643317359632,0.01978220249447526,-0.08325624421831634
2024-05-21,-0.0030318365821191406,0.011575143368787934,0.012715463771540491,-0.000756017778517793,-0.08603145235892695
2024-05-22,-0.007110238182505668,0.011500429711180366,0.012683276264493202,-0.006475579494743538,-0.09250693802035148
2024-05-23,-0.019558008899656087,0.01206850960061231,0.012918323753291073,0.048215106043525954,-0.11008325624421833
2024-05-24,-0.009399547011504694,0.012146760056295638,0.012928414751170044,0.006462919020519923,-0.11840888066604993
2024-05-27,0.0,0.011333330203792374,0.012928414751170044,-0.06931445329225462,-0.11840888066604993
2024-05-28,0.006276171229236738,0.009438520592459164,0.009715941848779141,-0.1829485317018094,-0.11285846438482883
2024-05-29,0.0031233757822679564,0.009619191035302694,0.00962834843917747,0.018960898302198124,-0.0967136150234742
2024-05-30,-0.023134575401657642,0.01021208477561122,0.009775787937656289,0.059811571378932775,-0.11737089201877937
2024-05-31,0.0,0.01016620812951083,0.009624290412800435,-0.004502504580923789,-0.11737089201877937
2024-06-03,-0.017167803622365696,0.010015695140588617,0.009824057563294287,-0.014915900477824217,-0.13239436619718314
2024-06-04,-0.014169174381725824,0.009944845209619625,0.009943494361772427,-0.007099021998625037,-0.1446009389671361
2024-06-05,-0.003298518658663596,0.009966163373099819,0.009911803582717727,0.0021413430790443245,-0.1474178403755868
2024-06-06,-0.011074310299093781,0.00901066780837187,0.009973398505151455,-0.10078639892095918,-0.15680751173708918
2024-06-07,-0.01797801229540852,0.008869546645672249,0.010134008180853242,-0.015785485749581385,-0.17183098591549295
2024-06-10,-0.013698844358161821,0.00899012209828272,0.010164660144387175,0.01350273079381943,-0.18309859154929575
2024-06-11,-0.008078520565202751,0.008013779679128778,0.010179136040887963,-0.1149637746011307,-0.18967136150234742
2024-06-12,-0.010483497294856647,0.007777757136748178,0.01018933215386035,-0.02989447110815667,-0.19812206572769953
2024-06-13,0.0035067248092097714,0.008250869308181518,0.010220961792835829,0.05905048089709988,-0.19530516431924883
2024-06-14,-0.015285424001822534,0.008395044256674668,0.010119015624184427,0.01732297600663837,-0.2075117370892019
2024-06-17,0.003548200056096462,0.008753603361622325,0.010072572347905153,0.04182381725723554,-0.2046948356807512
2024-06-18,-0.003548200056096462,0.008739392374046168,0.009951084991829834,-0.00162476166684295,-0.2075117370892019
2024-06-19,-0.003560834623009157,0.008791654450556479,0.009925130259771315,0.005962241984726383,-0.2103286384976526
2024-06-20,0.0,0.00848554454642309,0.009921784193143629,-0.03543879841817635,-0.2103286384976526
2024-06-21,0.003560834623009157,0.008760651892645218,0.009874218794325321,0.031906207974534834,-0.2075117370892019
2024-06-24,-0.00713439411387462,0.008644833993953676,0.009761137079797687,-0.013308387454799385,-0.2131455399061033
2024-06-25,0.0,0.008264892598689646,0.009679943075015005,-0.04494512674923798,-0.2131455399061033
2024-06-26,0.0,0.008096429997570853,0.009690402184217344,-0.020593487816624404,-0.2131455399061033
2024-06-27,0.010682594169971082,0.008058618087559841,0.009824913989602979,-0.004681129025186741,-0.2046948356807512
2024-06-28,0.0,0.008058618087559841,0.009801471357904405,0.0,-0.2046948356807512
2024-07-01,-0.003548200056096462,0.007554554779727098,0.009713266476603916,-0.06459134242281425,-0.2075117370892019
2024-07-02,-0.003560834623009157,0.007206395308772157,0.009702866676243531,-0.047181730388881654,-0.2103286384976526
2024-07-03,0.010644689511414285,0.007916992866192563,0.009459241760968734,0.09404245146186638,-0.2018779342723005
2024-07-04,0.0,0.00772972294206332,0.009377109207375738,-0.023938394462204107,-0.2018779342723005
2024-07-05,-0.007083854888405128,0.006943786761298084,0.00937620469902238,-0.1072256050736783,-0.2075117370892019
2024-07-08,-0.00713439411387462,0.006513562815104051,0.009347082653237637,-0.06396058348492815,-0.2131455399061033
2024-07-09,0.014218249002279748,0.007260925400317715,0.009601387377015595,0.10862053835757111,-0.2018779342723005
2024-07-10,0.004694844304207635,0.0069787522105353135,0.009648928737452973,-0.03963709624152527,-0.19812206572769953
2024-07-11,0.0185620178600594,0.008098976418796675,0.010055659037451745,0.14886735305205426,-0.18309859154929575
2024-07-12,0.006872879287762146,0.007261860531549436,0.01005579117116582,-0.10910147574199437,-0.17746478873239435
2024-07-15,-0.014951399852964897,0.008158445051945793,0.010141000275332547,0.11641737455642709,-0.18967136150234742
2024-07-16,-0.0034823018358736135,0.008156551938715225,0.010133520586320575,-0.0002320700297337833,-0.19248826291079812
2024-07-17,-0.018779894651595797,0.009236833006924731,0.010300560099644819,0.12437741220390543,-0.2075117370892019
2024-07-18,0.0,0.009236833006924731,0.010277916819935775,0.0,-0.2075117370892019
2024-07-19,-0.011919092237210549,0.009580623404828612,0.01033844248746667,0.036543545856111186,-0.21690140845070427
2024-07-22,-0.0036036075032992443,0.009485862094293846,0.010035499070639001,-0.009940163476038247,-0.21971830985915497
2024-07-23,0.0036036075032992443,0.009528377333448175,0.009369467958921376,0.004471939616515917,-0.21394910461828465
2024-07-24,0.004784698123335929,0.00959453660464844,0.009439016646837965,0.006919391697799542,-0.19808612440191387
2024-07-25,-0.019277705425903235,0.01016101593344492,0.009535803543282267,0.05736453970405596,-0.21339712918660292
2024-07-26,0.0036429912785003182,0.010221754351408104,0.009533658435981095,0.005959792245862944,-0.21052631578947367
2024-07-29,0.0531098253139497,0.015864337496609576,0.011937738846475004,0.43955508870631327,-0.16746411483253587
2024-07-30,0.013698844358161821,0.016042023339853394,0.012108686143378717,0.011138065522032654,-0.14864864864864868
2024-07-31,-0.0068259650703996755,0.016043965823176985,0.012096102515609485,0.00012107977131669362,-0.14117647058823535
2024-08-01,0.0034188067487850304,0.016045282957657975,0.011749999617053579,8.209189749541247e-05,-0.138235294117647
2024-08-02,-0.0034188067487850304,0.0159606603623279,0.011688093263528244,-0.005287939105023473,-0.14117647058823535
2024-08-05,-0.014951399852964897,0.01628494670369501,0.01178538381401644,0.02011418627131145,-0.153921568627451
2024-08-06,0.0,0.01600710461223716,0.011676776599878648,-0.01720849339181971,-0.153921568627451
2024-08-07,0.03975537721877309,0.01822677454375157,0.012901269698743171,0.129858903782563,-0.11352418558736421
2024-08-08,0.007764875397725746,0.01788302693127701,0.012948155469646713,-0.01903958438882871,-0.09860557768924305
2024-08-09,-0.017837708186021928,0.0183735077249089,0.013080812307928198,0.027057767747965047,-0.10292633703329968
2024-08-12,0.0,0.018002022163459468,0.013002943220097716,-0.020425724319252048,-0.1002024291497976
2024-08-13,-0.007905179507112337,0.018093178139284176,0.01302590320541094,0.00505087204634956,-0.1009174311926605
2024-08-14,0.004524894598288753,0.01747429127436318,0.013033499193953507,-0.03480421851918277,-0.079002079002079
2024-08-15,-0.004524894598288753,0.01753656645460716,0.012827200006423392,0.003557479844056676,-0.08316008316008316
2024-08-16,0.05299253014051075,0.02053583737130182,0.014580711333794778,0.1578832284257645,-0.033264033264033266
2024-08-19,0.041080025743463366,0.021885598983528858,0.015533521477051579,0.06365728549141698,0.0
2024-08-20,-0.00725016122505906,0.022125300744589984,0.015543138010446496,0.010892938966539653,-0.007223942208462342
2024-08-21,0.023627190506381623,0.02241899272978975,0.015834475576862232,0.013186699630005383,0.0
2024-08-22,0.009095565484486201,0.021474442428502775,0.01556720286698512,-0.0430449659240255,0.0
2024-08-23,-0.016227536621757466,0.022206844884400414,0.01572382883089806,0.03353705033797232,-0.01609657947686116
2024-08-26,-0.0030721990369695362,0.019677001008484345,0.015557363555509466,-0.12095001935349582,-0.019114688128772594
2024-08-27,0.013245226750020933,0.019667551587874418,0.015509926730883496,-0.0004803417685360297,-0.006036217303822977
2024-08-28,0.016064602503806924,0.01956760393806216,0.015612621758514208,-0.005094809168974464,0.0
2024-08-29,-0.0029925209364556338,0.019678443324450536,0.015535435162253293,0.005648447796855593,-0.0029880478087649376
2024-08-30,0.015857616733340407,0.01963916977254124,0.015418644620643619,-0.0019977583530659264,0.0
2024-09-04,-0.006906786213255245,0.019234157471817594,0.015323281148823496,-0.02083828562120831,-0.006882989183874089
2024-09-05,-0.0059583095836295286,0.019407742132111567,0.015300931847998503,0.008984327367316953,-0.012782694198623434
2024-09-06,-0.0029925209364556338,0.017977412376012372,0.015223376870388338,-0.0765559225472957,-0.015732546705997996
2024-09-09,0.008950830520085162,0.017987474958342166,0.015244796571176613,0.0005595778406332819,-0.006882989183874089
2024-09-10,0.002965894413378578,0.01714956884974924,0.015060043270387676,-0.04770261954027436,-0.003933136676499527
2024-09-11,-0.015920734286845928,0.017824770815470306,0.015257396307009695,0.03861605331296275,-0.019665683382497523
2024-09-12,-0.03573631929613086,0.01990990830956034,0.01602787284444583,0.11062834532481683,-0.05408062930186819
2024-09-13,-0.009399547011504694,0.020145212536508108,0.01608096167546136,0.011749150236590981,-0.0629301868239921
2024-09-16,0.012513197684784316,0.02014179810257283,0.016134532292184995,-0.00016950536633190326,-0.051130776794493626
2024-09-17,0.013381568695830737,0.01679097599816025,0.016197311227146367,-0.18195546526511355,-0.03834808259587019
2024-09-18,-0.009245058144051299,0.014292681073050205,0.01622076782633901,-0.1610939018574358,-0.0471976401179941
2024-09-19,-0.010373537007327016,0.014392782495516713,0.01630208783096854,0.00697926730478136,-0.05703048180924286
2024-09-20,0.022681384681924044,0.014311851020511121,0.0165107191281819,-0.005638924672032243,-0.03539823008849563
2024-09-23,-0.009216655104923532,0.01427133949123484,0.016545962322565434,-0.0028346400336026847,-0.04424778761061943
2024-09-24,0.0,0.013821362940133286,0.016545962322565434,-0.03203783758592535,-0.04424778761061943
2024-09-25,-0.0030911925696734954,0.013821563539995519,0.016543332195656745,1.4513638217421586e-05,-0.0471976401179941
2024-09-26,0.022449922439221837,0.014436221529277088,0.016726881521152287,0.043510453496715784,-0.025565388397246758
2024-09-27,0.006036235631849962,0.014022654725856263,0.016700507390138054,-0.02906619539370118,-0.019665683382497523
2024-09-30,0.02280713631647835,0.01492444487847056,0.016897365663850864,0.06232620497163954,0.0
2024-10-01,0.03373813963185057,0.01633406751782011,0.017299923177556045,0.09025243616403085,0.0
2024-10-02,0.0,0.01621209421609685,0.0172485021709565,-0.007495433644031004,0.0
2024-10-03,-0.023981964686484503,0.017161407817183633,0.0175610393655097,0.056905576949620236,-0.023696682464455
2024-10-04,-0.00975617494536607,0.017315945420607368,0.017639132599426642,0.008964641088228762,-0.033175355450236976
2024-10-07,0.0,0.017213373740847387,0.01752325990502774,-0.00594114940853212,-0.033175355450236976
2024-10-08,0.0048899852941932664,0.017233289578368095,0.017517031515522388,0.0011563284369216977,-0.028436018957345932
2024-10-09,0.0,0.016792615829517996,0.01736857705691876,-0.02590368281406292,-0.028436018957345932
2024-10-10,0.009708814126959453,0.014411053123026681,0.017370329056358925,-0.1529436672840811,-0.018957345971563955
2024-10-11,0.0048192864359499765,0.014079952363199795,0.01713234916000519,-0.023243506386039545,-0.014218009478673022
2024-10-14,0.0,0.01397660384798836,0.01713234916000519,-0.007367184211877839,-0.014218009478673022
2024-10-15,-0.0048192864359499765,0.013908325400907542,0.017048498273075363,-0.004897163909248498,-0.018957345971563955
2024-10-16,0.0048192864359499765,0.013618065754593733,0.017022846125016398,-0.021090319663549517,-0.014218009478673022
2024-10-17,-0.0048192864359499765,0.013373934738411537,0.017058675102091348,-0.018089618266685915,-0.018957345971563955
2024-10-18,0.0048192864359499765,0.012622941686044062,0.01705871644402494,-0.057791672297690166,-0.014218009478673022
2024-10-21,0.0,0.012321166831761945,0.016800117239849557,-0.024197243707043542,-0.014218009478673022
2024-10-22,-0.0048192864359499765,0.012437346647171152,0.016837965248737388,0.009385100960670446,-0.018957345971563955
2024-10-23,0.019139340210697853,0.012838067435859923,0.015682615643981074,0.0317109780784331,0.0
2024-10-24,-0.004750602758598177,0.012235344146155265,0.01565438619285875,-0.04808591283191727,-0.004739336492891044
2024-10-25,-0.0095694510161497,0.01251857517671371,0.0156872658609659,0.0228847124223665,-0.014218009478673022
2024-10-28,0.0,0.011534181841150787,0.015691410778378108,-0.08189852651231992,-0.014218009478673022
2024-10-29,-0.0048192864359499765,0.008624355066096715,0.015701861144618093,-0.2907244830366156,-0.018957345971563955
2024-10-30,-0.009708814126959453,0.008838243735751546,0.01561587070797208,0.024497971248493004,-0.028436018957345932
2024-10-31,0.009708814126959453,0.0074117303388129465,0.015635945712844806,-0.17602404066175986,-0.018957345971563955
2024-11-01,-0.01459879942115272,0.007823230357337792,0.015035078571849735,0.05403356140715779,-0.033175355450236976
2024-11-04,-0.004914014802428923,0.007900019639082937,0.01504353826388178,0.009767674572048161,-0.03791469194312791
2024-11-05,-0.014888612493749065,0.008442610729659388,0.014982611563646608,0.06642626215291417,-0.05213270142180093
2024-11-06,0.004987541511038529,0.00855392546870118,0.014985382975100409,0.013098692383781231,-0.04739336492891
2024-11-07,0.0,0.008182515907558734,0.014931078515272369,-0.04439057218154795,-0.04739336492891
2024-11-08,0.009901070982710536,0.00846223724880344,0.014961514800170899,0.033613876986667235,-0.03791469194312791
2024-11-11,0.004914014802428923,0.008570072530958107,0.01493851229896307,0.012662592189730565,-0.033175355450236976
2024-11-12,0.0,0.008523799666910284,0.013383619457915046,-0.005413977874444241,-0.033175355450236976
2024-11-13,-0.004914014802428923,0.008467969884400649,0.01235841657612772,-0.006571407119991075,-0.03791469194312791
2024-11-14,0.0,0.008428533317270873,0.012314004472178034,-0.004668018179902854,-0.03791469194312791
2024-11-15,-0.004938281640582076,0.00835754981559534,0.011967509260837967,-0.00845746320348567,-0.042654028436018954
2024-11-18,0.009852296443011,0.008730396222292046,0.011977204381922738,0.04364540412975325,-0.033175355450236976
2024-11-19,0.00975617494536607,0.008996533033709463,0.011833581627180078,0.03002849565041149,-0.023696682464455
2024-11-20,0.0,0.00775925932874814,0.011822905637005459,-0.14795222508702932,-0.023696682464455
2024-11-21,-0.00975617494536607,0.007958026702946578,0.011789170966678319,0.02529415298040754,-0.033175355450236976
2024-11-22,-0.004914014802428923,0.00777397157995508,0.011630701297524266,-0.02339986109099019,-0.03791469194312791
2024-11-25,0.0,0.00777397157995508,0.011623273096083034,0.0,-0.03791469194312791
2024-11-26,-0.004938281640582076,0.007776918967385639,0.011458303812969712,0.00037906300816010173,-0.042654028436018954
2024-11-27,0.0,0.007518027082446183,0.011423557443884225,-0.03385644837501501,-0.042654028436018954
2024-11-28,0.014742281737204266,0.00795752335861814,0.011552425620605098,0.056813994645103345,-0.028436018957345932
2024-11-29,-0.0048899852941932664,0.00732199802786846,0.011564307875486646,-0.08323446116188998,-0.033175355450236976
2024-12-02,0.00975617494536607,0.007535516369015692,0.011574965525561892,0.028744075075630558,-0.023696682464455
2024-12-03,0.00484262447578665,0.006618412026044242,0.011584749551519521,-0.12977170928718704,-0.018957345971563955
2024-12-04,-0.009708814126959453,0.007039019426731199,0.011463928879006113,0.06161331825482548,-0.028436018957345932
2024-12-05,0.009708814126959453,0.00729752959722659,0.010491867036984069,0.03606695472280221,-0.018957345971563955
2024-12-06,0.014388737452099676,0.007631728978871001,0.010533186009042001,0.044778482812147594,-0.004739336492891044
2024-12-09,0.0,0.007601685446958092,0.010437199624751281,-0.003944425140876098,-0.004739336492891044
2024-12-10,-0.0095694510161497,0.007989012077739555,0.010411437661977713,0.04969705147480352,-0.014218009478673022
2024-12-11,0.004796172263493048,0.00790718521091149,0.010334212957745925,-0.010295227863136377,-0.009478672985781977
2024-12-12,-0.009615458699443025,0.008283751837059972,0.010320204526423038,0.046524062218493915,-0.018957345971563955
2024-12-13,-0.00484262447578665,0.00828018439964522,0.009957742477791767,-0.0004307470291435379,-0.023696682464455
2024-12-16,-0.01960847138837707,0.009189419675244547,0.010222002579469338,0.10418742882527737,-0.042654028436018954
2024-12-17,0.004938281640582076,0.008967073057883595,0.01023663933792869,-0.024493440621185095,-0.03791469194312791
2024-12-18,0.004914014802428923,0.00905511981566547,0.010238272597947235,0.009770993040730308,-0.033175355450236976
2024-12-19,-0.014815085785139459,0.009392038422987848,0.010034321799718105,0.0365319912576212,-0.04739336492891
2024-12-20,0.00496278934212846,0.009420677349313613,0.010024753356136526,0.00304463410271393,-0.042654028436018954
2024-12-23,0.004938281640582076,0.009491935717165766,0.009598605956409366,0.007535566814044951,-0.03791469194312791
2024-12-24,-0.004938281640582076,0.009491935717165766,0.008527839943710177,0.0,-0.042654028436018954
2024-12-25,0.0,0.009491935717165766,0.008527839943710177,0.0,-0.042654028436018954
2024-12-26,0.0,0.008836641464759034,0.007962672586129284,-0.07153560844893632,-0.042654028436018954
2024-12-27,0.034066554563606743,0.011702016982103774,0.009022409341573669,0.280854061822106,-0.009478672985781977
2024-12-30,-0.004796172263493048,0.011594635862848942,0.00904725768137189,-0.00921864512038218,-0.014218009478673022
2024-12-31,-0.009661910911736626,0.011760040774263998,0.00911754658885964,0.014164831989044724,-0.023696682464455
2025-01-02,-0.004866189651172803,0.011603683402933315,0.00913989592835155,-0.013384815761206651,-0.028436018957345932
2025-01-03,-0.024692612590371255,0.012596062539689498,0.009588538266677913,0.08206161792923734,-0.05213270142180093
2025-01-06,0.009950330853166989,0.01233368223627196,0.00966006326060999,-0.021050338377668548,-0.042654028436018954
2025-01-07,0.009852296443011,0.012609009197072033,0.00975179700255947,0.022077643388605194,-0.033175355450236976
2025-01-08,0.0,0.01246540795611647,0.009733971532074576,-0.011454120391826566,-0.033175355450236976
2025-01-09,0.0,0.012394554904761655,0.009711345888034021,-0.005700184396608041,-0.033175355450236976
2025-01-10,-0.009852296443011,0.012403117698098416,0.009772381023643025,0.0006906121318807545,-0.042654028436018954
2025-01-13,-0.00496278934212846,0.012404992568824475,0.009765298828899548,0.0001511497004778197,-0.04739336492891
2025-01-14,0.0,0.011626323808319464,0.009765298828899548,-0.06482714313225763,-0.04739336492891
2025-01-15,0.00496278934212846,0.011626900491485681,0.009774815386014659,4.9600232887926255e-05,-0.042654028436018954
2025-01-16,0.0,0.011563849951416962,0.009432413543282092,-0.0054375679821348655,-0.03809523809523807
2025-01-17,-0.00496278934212846,0.011123057575600115,0.009433987492712225,-0.038863601447129165,-0.042857142857142816
2025-01-20,0.009901070982710536,0.011292541516287431,0.009459614609528984,0.015122238632702886,-0.033333333333333326
2025-01-21,0.0,0.011238423493488298,0.009459614609528984,-0.004803884681514736,-0.033333333333333326
2025-01-22,-0.009901070982710536,0.011406725179059132,0.009522344638932624,0.014864520278343049,-0.042857142857142816
2025-01-23,0.009901070982710536,0.011630716016629945,0.009537095789573607,0.019446404651195265,-0.033333333333333326
2025-01-24,0.00980400009662219,0.011824747803613209,0.009538773569838588,0.016545061668601965,-0.023809523809523836
2025-02-03,-0.0048899852941932664,0.008889972461116238,0.009370583164099801,-0.28527037579814823,-0.02857142857142858
2025-02-04,0.024214258120595744,0.01049584874373503,0.009853764417102619,0.16605569736060538,-0.004761904761904745
2025-02-05,0.0,0.010235232773620085,0.009645304853631801,-0.025143835231379575,-0.004761904761904745
2025-02-06,-0.009615458699443025,0.010425060413356595,0.00972009602650789,0.01837658316558579,-0.014285714285714235
2025-02-07,0.06544390825238544,0.016613872336815234,0.012836450875832616,0.4660251092801905,0.0
2025-02-10,0.0,0.01660656845295897,0.012791241171892806,-0.0004397220147047225,0.0
2025-02-11,-0.0136676387286645,0.017034475726833687,0.012929311450995117,0.02544095224240422,-0.013574660633484115
2025-02-12,0.009132483563272231,0.017063209303691946,0.012969759585591415,0.001685367600776908,-0.004524886877828038
2025-02-13,-0.009132483563272231,0.017290244305206072,0.013015141653730349,0.013217778762260613,-0.013574660633484115
2025-02-14,0.0,0.017033685815114268,0.013015141653730349,-0.014949518765896199,-0.013574660633484115
2025-02-17,0.0665433907766122,0.021903432454884474,0.015482551395412075,0.25145032514430127,0.0
2025-02-18,0.025425098365809973,0.02218812694085928,0.015738363535896294,0.012913959827050927,0.0
2025-02-19,-0.025425098365809973,0.0234585572661603,0.01611946083082565,0.05567799599448437,-0.025104602510460206
2025-02-20,0.05834988306227551,0.026013338672795684,0.017678291568046692,0.10337404675181673,0.0
2025-02-21,-0.008130126083250033,0.0261190107606474,0.017659602108552684,0.004053996920756052,-0.0080971659919028
2025-02-24,-0.012320484388039787,0.026587302093073594,0.017741924575024392,0.017770299325719812,-0.020242914979757054
2025-02-25,0.008230499136514524,0.026507720901182114,0.017750711357241513,-0.0029976904433098505,-0.012145748987854255
2025-02-26,0.0,0.026223182780210314,0.017724397857622778,-0.010792182757651411,-0.012145748987854255
2025-02-27,0.0,0.02631235818005539,0.017724397857622778,0.003394861836868587,-0.012145748987854255
2025-02-28,-0.004106781952653904,0.026478830954334117,0.01768241414131493,0.006306857858195725,-0.01619433198380571
2025-03-03,0.008196767204179167,0.026291494547146774,0.017666226688650775,-0.007100093523972876,-0.0080971659919028
2025-03-04,0.020202707317519497,0.026185665333891175,0.017784498097353323,-0.004033347712802655,0.0
2025-03-05,-0.008032171697264445,0.0263910470437696,0.017842244142098042,0.007812686154676474,-0.008000000000000007
2025-03-06,0.004024150299725804,0.026071085526361466,0.017764209677453582,-0.01219795486773045,-0.0040000000000000036
2025-03-07,-0.016194685919980856,0.023020118752038445,0.017918448457061673,-0.12445825322501165,-0.020000000000000018
2025-03-10,0.0,0.023020118752038445,0.01785702453878926,0.0,-0.020000000000000018
2025-03-11,0.0,0.022631533307091785,0.01785702453878926,-0.017024341612281276,-0.020000000000000018
2025-03-12,0.008130126083250033,0.022624962920928835,0.017799201456168777,-0.0002903619967567775,-0.01200000000000001
2025-03-13,-0.004056800695614982,0.022476772500003902,0.01781959678414053,-0.006571405162463701,-0.016000000000000014
2025-03-14,0.0,0.022476772500003902,0.01774991173284681,0.0,-0.016000000000000014
2025-03-17,0.05535009508316513,0.020980570274734957,0.018965608586186906,-0.06888562650048576,0.0
2025-03-18,0.011472401162237134,0.02050921555519771,0.018736258014092465,-0.022722449061939924,0.0
2025-03-19,-0.026976587698202437,0.02063206128947874,0.019168697162943088,0.005971911864585776,-0.026615969581749055
2025-03-20,0.030771658666754576,0.01754952980366367,0.019480786156137374,-0.1618189963053402,0.0
2025-03-21,-0.01912104144677862,0.018090947969475097,0.019560157470131852,0.03038452619814787,-0.018939393939393923
2025-03-24,0.0,0.01775641732705355,0.0195674779860183,-0.018664700442179525,-0.018939393939393923
2025-03-25,-0.019493794681000765,0.01842848627618335,0.019803435036414338,0.03715062395090709,-0.037878787878787845
2025-03-26,0.011741817876682603,0.018547786873538873,0.019796685568249577,0.00645283781348493,-0.02651515151515149
2025-03-27,-0.007812539736793411,0.018687069509323525,0.019849154087140893,0.007481334649460569,-0.03409090909090906
2025-03-28,-0.003929278139889192,0.01868395604262647,0.019868655544875373,-0.00016662454358840488,-0.037878787878787845
2025-03-31,-0.003944778291016249,0.01867657064734068,0.01949021160213051,-0.00039535799319406734,-0.04166666666666663
2025-04-01,0.0,0.01815695975092616,0.019466747585699197,-0.02821587187361689,-0.04166666666666663
2025-04-02,0.02729214228800636,0.01897317579171377,0.019634714930396653,0.04397221294682829,-0.015151515151515138
2025-04-03,-0.07174390485883997,0.025174785527808392,0.021906483565327373,0.28281660827735583,-0.08333333333333337
2025-04-04,-0.016667052485212608,0.025189587834048597,0.021759996949727124,0.0005878083970976047,-0.09848484848484851
2025-04-08,-0.06959329179919571,0.02942888172204781,0.023663009759873874,0.15554577849863704,-0.15909090909090906
2025-04-09,-0.03670136685042813,0.030238489071570136,0.024145269940330977,0.02713901276893532,-0.18939393939393945
2025-04-10,0.06336961393258989,0.03396382680520303,0.025459952540969177,0.11618041898814413,-0.13636363636363635
2025-04-11,0.030239885189718763,0.03481604964542358,0.025720609891219673,0.024782429202277093,-0.10984848484848486
2025-04-14,0.021053409197831385,0.03520495154605098,0.025781335760697237,0.011108261290617856,-0.09090909090909094
2025-04-15,0.004158010148664459,0.03264207937005784,0.02576123318703884,-0.07558448507368454,-0.08712121212121215
2025-04-16,-0.004158010148664459,0.03244383668259574,0.02577509727658042,-0.006091740014470575,-0.09090909090909094
2025-04-17,0.01652930195121094,0.032321116020274154,0.025833551414131687,-0.0037897278135553005,-0.0757575757575758
2025-04-18,0.004089985251525263,0.03141787712839364,0.02583049904544285,-0.02834368828862148,-0.07196969696969702
2025-04-21,0.008130126083250033,0.03130618896446745,0.025815529364091337,-0.003561256573804654,-0.06439393939393945
2025-04-22,-0.004056800695614982,0.03130315376865964,0.02581916056409286,-9.69566108865053e-05,-0.06818181818181823
2025-04-23,0.02805795279515877,0.031753092273724186,0.0260135406911451,0.014271258665185247,-0.04166666666666663
2025-04-24,0.00787405643090544,0.03168826385977558,0.025957526465524773,-0.0020437273106091434,-0.03409090909090906
2025-04-25,0.0,0.03164007391884239,0.025950626986148084,-0.001521907465313494,-0.03409090909090906
2025-04-28,-0.015810606026642304,0.031828710155271896,0.026060655872585072,0.005944236530673679,-0.0492424242424242
2025-04-29,0.0,0.031819074545488664,0.026042013217896866,-0.00030277901656296236,-0.0492424242424242
2025-05-05,0.011881327886753112,0.03193756567465447,0.025923791645090326,0.003716984709650245,-0.037878787878787845
2025-05-06,-0.003944778291016249,0.03130023472300235,0.02593717259275179,-0.02015732128010605,-0.04166666666666663
2025-05-07,0.0,0.026562385740130492,0.02588640251759849,-0.16412939454232323,-0.04166666666666663
2025-05-08,0.06503247027085379,0.02961166960509795,0.0258697227131007,0.10867234315712083,0.0
2025-05-09,-0.0037105793965359624,0.02382233054633688,0.02588226892266914,-0.2175450459447525,-0.0037037037037036535
2025-05-12,-0.01498155361561615,0.022027901051164343,0.025897398904940812,-0.07831348540941219,-0.01851851851851849
2025-05-13,0.007518832414026733,0.018206463846759724,0.025892027920217903,-0.19053309670211319,-0.011111111111111072
2025-05-14,0.014870162479452276,0.01752529513994548,0.025883255784827027,-0.03813139223679932,0.0
2025-05-15,-0.026169717733385056,0.018692493807643772,0.026164379710624335,0.06447673312738844,-0.02583025830258301
2025-05-16,0.0037807228399060477,0.018693329519349808,0.024808100276099854,4.4707388241422895e-05,-0.022140221402214055
2025-05-19,-0.007575793808458187,0.01879436694991117,0.024648525551384602,0.005390441708907473,-0.029520295202952074
2025-05-20,0.018832948333091792,0.01887835196805369,0.02448793125292981,0.004458670098752919,-0.011070110701106972
2025-05-21,-0.011257154524633606,0.019213009649752283,0.023414410890984033,0.01757175919433865,-0.022140221402214055
2025-05-22,0.0037664827954770885,0.019187485838719473,0.02338465310616652,-0.0013293475083272618,-0.01845018450184499
2025-05-23,0.014925650216675024,0.0192526939733845,0.02337882469789104,0.0033927085463543237,-0.0036900369003689537
2025-05-26,0.01834913866819754,0.018747304595173032,0.023462163128298057,-0.02660099645073469,0.0
2025-05-27,-0.01834913866819754,0.019380847449175023,0.02360772132100724,0.033235328938904525,-0.018181818181818188
2025-05-28,-0.014925650216675024,0.01977994284619782,0.023704245452718663,0.020383092771209466,-0.032727272727272716
2025-05-29,0.003752349618549644,0.01932550302453639,0.02369479434883069,-0.023242800962816994,-0.029090909090909056
2025-05-30,-0.003752349618549644,0.019375228774900995,0.023688365897408487,0.0025697577135765284,-0.032727272727272716
2025-06-02,0.011215070820139061,0.01935954430501573,0.023595497175039448,-0.000809838881034568,-0.021818181818181848
2025-06-03,0.0,0.01930649443484859,0.023564875712924774,-0.0027440036653786403,-0.021818181818181848
2025-06-04,0.011090686694158691,0.01937295564325705,0.023596081882365665,0.003436514186005953,-0.010909090909090868
2025-06-05,-0.022305757514297753,0.013860739221001684,0.023686649037459432,-0.3348175220188298,-0.032727272727272716
2025-06-06,-0.05010682005417877,0.017726469646567603,0.024601428944354853,0.24599849822858397,-0.07999999999999996
2025-06-09,-0.003960401216097864,0.01750650274071479,0.0246082021545295,-0.0124865785700307,-0.08363636363636362
2025-06-10,0.007905179507114113,0.01751836636125683,0.024607032371015716,0.0006774394609051814,-0.07636363636363641
2025-06-11,0.0,0.0170518847694364,0.024599967453118342,-0.02698908004230305,-0.07636363636363641
2025-06-12,-0.003944778291016249,0.016180823186899698,0.024606687656060288,-0.05243392255870689,-0.07999999999999996
2025-06-13,-0.007936549595736864,0.016167745199763866,0.023547876879692693,-0.0008085662157507486,-0.08727272727272728
2025-06-16,0.015810606026642304,0.01663650747138348,0.023592151719940085,0.02858128796126816,-0.07272727272727275
2025-06-17,0.0,0.01594085185830137,0.023334959534813432,-0.04271438611144143,-0.07272727272727275
2025-06-18,-0.003929278139889192,0.015812340168129626,0.022985126972005672,-0.008094449893076006,-0.07636363636363641
2025-06-19,0.0,0.01576089097740882,0.02285679505074969,-0.003259039496560691,-0.07636363636363641
2025-06-20,-0.003944778291016249,0.015230820278077838,0.022861517644197096,-0.034210570031389456,-0.07999999999999996
2025-06-23,-0.007936549595736864,0.01437905746070547,0.02274623250049364,-0.05754818093384422,-0.08727272727272728
2025-06-24,0.003976148379639,0.01411691208572889,0.02269918736369208,-0.018399274741414864,-0.08363636363636362
2025-06-25,-0.003976148379639,0.01385838304006689,0.022683143313475457,-0.01848318094151657,-0.08727272727272728
2025-06-26,0.0,0.013788776506885128,0.02267805207385689,-0.005035354882050522,-0.08727272727272728
2025-06-27,0.0,0.013804805749599625,0.022672723245426504,0.0011618087677371576,-0.08727272727272728
2025-06-30,0.003976148379639,0.013506870125825618,0.022678926430772198,-0.021818304077896422,-0.08363636363636362
2025-07-01,0.0,0.013506870125825618,0.022392799323165753,0.0,-0.08363636363636362
2025-07-02,0.003960401216097864,0.01319861741421657,0.020351426536233154,-0.023086354158440056,-0.07999999999999996
2025-07-03,0.0,0.012458275862194333,0.020223135217576176,-0.05772690777111287,-0.07999999999999996
2025-07-04,-0.007936549595736864,0.005729171636085001,0.01802085755213022,-0.7768132330438586,-0.08727272727272728
2025-07-07,0.003976148379639,0.005744192326522012,0.017288722383588823,0.002618355503052288,-0.08363636363636362
2025-07-08,0.0,0.0054352780784220536,0.015347789666738313,-0.055278531624267324,-0.08363636363636362
2025-07-09,-0.00796816964917646,0.005690809155508175,0.014929155205819151,0.045941678359619764,-0.09090909090909094
2025-07-10,0.0,0.005644015054654222,0.014696183236407907,-0.008256728690651183,-0.09090909090909094
2025-07-11,-0.02429269256904476,0.007607138592942634,0.015037106235027528,0.29849093638883756,-0.11272727272727268
2025-07-14,0.0,0.006457589256422125,0.01502622983886579,-0.1638307929464075,-0.11272727272727268
2025-07-15,-0.008230499136514524,0.006570949351082594,0.01491183997324894,0.017402225198954378,-0.12
2025-07-16,0.0,0.006588343828927818,0.014901533560899152,0.002643677179523573,-0.12
2025-07-17,0.0,0.006588343828927818,0.01486136325109674,0.0,-0.12
2025-07-18,0.0,0.006599327065282879,0.01485339685271633,0.001665680365512809,-0.12
2025-07-21,0.012320484388039787,0.007203089497459769,0.014478855656186479,0.087542219814532,-0.10909090909090913
2025-07-22,0.016194685919980856,0.00812520882627351,0.014600106431269131,0.12046124116966028,-0.0945454545454546
2025-07-23,-0.008064559836730822,0.008264880058616184,0.014633474387903906,0.0170437688241447,-0.10181818181818181
2025-07-24,0.0,0.008264880058616184,0.014495372229665052,0.0,-0.10181818181818181
2025-07-25,0.004040409537005019,0.008334632964370828,0.014506018366260292,0.008404250435217735,-0.09818181818181815
2025-07-28,0.004024150299725804,0.008336027260563855,0.014430370085226987,0.00016727526141293683,-0.0945454545454546
2025-07-29,0.0,0.008336027260563855,0.014422612242490754,0.0,-0.0945454545454546
2025-07-30,0.004008021397538641,0.008337404728325067,0.014433141316989351,0.00016522886385668186,-0.09090909090909094
2025-07-31,0.00796816964917646,0.008554949516252268,0.011679277588552955,0.025757991456865394,-0.08363636363636362
2025-08-01,0.0,0.008358925248512138,0.011675311887512432,-0.02318011879192004,-0.08363636363636362
2025-08-04,-0.003976148379639,0.008358925248512138,0.01153899381194642,0.0,-0.08727272727272728
2025-08-05,0.007936549595736864,0.008554949516252268,0.011544286964861893,0.023180118791920102,-0.07999999999999996
2025-08-06,0.0,0.008337404728325065,0.011358159576484474,-0.025757991456865525,-0.07999999999999996
2025-08-07,0.011787955752041057,0.008701726367406177,0.010991914151028813,0.0427694045048961,-0.06909090909090909
2025-08-08,0.0,0.006330483089706737,0.010977711130955971,-0.31814445781679135,-0.06909090909090909
2025-08-11,0.015504186535965303,0.006940922614222823,0.011131562769492398,0.09205801755275929,-0.054545454545454564
2025-08-12,-0.003853569315989347,0.006624131961998088,0.010856308132319808,-0.04671529962868441,-0.05818181818181822
2025-08-13,-0.003868476777920904,0.006783041688268011,0.010774617719400059,0.023706253887086567,-0.06181818181818177
2025-08-14,0.0,0.006783041688268011,0.010760621092916553,0.0,-0.06181818181818177
2025-08-15,-0.007782140442055052,0.007187488289582181,0.010606797927152464,0.05791606595080694,-0.06909090909090909
2025-08-18,-0.0039138993211356166,0.006970569706607859,0.010307640539351204,-0.030644775158655303,-0.0625
2025-08-19,0.023256862164267034,0.007850764613446618,0.010535378996193178,0.1189138108046449,-0.0404411764705882
2025-08-20,-0.011560822401076365,0.008128947395939928,0.01046637046633546,0.03482046995600448,-0.05147058823529416
2025-08-21,0.0,0.008128947395939928,0.010451676902989369,0.0,-0.05147058823529416
2025-08-22,-0.0038835000263972574,0.008225949437274718,0.010452367108629528,0.011862265003001277,-0.05514705882352944
2025-08-25,-0.007812539736793411,0.008478113986576288,0.010377011225090327,0.030194258573948217,-0.0625
2025-08-26,0.0039138993211356166,0.008494342847924392,0.010394991978025169,0.0019123745405383976,-0.05882352941176472
2025-08-27,-0.007843177461024808,0.008712389582673036,0.01031419179420112,0.025345678486842264,-0.045112781954887216
2025-08-28,0.01562531790307986,0.009198917813447555,0.010156206639432706,0.054339684888286256,-0.011494252873563204
2025-08-29,0.0,0.009198917813447555,0.007794205180749506,0.0,-0.011494252873563204
2025-09-03,-0.007782140442055052,0.00934926130944519,0.007845278180038705,0.01621147019794741,-0.019157088122605415
2025-09-04,-0.0039138993211356166,0.009260691145489353,0.007798367854523908,-0.009518641997734854,-0.02298850574712641
2025-09-05,-0.003929278139889192,0.009311025751896046,0.007815406858662671,0.005420573200192005,-0.026819923371647514
2025-09-08,-0.007905179507114113,0.009058646056474216,0.007865849434158965,-0.027479565733086114,-0.03448275862068961
2025-09-09,0.0,0.009058646056474216,0.007797688433527789,0.0,-0.03448275862068961
2025-09-10,0.0,0.008215220029718378,0.007518775079062051,-0.09773101863398503,-0.03448275862068961
2025-09-11,0.003960401216097864,0.008286036073901482,0.007537895689580873,0.008583151811083812,-0.03065134099616862
2025-09-12,0.0,0.008264901285291166,0.00752139003896285,-0.0025539066579865787,-0.03065134099616862
2025-09-15,-0.015936592262812965,0.008908752147839911,0.007795428573038427,0.07501630598493603,-0.04597701149425293
2025-09-16,0.0,0.008801894054746746,0.007781058394458571,-0.012067235481079108,-0.04597701149425293
2025-09-17,-0.008064559836730822,0.008912861905906361,0.007783214605082638,0.012528445505581402,-0.05363984674329503
2025-09-18,-0.004056800695614982,0.006729957984531115,0.0077780636916707935,-0.28092612692504465,-0.05747126436781613
2025-09-19,-0.004073325387635052,0.006427769684906852,0.007778830705448793,-0.04594121351312611,-0.06130268199233713
2025-09-22,0.004073325387635052,0.006576794420465749,0.007800155113939661,0.022919803981163278,-0.05747126436781613
2025-09-23,0.004056800695614982,0.006719461193786204,0.00782066694570043,0.021460483052127007,-0.05363984674329503
2025-09-24,0.0,0.006588629204148531,0.007800917623572072,-0.019662626905686226,-0.05363984674329503
2025-09-25,0.008064559836730822,0.006832114939103214,0.007875885886689329,0.03628891052634222,-0.04597701149425293
2025-09-26,-0.008064559836730822,0.0068432970117058,0.007921101450589592,0.0016353523800781951,-0.05363984674329503
2025-09-29,0.008064559836730822,0.006011754436176262,0.007996071253622563,-0.12955280718826034,-0.04597701149425293
2025-09-30,0.0,0.006011754436176262,0.007932415359575803,0.0,-0.04597701149425293
2025-10-01,0.0,0.005852235941948074,0.00791408959079262,-0.0268927795851266,-0.04597701149425293
2025-10-02,-0.004024150299725804,0.005854793578114437,0.007929406171575792,0.0004369395042995961,-0.04980842911877392
2025-10-03,0.0,0.005831039573694991,0.007864696175369447,-0.004065434817220162,-0.04980842911877392
2025-10-06,0.012024192966801905,0.006307439173915687,0.008019831548131134,0.07853432950879173,-0.03831417624521072
2025-10-07,-0.00399202126953746,0.0063637299760590585,0.007377215874123678,0.00888490760949352,-0.04214559386973182
2025-10-08,0.0,0.0063637299760590585,0.007377215874123678,0.0,-0.04214559386973182
2025-10-09,0.0,0.006282052101011762,0.007289928849258753,-0.012917964455106713,-0.04214559386973182
2025-10-10,0.0,0.006282052101011762,0.007289928849258753,0.0,-0.04214559386973182
2025-10-13,-0.004008021397538641,0.005226567738175844,0.0073133060933439084,-0.1839415748856857,-0.04597701149425293
2025-10-14,-0.008064559836730822,0.005528911881170757,0.007395831278908947,0.05623612660066973,-0.05363984674329503
2025-10-15,-0.012220111334775297,0.005897759436723047,0.007400674890997725,0.06458137952556142,-0.06513409961685823
2025-10-16,0.004089985251525263,0.005928499702087806,0.007109074098561913,0.005198648575089191,-0.06130268199233713
2025-10-17,0.0,0.005858114861623796,0.007035056881379187,-0.011943303533736169,-0.06130268199233713
2025-10-20,-0.008196767204179167,0.006048488019779664,0.0071115510539201,0.0319804171300266,-0.06896551724137934
2025-10-21,0.02036730282443422,0.007609484541608019,0.007576525131485685,0.2295867693522353,-0.04980842911877392
2025-10-22,0.012024192966801905,0.008054664337069792,0.007717623463829379,0.05685583652135646,-0.03831417624521072
2025-10-23,0.0,0.007871805608628669,0.007717623463829379,-0.022963850125999694,-0.03831417624521072
2025-10-24,0.03137512256775388,0.01022735237753867,0.008697062152303184,0.2617779788364793,-0.007662835249042099
2025-10-27,0.03415891881131827,0.012420979504872004,0.009675870330750107,0.1943210289999079,0.0
2025-10-28,-0.003738322110606873,0.01250704983129698,0.00969460660985773,0.006905527768769721,-0.003731343283582045
2025-10-29,-0.007518832414026733,0.012728509394507696,0.009735902657068205,0.01755182605936921,-0.011194029850746245
2025-10-30,0.007518832414026733,0.012649266584441371,0.00973093711572147,-0.006245070901904566,-0.003731343283582045
2025-10-31,0.003738322110606873,0.012619439882353483,0.009737058160550932,-0.0023607613133635207,0.0
2025-11-03,0.0,0.01249674112510144,0.009633247382389507,-0.009770564690329804,0.0
2025-11-04,-0.011257154524633606,0.012820546372828244,0.009757195365594514,0.02558114883346339,-0.011194029850746245
2025-11-05,0.0037664827954770885,0.012803149213087594,0.009568661809824738,-0.0013578953727852252,-0.007462686567164201
2025-11-06,0.0,0.012803149213087594,0.009552681712863763,0.0,-0.007462686567164201
2025-11-07,0.0,0.012803149213087594,0.009536119174394592,0.0,-0.007462686567164201
2025-11-10,0.06547792937950625,0.018797134840781233,0.012698972621288504,0.3840130341366573,0.0
2025-11-11,0.013986241974739855,0.018538103190944785,0.012737277815669162,-0.01387620280862571,0.0
2025-11-12,0.0034662079764871123,0.017975196955851404,0.01271517823709916,-0.03083536824346886,0.0
2025-11-13,-0.017452449951226967,0.018873995696433152,0.012652325292788046,0.04879219833371299,-0.01730103806228378
2025-11-14,0.04475790064149443,0.02053275536545051,0.013718111331943297,0.08423630530241527,0.0
2025-11-17,-0.006756782462879585,0.02046940502814764,0.013765350131686265,-0.0030900984827746717,-0.006734006734006703
2025-11-18,-0.006802747322753433,0.020624894438656196,0.013792470062563324,0.007567476700226354,-0.013468013468013518
2025-11-19,-0.013745920904634445,0.02117993608829492,0.013886316638684285,0.02655549583100195,-0.026936026936026924
2025-11-20,0.010327114155849415,0.021124861611454927,0.013925252140599198,-0.002603699103232348,-0.01683501683501687
2025-11-21,0.0068259650703996755,0.0203682274273734,0.013874742981963967,-0.036474397031355035,-0.010101010101010055
2025-11-24,0.0,0.019317602939543224,0.013769256113788698,-0.05295943133205489,-0.010101010101010055
2025-11-25,0.030153038170688262,0.020018696231166314,0.01423097492554869,0.03564988068390391,0.0
2025-11-26,-0.009950330853168765,0.020114345511455595,0.014260712168216807,0.004766616711361499,-0.00990099009900991
2025-11-27,-0.020202707317519497,0.02095639132310318,0.014539969282772907,0.04101038741957987,-0.02970297029702973
2025-11-28,0.0,0.02098316903852786,0.014519942539724419,0.001276966475702757,-0.02970297029702973
2025-12-01,0.013513719166722282,0.021043734607910078,0.01452465106242809,0.002882229107202047,-0.01650165016501648
2025-12-02,0.010016778243471691,0.020697304170823987,0.014549532871199419,-0.016599406043547427,-0.0066006600660065695
2025-12-03,-0.010016778243471691,0.02101554803148771,0.01464126714518867,0.015259080414103116,-0.01650165016501648
2025-12-04,0.019934214900818148,0.021203859063425843,0.014807119385264671,0.008920645952705553,0.0
2025-12-05,0.0,0.021203859063425843,0.014807119385264671,0.0,0.0
2025-12-08,-0.006600684031353055,0.01622439419915694,0.014652349865640487,-0.26766712726355096,-0.006578947368421018
2025-12-09,0.026145280104323376,0.016869836525657964,0.014941010581309984,0.03901125829056759,0.0
2025-12-10,0.0,0.01688994774674361,0.01486992732065927,0.0011914300984905398,0.0
2025-12-11,0.006430890330289429,0.01615851227694716,0.014837774699547118,-0.04427162349007453,0.0
2025-12-12,0.0,0.01313547536120845,0.014809682440628986,-0.20713023145085177,0.0
2025-12-15,-0.02597548640325975,0.014479695352059391,0.015307856805669436,0.09743066393316381,-0.02564102564102566
2025-12-16,-0.003294895896852168,0.014394793965516666,0.015332956511691365,-0.005880732398781948,-0.028846153846153855
2025-12-17,0.0,0.013940592628116484,0.015332956511691365,-0.03206167120160628,-0.028846153846153855
2025-12-18,0.009852296443011,0.013926717408419245,0.015343896255056288,-0.0009958055418755488,-0.019230769230769273
2025-12-19,-0.019802627296179764,0.014725411277880188,0.015566226838533604,0.055765509838051404,-0.038461538461538436
2025-12-22,0.0033277900926744763,0.014732196122745856,0.015553349476015214,0.0004606511511176218,-0.03525641025641024
2025-12-23,-0.0033277900926744763,0.01307532164558388,0.015570736203717198,-0.11930861549044108,-0.038461538461538436
2025-12-24,0.01652930195121094,0.013404270703056304,0.01566082376571053,0.024846736901484284,-0.022435897435897467
2025-12-25,-0.0032840752011900065,0.012511412541704223,0.015655183002573948,-0.0689320810132968,-0.02564102564102566
2025-12-26,0.0,0.012511412541704223,0.015655183002573948,0.0,-0.02564102564102566
2025-12-29,-0.006600684031353055,0.012316379590967598,0.015665792972622855,-0.015711167904659016,-0.03205128205128205
2025-12-30,0.006600684031353055,0.01220305284588517,0.01564438344766924,-0.009243889303742408,-0.02564102564102566
2025-12-31,-0.009917436657346457,0.012198568002837416,0.015731553238776057,-0.0003675853706770461,-0.03525641025641024
2026-01-05,-0.0033277900926744763,0.01132589584931713,0.015748503985980867,-0.07422673293642304,-0.038461538461538436
2026-01-06,-0.01680711831638071,0.011883948206423767,0.01595163339043384,0.048096785935483555,-0.054487179487179516
2026-01-07,-0.01709443335930061,0.012343642685818031,0.016134142507409886,0.03795253758926891,-0.07051282051282048
2026-01-08,-0.0069204428445743815,0.010439111536308563,0.01612206778827689,-0.16758154350731627,-0.07692307692307687
2026-01-09,-0.0034782643763247023,0.010403479211570964,0.01602544931254265,-0.003419183890431828,-0.08012820512820518
2026-01-12,0.006944472352811815,0.01043080099843186,0.016033864756814783,0.0026227713191759768,-0.07371794871794868
2026-01-13,0.006896579059059604,0.010675172452479821,0.016038515346796064,0.023157628224643168,-0.06730769230769229
2026-01-14,0.0,0.00928428674086236,0.01597746567144734,-0.13959720002538462,-0.06730769230769229
2026-01-15,-0.038533664002242674,0.012345148134334035,0.016686338254726304,0.2849394817902441,-0.10256410256410253
2026-01-16,0.01769957709940151,0.013244638188947508,0.01675991847695136,0.07032962826970958,-0.08653846153846156
2026-01-19,0.003502630551201591,0.012992478555461873,0.016758518748006913,-0.019222173527596254,-0.08333333333333337
2026-01-20,0.01043487729257997,0.012737631789390113,0.016353264538798883,-0.019809856906049784,-0.07371794871794868
2026-01-21,0.06691458878531265,0.019979667893219543,0.017922388587543973,0.45015412149322354,-0.009615384615384581
2026-01-22,-0.02291425952287618,0.020686558512136792,0.01820200256501898,0.03476897388992205,-0.03205128205128205
2026-01-23,-0.023451661035048588,0.02096882973962439,0.018458426450792976,0.013552888326927973,-0.054487179487179516
2026-01-26,-0.02401487620387499,0.021557116722688324,0.018739260766631634,0.027668954420879296,-0.07692307692307687
2026-01-27,-0.0034782643763247023,0.021548188035274588,0.018746254646595056,-0.0004142730667993523,-0.08012820512820518
2026-01-28,-0.06106025676124638,0.025178590698149744,0.020394220127288688,0.1557022599151932,-0.13461538461538458
2026-01-29,0.0,0.025053194648863075,0.02033945118027366,-0.004992705673243701,-0.13461538461538458
2026-01-30,-0.014925650216675024,0.025120083981813337,0.020428592080980024,0.002666333464372942,-0.14743589743589747
2026-02-02,-0.026668247082161756,0.02551956474681311,0.020716675194594653,0.015777711904394597,-0.16987179487179482
2026-02-03,0.0,0.02546835016832375,0.020716675194594653,-0.002008890762029898,-0.16987179487179482
2026-02-04,0.0,0.02538104259054029,0.018823279834338135,-0.003433969394800208,-0.16987179487179482
2026-02-05,-0.011650617219975956,0.025415493396211113,0.01875581677717166,0.0013564230993113589,-0.17948717948717952
2026-02-06,0.011650617219975956,0.025714408977879185,0.018825603647663038,0.011692526540447373,-0.16987179487179482
2026-02-09,-0.007751976804318161,0.025560648995327225,0.018730548437953094,-0.005997472827773395,-0.17628205128205132
2026-02-10,0.0038835000263972574,0.025490240585943187,0.017730100150768657,-0.00275836237214069,-0.17307692307692313
2026-02-11,-0.03149866705937043,0.026065426897192042,0.018117900405126505,0.022314130818529395,-0.19871794871794868
2026-02-12,0.015873349156290573,0.02549930297189556,0.01826799726603946,-0.021958670390337574,-0.1858974358974359
2026-02-13,0.019493794681000765,0.025585905081018614,0.018420866160484408,0.003390498403742165,-0.16987179487179482
2026-02-23,0.0,0.02553814880157839,0.018353504077572247,-0.0018682506969395919,-0.16987179487179482
2026-02-24,-0.003868476777920904,0.025283399557129663,0.01831824571432808,-0.01002532532344284,-0.17307692307692313
2026-02-25,0.003868476777920904,0.01887500701814157,0.018332840081802332,-0.2923092351481085,-0.16987179487179482
2026-02-26,-0.007751976804318161,0.01858157172836877,0.017848837302429255,-0.01566833629779993,-0.17628205128205132
