date,vol_20,vol_60,vol_change,max_drawdown_60
2019-03-13,0.04667187487284077,0.05033438565626095,-0.00522597293046316,-0.5098252709078654
2019-03-14,0.04400763437730012,0.0494884718181401,-0.060120777957028936,-0.5098252709078654
2019-03-15,0.040844297651835906,0.04856884311432368,-0.07618874264514332,-0.5098252709078654
2019-03-18,0.040844297651835906,0.04766043061292365,0.0,-0.5098252709078654
2019-03-19,0.03719222376717394,0.04668507870247327,-0.09550540568490977,-0.4736959305238546
2019-03-20,0.032858764288041194,0.04609696301954588,-0.12606053685090438,-0.4350424285885025
2019-03-21,0.03143889249839488,0.04547663478366793,-0.044886491505128356,-0.4350424285885025
2019-03-22,0.025598096991676436,0.04547663478366793,-0.20846193448551253,-0.39397435897435895
2019-03-25,0.026368114602112164,0.04581704246149326,0.030024152181507523,-0.30292171995589856
2019-03-26,0.023372833888299135,0.04507333847496002,-0.12208489650597591,-0.25177514792899414
2019-03-27,0.024032678500994036,0.0451292996929036,0.028171319305381495,-0.14283442023222526
2019-03-28,0.025976050719871278,0.0450444515640846,0.07873618328932935,-0.061749571183533414
2019-03-29,0.028161190935553478,0.04483049212370856,0.08186730401479737,-0.00383892836723021
2019-04-01,0.03178682398121596,0.04486558966358338,0.12292887368532776,-0.0733480356121865
2019-04-02,0.03371010178745366,0.044602891038323364,0.05971255459583919,-0.011598464428653088
2019-04-03,0.03392734745683782,0.04408034524959346,0.006533083238990305,0.0
2019-04-04,0.03399480760464265,0.04362589456873101,0.002020317034498379,0.0
2019-04-05,0.03507978124431901,0.043784114985341786,0.03196273646432752,0.0
2019-04-08,0.03507978124431901,0.043784114985341786,0.0,0.0
2019-04-09,0.03508036699606329,0.04384105262716656,1.699214633295442e-05,0.0
2019-04-10,0.03538597057728628,0.04384105262716656,0.00882749766521552,0.0
2019-04-11,0.03538597057728628,0.04384105262716656,0.0,0.0
2019-04-12,0.040579421958981156,0.04482941614623013,0.13955878717526074,-0.06995275368450748
2019-04-16,0.040579421958981156,0.04385395019954857,0.0,-0.06995275368450748
2019-04-17,0.0408661791898527,0.04388434894011069,0.007186066466358759,-0.07996615189337841
2019-04-18,0.0408661791898527,0.04388434894011069,0.0,-0.07996615189337841
2019-04-19,0.04156778017528874,0.04398831617440662,0.017375751983393032,-0.09999294831112049
2019-04-22,0.04156778017528874,0.04306662687916025,0.0,-0.09999294831112049
2019-04-23,0.041376603656767465,0.042751594970960316,-0.004706007974391917,-0.03998307594668926
2019-04-24,0.041376603656767465,0.04208472688440426,0.0,-0.03998307594668926
2019-04-25,0.039954157287415554,0.04208472688440426,-0.03569889776950121,-0.03998307594668926
2019-04-26,0.03819262607888693,0.04103810687869126,-0.04597675633237734,-0.03998307594668926
2019-05-02,0.036357559720333,0.03983111254227446,-0.050163529762622464,-0.03998307594668926
2019-05-03,0.0316755433944265,0.03928743626201384,-0.14021151071073007,-0.0332839715111769
2019-05-06,0.02965012149410817,0.03942334658983381,-0.06709652306103626,-0.05331076792891898
2019-05-07,0.028904891232544905,0.039455516375016236,-0.02582982006270113,-0.0332839715111769
2019-05-08,0.027917327717190188,0.03946136957253361,-0.03525937405687719,-0.0332839715111769
2019-05-09,0.024146095226002827,0.03946136957253361,-0.14701862369750252,-0.0332839715111769
2019-05-10,0.024146095226002827,0.038215728431657756,0.0,-0.0332839715111769
2019-05-13,0.023663638630515,0.03755210173705031,-0.020425224597067984,-0.0332839715111769
2019-05-14,0.023663638630515,0.037443392137314145,0.0,-0.0332839715111769
2019-05-15,0.023663638630515,0.036145727878929806,0.0,-0.0332839715111769
2019-05-16,0.017049388348491398,0.03475550265086995,-0.2432789713806565,-0.0332839715111769
2019-05-17,0.017049388348491398,0.03475550265086995,0.0,-0.0332839715111769
2019-05-20,0.016799419436630204,0.03331391431862172,-0.014895328903612715,-0.0332839715111769
2019-05-21,0.016799419436630204,0.03180135633312394,0.0,-0.0332839715111769
2019-05-22,0.015827420273437788,0.03133229536994188,-0.06008771666903331,-0.0332839715111769
2019-05-23,0.015827420273437788,0.029592447415627658,0.0,-0.0332839715111769
2019-05-24,0.0069434170498476125,0.02891167477499792,-0.2432789713806565,-0.0332839715111769
2019-05-27,0.010175517580501694,0.02817074925554924,0.31521590985559206,0.0
2019-05-28,0.010175517580501694,0.027479650763945446,0.0,0.0
2019-05-29,0.010175517580501694,0.027149812913142436,0.0,0.0
2019-05-30,0.010175517580501694,0.027160858685696176,0.0,0.0
2019-05-31,0.012229481810623919,0.026654583939087102,0.18489371507344318,0.0
2019-06-03,0.010887655166083919,0.026654583939087102,-0.11689208962199386,0.0
2019-06-04,0.010207986676384322,0.026654583939087102,-0.06479954296205967,0.0
2019-06-05,0.010207986676384322,0.026654583939087102,0.0,0.0
2019-06-06,0.010207986676384322,0.026654583939087102,0.0,0.0
2019-06-07,0.010207986676384322,0.026654583939087102,0.0,0.0
2019-06-10,0.010207986676384322,0.026623183278971153,0.0,0.0
2019-06-11,0.010207986676384322,0.02659074770768408,0.0,0.0
2019-06-12,0.010207986676384322,0.02659074770768408,0.0,0.0
2019-06-13,0.010207986676384322,0.02659074770768408,0.0,0.0
2019-06-14,0.010207986676384322,0.02659074770768408,0.0,0.0
2019-06-17,0.010207986676384322,0.02659074770768408,0.0,0.0
2019-06-18,0.010207986676384322,0.02659074770768408,0.0,0.0
2019-06-19,0.016565253604078855,0.027474060817878093,0.31521590985559206,0.0
2019-06-20,0.016565253604078855,0.027474060817878093,0.0,0.0
2019-06-21,0.016565253604078855,0.026408569073738564,0.0,0.0
2019-06-24,0.01533164096779501,0.026408569073738564,-0.07800701246085485,0.0
2019-06-25,0.015370046134765858,0.025409461734335812,0.0025210791761357118,0.0
2019-06-26,0.015370046134765858,0.02432081978441297,0.0,0.0
2019-06-27,0.015370046134765858,0.02328619497193565,0.0,0.0
2019-06-28,0.01400671818794773,0.02109134356838174,-0.09356674347383696,0.0
2019-07-01,0.01400671818794773,0.019671748872769616,0.0,0.0
2019-07-02,0.01400671818794773,0.01918252138608243,0.0,0.0
2019-07-03,0.01400671818794773,0.01870153755498257,0.0,0.0
2019-07-04,0.01923977334381753,0.018733572991131528,0.31521590985559206,0.0
2019-07-05,0.025592795698028418,0.02090811520889516,0.28851947878873635,-0.06744310416542876
2019-07-08,0.030068915177338975,0.022612976106122944,0.16342940856782262,-0.12924119080159246
2019-07-09,0.03158067130356437,0.023280717673392178,0.04981309144658454,-0.08990433180818824
2019-07-10,0.03158067130356437,0.023280717673392178,0.0,-0.08990433180818824
2019-07-11,0.03158067130356437,0.021243765567709984,0.0,-0.08990433180818824
2019-07-12,0.03158067130356437,0.021243765567709984,0.0,-0.08990433180818824
2019-07-15,0.03158067130356437,0.021176777527080554,0.0,-0.08990433180818824
2019-07-16,0.03532701955494321,0.023115629824319483,0.11398641629599489,-0.15170241844435206
2019-07-17,0.03534520543672902,0.02476231259152342,0.0005238006441491166,-0.2107077069344584
2019-07-18,0.03531337803089002,0.024767941899178973,-0.0009168858941029541,-0.21350050508051577
2019-07-19,0.03531337803089002,0.023355578507983865,0.0,-0.21350050508051577
2019-07-22,0.03652690407844449,0.023787720486060447,0.03439759995645984,-0.18539425990849134
2019-07-23,0.03858293561132938,0.025298460672336084,0.05579544454694901,-0.23881395210648282
2019-07-24,0.038824161745947355,0.025635070555613777,0.006354071575150079,-0.2640679778952998
2019-07-25,0.03982633477315396,0.025946004811562815,0.02598995714202941,-0.2416067502525403
2019-07-26,0.040399781548106736,0.026091534341123972,0.014584643196245023,-0.22473111890189557
2019-07-29,0.040399781548106736,0.025962839754023685,0.0,-0.22473111890189557
2019-07-30,0.040399781548106736,0.025816285095546863,0.0,-0.22473111890189557
2019-07-31,0.040399781548106736,0.025816285095546863,0.0,-0.22473111890189557
2019-08-01,0.03687166134674394,0.025816285095546863,-0.09315650234035855,-0.22473111890189557
2019-08-02,0.034869775467857377,0.025887905716041035,-0.056829760598437,-0.21350050508051577
2019-08-05,0.03322492580320385,0.026279501313093766,-0.0491471275545837,-0.18539425990849134
2019-08-06,0.03140619841624492,0.026279501313093766,-0.05720934015742233,-0.18539425990849134
2019-08-07,0.03140619841624492,0.026279501313093766,0.0,-0.18539425990849134
2019-08-08,0.03140619841624492,0.026279501313093766,0.0,-0.18539425990849134
2019-08-09,0.03140619841624492,0.026279501313093766,0.0,-0.18539425990849134
2019-08-12,0.03140619841624492,0.026279501313093766,0.0,-0.18539425990849134
2019-08-13,0.027644131405571863,0.026279501313093766,-0.1294820618586017,-0.18539425990849134
2019-08-14,0.022414230790130142,0.026279501313093766,-0.21234317357547,-0.18539425990849134
2019-08-15,0.02238653386116713,0.026279501313093766,-0.0012503487105822773,-0.18539425990849134
2019-08-16,0.02238653386116713,0.026279501313093766,0.0,-0.18539425990849134
2019-08-19,0.02101165479778765,0.025915743911539658,-0.06407223345142797,-0.18539425990849134
2019-08-20,0.01392566590493981,0.025915743911539658,-0.2432789713806565,-0.18539425990849134
2019-08-21,0.011934444724376445,0.026153087081062502,-0.15530250808570378,-0.16293303226573175
2019-08-22,0.010646744210198667,0.026153087081062502,-0.1148195567624215,-0.16293303226573175
2019-08-23,0.009912325724246171,0.02580745599207658,-0.07184290083621579,-0.16293303226573175
2019-08-26,0.009912325724246171,0.02580745599207658,0.0,-0.16293303226573175
2019-08-27,0.009912325724246171,0.02580745599207658,0.0,-0.16293303226573175
2019-08-28,0.009912325724246171,0.02580745599207658,0.0,-0.16293303226573175
2019-08-29,0.009912325724246171,0.02580745599207658,0.0,-0.16293303226573175
2019-08-30,0.009628628283021391,0.02580745599207658,-0.02918028176754795,-0.16293303226573175
2019-09-03,0.0060636468436561855,0.02580745599207658,-0.2432789713806565,-0.16293303226573175
2019-09-04,0.007316556224967551,0.02593827101090503,0.18845521853071276,-0.1461168221522372
2019-09-05,0.007316556224967551,0.02593827101090503,0.0,-0.1461168221522372
2019-09-06,0.01793486107119554,0.027458357827262955,0.31521590985559206,-0.20506268940519345
2019-09-09,0.02338769936104045,0.02876933258268045,0.2681995287403158,-0.25842296036603485
2019-09-10,0.02338769936104045,0.02876933258268045,0.0,-0.25842296036603485
2019-09-11,0.027448536646956984,0.03001810827930521,0.16214159781595786,-0.30899043318081887
2019-09-12,0.031967238925991154,0.030173462327691844,0.15466922428111518,-0.2612751797492424
2019-09-13,0.03501804636634353,0.031333241285111585,0.09268583553931056,-0.31184265256402643
2019-09-16,0.038675143733172025,0.032620617754355846,0.1011733245410324,-0.2640679778952998
2019-09-17,0.039414999681713025,0.03289647313387153,0.01932166391906813,-0.2416067502525403
2019-09-18,0.04035842762471695,0.03322145011506491,0.02412863334829005,-0.21350050508051577
2019-09-19,0.03981925577479309,0.03322145011506491,-0.013721010999134062,-0.21350050508051577
2019-09-20,0.03981925577479309,0.03322145011506491,0.0,-0.21350050508051577
2019-09-23,0.04067481873004333,0.03356390007327196,0.02168923343098066,-0.18539425990849134
2019-09-24,0.043414427366994586,0.03467085225690935,0.06656200446615725,-0.2416067502525403
2019-09-25,0.04594526818175798,0.035711271670177305,0.057933882817351325,-0.19103927743775628
2019-09-26,0.04685567413249936,0.03612236719442065,0.020079967044204006,-0.157347435973617
2019-09-27,0.04886105550296254,0.03614546543926226,0.04291923356865953,-0.036128456735057934
2019-09-30,0.04886105550296254,0.03508337293707268,0.0,-0.012340036563071255
2019-10-01,0.050689226944010624,0.034987334577476,0.03765439466428105,0.0
2019-10-02,0.05067044236380366,0.03457213490524901,-0.0003801235142729961,-0.005876167501700946
2019-10-03,0.05067044236380366,0.03457213490524901,0.0,-0.005876167501700946
2019-10-04,0.047599475965653545,0.03457213490524901,-0.06406904196800858,-0.005876167501700946
2019-10-07,0.044204706143062086,0.03457213490524901,-0.07570084872092782,-0.005876167501700946
2019-10-08,0.04511978043568118,0.03529145442246473,0.02095042192526655,0.0
2019-10-09,0.04085733396283904,0.03406804861980271,-0.1013808711304652,0.0
2019-10-10,0.04352351869990991,0.0339611037789419,0.06455756364812998,-0.06669408861205783
2019-10-11,0.03918368963398392,0.033968647942139295,-0.10722571660665167,-0.055588200728640236
2019-10-14,0.03754491770494295,0.033968647942139295,-0.043547171693441446,-0.055588200728640236
2019-10-15,0.03743503777819546,0.033724438716692604,-0.002986199251604067,-0.055588200728640236
2019-10-16,0.03706659012438891,0.032497869485118215,-0.01007644158654533,-0.055588200728640236
2019-10-17,0.03706659012438891,0.03214506004411285,0.0,-0.055588200728640236
2019-10-18,0.0370118728005363,0.031976557851903634,-0.0015048076344927122,-0.05000587613115526
2019-10-21,0.03682458212570826,0.03205039148985572,-0.00516735311218595,-0.022211775766835085
2019-10-22,0.03673101473484147,0.033401574700927535,-0.002591198160354914,-0.08890586437889292
2019-10-23,0.035092216681085975,0.03365677687168529,-0.046466417945318805,-0.055588200728640236
2019-10-24,0.034321403779523106,0.03365677687168529,-0.02259781183287879,-0.055588200728640236
2019-10-25,0.03160881662479935,0.03365677687168529,-0.08369680782676649,-0.055588200728640236
2019-10-28,0.03160881662479935,0.033630354866135644,0.0,-0.055588200728640236
2019-10-29,0.028031813743929455,0.03338354465149965,-0.12189336835574958,-0.055588200728640236
2019-10-30,0.02800209708075957,0.03338354465149965,-0.0010755945439169582,-0.055588200728640236
2019-10-31,0.02800209708075957,0.03338354465149965,0.0,-0.055588200728640236
2019-11-01,0.02800209708075957,0.03338354465149965,0.0,-0.055588200728640236
2019-11-04,0.02800209708075957,0.03338354465149965,0.0,-0.055588200728640236
2019-11-05,0.024705673299041477,0.03338354465149965,-0.1269019012569061,-0.055588200728640236
2019-11-06,0.024705673299041477,0.03338354465149965,0.0,-0.055588200728640236
2019-11-07,0.019385575002775775,0.03338354465149965,-0.2432789713806565,-0.055588200728640236
2019-11-08,0.01920946804242347,0.03338354465149965,-0.009214280191766209,-0.055588200728640236
2019-11-11,0.01920946804242347,0.03338354465149965,0.0,-0.055588200728640236
2019-11-12,0.01920946804242347,0.03338354465149965,0.0,-0.055588200728640236
2019-11-13,0.02419841278670149,0.0345116447125965,0.23338714728076573,-0.11669996474321309
2019-11-14,0.028431253353785775,0.03555386738915134,0.163327607474493,-0.17781172875778584
2019-11-15,0.03138948420649156,0.03661998296977216,0.10047038429588223,-0.23334116817487371
2019-11-18,0.0303577192099193,0.03663509992122336,-0.03394064022812053,-0.2278176048889411
2019-11-19,0.03171876797396568,0.03759805704354349,0.04454176104756482,-0.1749911858032671
2019-11-20,0.033842255548627284,0.03839575330406922,0.06586915515583694,-0.1222235280291456
2019-11-21,0.033842255548627284,0.03839575330406922,0.0,-0.1222235280291456
2019-11-22,0.033842255548627284,0.03839575330406922,0.0,-0.1222235280291456
2019-11-25,0.03383633215885858,0.03840668989738919,-0.00017802306840906476,-0.12780585262663058
2019-11-26,0.03383633215885858,0.03840668989738919,0.0,-0.12780585262663058
2019-11-27,0.03383633215885858,0.03833005085678391,0.0,-0.12780585262663058
2019-11-28,0.03383633215885858,0.03833005085678391,0.0,-0.12780585262663058
2019-11-29,0.03383633215885858,0.037210868158337934,0.0,-0.12780585262663058
2019-12-02,0.03383633215885858,0.03608388963691371,0.0,-0.12780585262663058
2019-12-03,0.03383633215885858,0.03608388963691371,0.0,-0.12780585262663058
2019-12-04,0.03383633215885858,0.03484241476313248,0.0,-0.12780585262663058
2019-12-05,0.03383633215885858,0.033908324720762176,0.0,-0.12780585262663058
2019-12-06,0.03383633215885858,0.03256681661267906,0.0,-0.12780585262663058
2019-12-09,0.03383633215885858,0.031552868703825995,0.0,-0.12780585262663058
2019-12-10,0.03383633215885858,0.03136335793710323,0.0,-0.12780585262663058
2019-12-11,0.030593344790880852,0.03106200288252358,-0.10238281454705887,-0.12780585262663058
2019-12-12,0.025850989194553774,0.03106200288252358,-0.17081589885867726,-0.12780585262663058
2019-12-13,0.025753551663101355,0.03233138561356216,-0.0038252474826199305,-0.18615583499823718
2019-12-16,0.025742503342609944,0.03203019413572092,-0.000434641565296739,-0.18615583499823718
2019-12-17,0.021143969276180154,0.030689196857249024,-0.19909689434942274,-0.18891761664120343
2019-12-18,0.0153306849088531,0.029596259766252377,-0.2432789713806565,-0.18891761664120343
2019-12-19,0.0153306849088531,0.029133991360864434,0.0,-0.18891761664120343
2019-12-20,0.0153306849088531,0.027910494057165842,0.0,-0.18891761664120343
2019-12-23,0.015343557625148335,0.027910494057165842,0.0008457699441142906,-0.18891761664120343
2019-12-24,0.015343557625148335,0.026505854495085395,0.0,-0.18891761664120343
2019-12-25,0.021764328726203916,0.027897486926861163,0.31521590985559206,-0.1333294159125632
2019-12-26,0.026564328224479915,0.029199319285617413,0.20170652132062952,-0.1916793982841697
2019-12-27,0.026564328224479915,0.029199319285617413,0.0,-0.1916793982841697
2019-12-30,0.026564328224479915,0.029199319285617413,0.0,-0.1916793982841697
2019-12-31,0.030356674492850438,0.02943836557106014,0.13535225945589063,-0.24726759901280992
2020-01-02,0.03309839865429583,0.030515449145327354,0.08784657515563711,-0.28125
2020-01-03,0.03309839865429583,0.029425511954834213,0.0,-0.28125
2020-01-06,0.03309839865429583,0.029355399958514255,0.0,-0.28125
2020-01-07,0.03309839865429583,0.029355399958514255,0.0,-0.28125
2020-01-08,0.03309839865429583,0.029355399958514255,0.0,-0.28125
2020-01-09,0.03309839865429583,0.029355399958514255,0.0,-0.28125
2020-01-10,0.03309839865429583,0.029355399958514255,0.0,-0.28125
2020-01-13,0.03029694109385751,0.029329596607749756,-0.08984624946197314,-0.28125
2020-01-14,0.03029694109385751,0.02901395229413924,0.0,-0.25584868093578894
2020-01-15,0.030328247776111886,0.027785384101874932,0.0010485267208059554,-0.25584868093578894
2020-01-16,0.0331755369247686,0.028493964603341308,0.0911643666996561,-0.305873568939771
2020-01-17,0.03549315898301727,0.029607675554503082,0.06869263088871314,-0.3529118964659035
2020-01-20,0.03549315898301727,0.029607675554503082,0.0,-0.3529118964659035
2020-01-21,0.03549315898301727,0.029607675554503082,0.0,-0.3529118964659035
2020-01-22,0.03549315898301727,0.029607675554503082,0.0,-0.3529118964659035
2020-01-30,0.030573158469448577,0.029607675554503082,-0.15169102166265744,-0.3529118964659035
2020-01-31,0.03308495450350394,0.030975721789333697,0.08021871792435757,-0.3093578894972623
2020-02-03,0.03308495450350394,0.030975721789333697,0.0,-0.3093578894972623
2020-02-04,0.03308495450350394,0.030975721789333697,0.0,-0.3093578894972623
2020-02-05,0.030063160569785162,0.030975721789333697,-0.09729692879763535,-0.3093578894972623
2020-02-06,0.026528336859074454,0.030975721789333697,-0.12686274618601162,-0.3093578894972623
2020-02-07,0.030547012758830778,0.032256457725396474,0.14307226688709185,-0.26269288203086116
2020-02-10,0.03339821028455731,0.03332103521120923,0.09066858282510289,-0.21602787456445993
2020-02-11,0.03339821028455731,0.03332103521120923,0.0,-0.21602787456445993
2020-02-12,0.03576708247099876,0.03432732789154137,0.06971691507014136,-0.10856838744012776
2020-02-13,0.03576708247099876,0.033340679510288185,0.0,-0.10295889677332981
2020-02-14,0.03933238000060544,0.03326851538722343,0.09681389135163675,-0.16320792609452406
2020-02-17,0.04203870569520588,0.03314678477601938,0.067904981767182,-0.21676261882447445
2020-02-18,0.04203870569520588,0.0331276903658416,0.0,-0.21676261882447445
2020-02-19,0.04203870569520588,0.03196015461877026,0.0,-0.21676261882447445
2020-02-20,0.041433173573070275,0.03169505392505216,-0.01481377263490061,-0.2636229749631811
2020-02-21,0.03827929180275475,0.03169505392505216,-0.08076018391748434,-0.2636229749631811
2020-02-24,0.03827929180275475,0.03169505392505216,0.0,-0.2589099238698377
2020-02-25,0.03827929180275475,0.03170109473971613,0.0,-0.2589099238698377
2020-02-26,0.03827929180275475,0.03170109473971613,0.0,-0.2589099238698377
2020-02-27,0.04147024289272486,0.032752979611203575,0.08167312371661921,-0.3094387926968941
2020-02-28,0.041543111267187835,0.03398650228386657,0.0017922682348414632,-0.2622785151249747
2020-03-02,0.041543111267187835,0.03398650228386657,0.0,-0.2622785151249747
2020-03-03,0.044000809621643926,0.0351474270715181,0.05871391600968463,-0.21174964629791826
2020-03-04,0.046079924751299864,0.03623357802670444,0.047216699868140075,-0.1578521862157246
2020-03-05,0.046079924751299864,0.03623357802670444,0.0,-0.1578521862157246
2020-03-06,0.044054269202853664,0.03623357802670444,-0.045975543568930126,-0.1578521862157246
2020-03-09,0.04197428632350903,0.03623357802670444,-0.04941250019905136,-0.1578521862157246
2020-03-10,0.04197428632350903,0.03623357802670444,0.0,-0.1578521862157246
2020-03-11,0.04229154671106108,0.03724482471389322,0.007689766633357886,-0.10058613487839385
2020-03-12,0.0445998678517651,0.03818248646996605,0.054306176613121676,-0.03995149228592598
2020-03-13,0.042519857621375945,0.038735086070356,-0.04880723542113464,0.0
2020-03-16,0.03899816264707992,0.03770951914215877,-0.08822945920571945,0.0
2020-03-17,0.04046660709559909,0.038533351892836624,0.03770165930669848,0.0
2020-03-18,0.041741848194658794,0.03935267292337707,0.03166904258397014,0.0
2020-03-19,0.03779120386726902,0.03935267292337707,-0.10141619451489249,0.0
2020-03-20,0.042526542116632426,0.04040610891976584,0.1204355141584531,-0.06725146198830412
2020-03-23,0.042526542116632426,0.04040610891976584,0.0,-0.06725146198830412
2020-03-24,0.046668599042266695,0.04145087680800241,0.09502954063328471,-0.13157894736842102
2020-03-25,0.050063212978023165,0.042390316583270464,0.07192589922511367,-0.1900584795321637
2020-03-26,0.046587643154684694,0.04154471165448282,-0.0737028948722603,-0.1900584795321637
2020-03-27,0.045199375275997274,0.04061510248950431,-0.03095150873368514,-0.1900584795321637
2020-03-30,0.045199375275997274,0.04061510248950431,0.0,-0.1900584795321637
2020-03-31,0.043505262647362125,0.04061510248950431,-0.039054663219378685,-0.1900584795321637
2020-04-01,0.04148496096439457,0.03958491840803663,-0.04856822986345445,-0.1900584795321637
2020-04-03,0.04351850174983593,0.0393891835269129,0.04887916142282401,-0.13450292397660824
2020-04-06,0.04351850174983593,0.0393891835269129,0.0,-0.13450292397660824
2020-04-07,0.04351850174983593,0.0393891835269129,0.0,-0.13450292397660824
2020-04-08,0.04351850174983593,0.0393891835269129,0.0,-0.13450292397660824
2020-04-09,0.04356000695783043,0.040078611647496536,0.0009741855160948261,-0.18128654970760238
2020-04-10,0.041134795577456924,0.040078611647496536,-0.05850623708988945,-0.18128654970760238
2020-04-13,0.039379012863841295,0.040078611647496536,-0.04450513565875289,-0.18128654970760238
2020-04-14,0.039379012863841295,0.040078611647496536,0.0,-0.18128654970760238
2020-04-15,0.03620895685137408,0.040078611647496536,-0.08552148052075337,-0.18128654970760238
2020-04-16,0.03216561459292555,0.040078611647496536,-0.12044165830665016,-0.18128654970760238
2020-04-17,0.03209180474059006,0.039032001632607186,-0.0023344205031141144,-0.1871345029239766
2020-04-20,0.029095886939477785,0.03788376753829239,-0.09950943635960709,-0.1871345029239766
2020-04-21,0.029095886939477785,0.03788376753829239,0.0,-0.1871345029239766
2020-04-22,0.025006077423964976,0.03788376753829239,-0.15353199750171317,-0.1871345029239766
2020-04-23,0.01972507203483614,0.03788376753829239,-0.23987861187836954,-0.1871345029239766
2020-04-24,0.01972507203483614,0.03788376753829239,0.0,-0.1871345029239766
2020-04-27,0.01972507203483614,0.03709659570862837,0.0,-0.1871345029239766
2020-04-28,0.01972507203483614,0.03709659570862837,0.0,-0.1871345029239766
2020-04-29,0.01972507203483614,0.03709659570862837,0.0,-0.1871345029239766
2020-05-04,0.01972507203483614,0.03709659570862837,0.0,-0.1871345029239766
2020-05-05,0.012368005707741965,0.03709659570862837,-0.2432789713806565,-0.1871345029239766
2020-05-06,0.012368005707741965,0.036253343298494896,0.0,-0.1871345029239766
2020-05-07,0.012368005707741965,0.035469033831950214,0.0,-0.1871345029239766
2020-05-08,0.012368005707741965,0.035469033831950214,0.0,-0.1871345029239766
2020-05-11,0.001601639667163368,0.03463152889219085,-0.2432789713806565,-0.1871345029239766
2020-05-12,0.001601639667163368,0.03463152889219085,0.0,-0.1871345029239766
2020-05-13,0.001601639667163368,0.03344892408642557,0.0,-0.1871345029239766
2020-05-14,0.001601639667163368,0.03230024572675942,0.0,-0.1871345029239766
2020-05-15,0.001601639667163368,0.03230024572675942,0.0,-0.1871345029239766
2020-05-18,0.001601639667163368,0.03230024572675942,0.0,-0.1871345029239766
2020-05-19,0.0,0.03122577742106179,-0.2432789713806565,-0.1871345029239766
2020-05-20,0.0,0.03122577742106179,0.0,-0.1871345029239766
2020-05-21,0.0,0.03122577742106179,0.0,-0.1871345029239766
2020-05-22,0.0,0.03122577742106179,0.0,-0.1871345029239766
2020-05-25,0.0,0.03122577742106179,0.0,-0.1871345029239766
2020-05-26,0.0,0.029732876380472527,0.0,-0.1871345029239766
2020-05-27,0.0,0.028687110473632066,0.0,-0.1871345029239766
2020-05-28,0.0,0.028687110473632066,0.0,-0.1871345029239766
2020-05-29,0.0,0.02755008015906561,0.0,-0.1871345029239766
2020-06-01,0.0,0.026321062466422816,0.0,-0.1871345029239766
2020-06-02,0.0,0.026321062466422816,0.0,-0.1871345029239766
2020-06-03,0.0,0.026321062466422816,0.0,-0.1871345029239766
2020-06-04,0.0,0.026321062466422816,0.0,-0.1871345029239766
2020-06-05,0.0,0.026321062466422816,0.0,-0.1871345029239766
2020-06-08,0.0008054666587791968,0.0250024420997021,0.31521590985559206,-0.1900584795321637
2020-06-09,0.0008054666587791968,0.023573540978688853,0.0,-0.1900584795321637
2020-06-10,0.0008054666587791968,0.022608029060227932,0.0,-0.1900584795321637
2020-06-11,0.0008054666587791968,0.022608029060227932,0.0,-0.1900584795321637
2020-06-12,0.0008054666587791968,0.020948599488367255,0.0,-0.1900584795321637
2020-06-15,0.0008054666587791968,0.018964539576700468,0.0,-0.1900584795321637
2020-06-16,0.0008054666587791968,0.018964539576700468,0.0,-0.1316614420062696
2020-06-17,0.0008054666587791968,0.01692412557654014,0.0,-0.1316614420062696
2020-06-18,0.0008054666587791968,0.01692412557654014,0.0,-0.06734006734006737
2020-06-19,0.0008054666587791968,0.01435434765256663,0.0,-0.06418918918918914
2020-06-22,0.0008054666587791968,0.011251398588700211,0.0,-0.06418918918918914
2020-06-23,0.0008054666587791968,0.011251398588700211,0.0,-0.06418918918918914
2020-06-24,0.0008054666587791968,0.011251398588700211,0.0,-0.06418918918918914
2020-06-25,0.0008054666587791968,0.011251398588700211,0.0,-0.06418918918918914
2020-06-26,0.0008054666587791968,0.011251398588700211,0.0,-0.06418918918918914
2020-06-29,0.0008054666587791968,0.011251398588700211,0.0,-0.06418918918918914
2020-06-30,0.0008054666587791968,0.007198081942993828,0.0,-0.06418918918918914
2020-07-01,0.0008054666587791968,0.007198081942993828,0.0,-0.06418918918918914
2020-07-02,0.0008054666587791968,0.007198081942993828,0.0,-0.06418918918918914
2020-07-03,0.0008054666587791968,0.007198081942993828,0.0,-0.010714285714285676
2020-07-06,0.0,0.0010282046860770574,-0.2432789713806565,-0.010714285714285676
2020-07-07,0.0,0.0010282046860770574,0.0,-0.010714285714285676
2020-07-08,0.0,0.0010282046860770574,0.0,-0.010714285714285676
2020-07-09,0.0,0.0010282046860770574,0.0,-0.010714285714285676
2020-07-10,0.0,0.0010282046860770574,0.0,-0.010714285714285676
2020-07-13,0.0,0.0010282046860770574,0.0,-0.003597122302158251
2020-07-14,0.0,0.0006532935111249249,0.0,-0.003597122302158251
2020-07-15,0.0,0.0006532935111249249,0.0,-0.003597122302158251
2020-07-16,0.0,0.0006532935111249249,0.0,-0.003597122302158251
2020-07-17,0.0,0.0006532935111249249,0.0,-0.003597122302158251
2020-07-20,0.0,0.0006532935111249249,0.0,-0.003597122302158251
2020-07-21,0.0,0.0006532935111249249,0.0,-0.003597122302158251
2020-07-22,0.0,0.0006532935111249249,0.0,-0.003597122302158251
2020-07-23,0.0008083785681366139,0.0006532935111249249,0.31521590985559206,-0.007194244604316502
2020-07-24,0.0008083785681366139,0.0006532935111249249,0.0,-0.007194244604316502
2020-07-27,0.0008083785681366139,0.0006532935111249249,0.0,-0.007194244604316502
2020-07-28,0.0008083785681366139,0.0006532935111249249,0.0,-0.007194244604316502
2020-07-29,0.0008083785681366139,0.0006532935111249249,0.0,-0.007194244604316502
2020-07-30,0.0008083785681366139,0.0006532935111249249,0.0,-0.007194244604316502
2020-07-31,0.0008083785681366139,0.0006532935111249249,0.0,-0.007194244604316502
2020-08-03,0.0008083785681366139,0.0006532935111249249,0.0,-0.007194244604316502
2020-08-04,0.0008083785681366139,0.0006532935111249249,0.0,-0.007194244604316502
2020-08-05,0.014840236141309214,0.008598207147182488,0.31521590985559206,0.0
2020-08-06,0.020213516197586306,0.01193207184078293,0.31170365817386886,0.0
2020-08-07,0.02382890794122994,0.014351601815179813,0.1663622190338112,0.0
2020-08-10,0.02374228948704382,0.014349953670278229,-0.0036851177950222858,0.0
2020-08-11,0.026297536411483507,0.016244487946419545,0.10350034779102905,0.0
2020-08-12,0.02757364721543561,0.017426696986774976,0.048026145506467215,0.0
2020-08-13,0.027750053092515863,0.01746567057991769,0.0064658551394860325,-0.0052631578947368585
2020-08-14,0.027750053092515863,0.01746567057991769,0.0,-0.0052631578947368585
2020-08-17,0.0335243337624083,0.019984216874833587,0.1919356230280753,-0.0736842105263158
2020-08-18,0.0335243337624083,0.019984216874833587,0.0,-0.0736842105263158
2020-08-19,0.0335243337624083,0.019984216874833587,0.0,-0.0736842105263158
2020-08-20,0.03795843307248844,0.02211377497621035,0.1264503596615745,-0.13684210526315788
2020-08-21,0.04156076228489574,0.023935210873779093,0.09247789040728642,-0.1947368421052632
2020-08-24,0.04302866863574179,0.02494787900572816,0.035449216680795106,-0.1473684210526316
2020-08-25,0.04624005184970836,0.026599385100591417,0.0735973595904223,-0.20526315789473681
2020-08-26,0.04732391778901094,0.02734708810847999,0.023715636828079718,-0.16315789473684206
2020-08-27,0.04732391778901094,0.02734708810847999,0.0,-0.16315789473684206
2020-08-28,0.04732391778901094,0.02734708810847999,0.0,-0.16315789473684206
2020-08-31,0.05027961859570254,0.028894057130363752,0.06207382668309019,-0.2210526315789474
2020-09-01,0.05271027040356719,0.03025560845893157,0.04843626958795496,-0.27368421052631575
2020-09-03,0.050514476219560026,0.03025560845893157,-0.04365770046887905,-0.27368421052631575
2020-09-04,0.049997492977537875,0.03156271031511218,-0.010547743902539358,-0.3236842105263158
2020-09-07,0.04807155548342718,0.03242264555314294,-0.040253053830273534,-0.3631578947368421
2020-09-08,0.047845065941231384,0.032430201953528213,-0.0048367915639927666,-0.368421052631579
2020-09-09,0.044475908372611166,0.032430201953528213,-0.07471786242741686,-0.368421052631579
2020-09-10,0.04145465470584149,0.032430201953528213,-0.07186891305881646,-0.368421052631579
2020-09-11,0.041581655399630456,0.032430201953528213,0.003122860878309253,-0.368421052631579
2020-09-14,0.041581655399630456,0.032430201953528213,0.0,-0.368421052631579
2020-09-15,0.040315489680122364,0.032430201953528213,-0.0315607354515192,-0.368421052631579
2020-09-16,0.040315489680122364,0.032430201953528213,0.0,-0.368421052631579
2020-09-17,0.041453295535643704,0.03349480275199245,0.028404402849423662,-0.41052631578947374
2020-09-18,0.04046836860742031,0.033528618792344915,-0.02454255724400775,-0.4052631578947369
2020-09-21,0.0389223738837649,0.033528618792344915,-0.03972949901213496,-0.4052631578947369
2020-09-22,0.035468356334771606,0.033528618792344915,-0.09466601089584874,-0.4052631578947369
2020-09-23,0.03354304772263,0.033528618792344915,-0.05677948175230464,-0.4052631578947369
2020-09-24,0.030160485756592158,0.033528618792344915,-0.10799719734395867,-0.4052631578947369
2020-09-25,0.030160485756592158,0.033528618792344915,0.0,-0.4052631578947369
2020-09-28,0.030160485756592158,0.033528618792344915,0.0,-0.4052631578947369
2020-09-29,0.02758744038850967,0.033528618792344915,-0.09046472107650823,-0.4052631578947369
2020-09-30,0.02442349584423368,0.033528618792344915,-0.12340377925802885,-0.4052631578947369
2020-10-01,0.02442349584423368,0.033528618792344915,0.0,-0.4052631578947369
2020-10-02,0.020362482486013984,0.03365561527096477,-0.18388950273029905,-0.42105263157894735
2020-10-05,0.016373133425544507,0.03365561527096477,-0.22005298921494612,-0.42105263157894735
2020-10-06,0.021196161108866803,0.03454022294683301,0.26059722449996514,-0.45789473684210524
2020-10-07,0.021196161108866803,0.03454022294683301,0.0,-0.45789473684210524
2020-10-08,0.02542709645743889,0.03556064767291123,0.184118917827768,-0.49578947368421056
2020-10-09,0.028459369211655098,0.03648188454362927,0.11418493597572588,-0.5204782608695652
2020-10-12,0.030831162060045537,0.03736064583844225,0.081240233990543,-0.5204782608695652
2020-10-13,0.032660669227921546,0.03819235875535472,0.05856521967066629,-0.5204782608695652
2020-10-14,0.032660669227921546,0.03819235875535472,0.0,-0.5204782608695652
2020-10-15,0.036218558948751575,0.0393902621138485,0.10518921312925911,-0.5204782608695652
2020-10-16,0.04010454157335548,0.04050299549526019,0.10387324068181061,-0.5204782608695652
2020-10-19,0.043581292483948736,0.0415483608294253,0.08488888104392568,-0.503157894736842
2020-10-20,0.04661004680902867,0.04255977255018168,0.06871387168982533,-0.46842105263157896
2020-10-21,0.04917598128206652,0.043503661915711846,0.054882400832429984,-0.43157894736842106
2020-10-22,0.05140125601740402,0.04440271860337389,0.04537924299781132,-0.39210526315789473
2020-10-23,0.05251070371608241,0.04476737737532113,0.021913943884904988,-0.42105263157894735
2020-10-26,0.053426853872824975,0.045168830568472935,0.01775858752475864,-0.39473684210526316
2020-10-27,0.053426853872824975,0.045168830568472935,0.0,-0.39473684210526316
2020-10-28,0.053426853872824975,0.045168830568472935,0.0,-0.39473684210526316
2020-10-29,0.053426853872824975,0.044298989849973935,0.0,-0.39473684210526316
2020-10-30,0.05305845383815038,0.043409016415769455,-0.00710512585918299,-0.39473684210526316
2020-11-02,0.05375494238124005,0.04293207129332945,0.013392747096504768,-0.368421052631579
2020-11-03,0.05139065081328868,0.04291312116361444,-0.04617184380284519,-0.368421052631579
2020-11-04,0.05139065081328868,0.042021494458777925,0.0,-0.368421052631579
2020-11-05,0.04814183456441168,0.04131409712245057,-0.06694259244226979,-0.3650793650793651
2020-11-06,0.044452745027528245,0.0413242211399957,-0.08158358504433258,-0.3650793650793651
2020-11-09,0.040065119882754886,0.0417567778990253,-0.10612982686314416,-0.2897727272727273
2020-11-10,0.03440047531028685,0.040951576536659116,-0.15528560265164576,-0.2897727272727273
2020-11-11,0.03440047531028685,0.040951576536659116,0.0,-0.2897727272727273
2020-11-12,0.03326080654866055,0.040951576536659116,-0.03426369550025089,-0.23780487804878048
2020-11-13,0.031788363876438894,0.04011259272797559,-0.04601961451567007,-0.22839506172839508
2020-11-16,0.029861756488787847,0.039253010753429955,-0.06348992477087229,-0.22839506172839508
2020-11-17,0.02730594696979958,0.038490735418192853,-0.09075805957172188,-0.21383647798742134
2020-11-18,0.02406658523607794,0.037560537663958504,-0.12790670793221226,-0.21383647798742134
2020-11-19,0.01970148920909408,0.0369073944500117,-0.20232056281007824,-0.21383647798742134
2020-11-20,0.015500827764003938,0.0369073944500117,-0.2419071551470701,-0.21383647798742134
2020-11-23,0.012753580701117935,0.0369073944500117,-0.19645807394835957,-0.15540540540540537
2020-11-24,0.012753580701117935,0.035882121899644306,0.0,-0.09420289855072461
2020-11-25,0.012753580701117935,0.0348408264383266,0.0,-0.09420289855072461
2020-11-26,0.012753580701117935,0.0348408264383266,0.0,-0.027237354085603127
2020-11-27,0.01800122380709139,0.03458698495555772,0.31521590985559206,0.0
2020-11-30,0.01606935351507966,0.03370375029080702,-0.11449440607887032,0.0
2020-12-01,0.01606935351507966,0.03368075267201971,0.0,0.0
2020-12-02,0.01606935351507966,0.03368075267201971,0.0,0.0
2020-12-03,0.017194594250467706,0.03382158911027273,0.06824523623949487,-0.022556390977443663
2020-12-04,0.017194594250467706,0.03382158911027273,0.0,-0.022556390977443663
2020-12-07,0.014917942617083103,0.03382158911027273,-0.1431716389479221,-0.022556390977443663
2020-12-08,0.014917942617083103,0.03382158911027273,0.0,-0.022556390977443663
2020-12-09,0.014917942617083103,0.03382158911027273,0.0,-0.022556390977443663
2020-12-10,0.014917942617083103,0.03260213060687271,0.0,-0.022556390977443663
2020-12-11,0.014917942617083103,0.032593176113610046,0.0,-0.022556390977443663
2020-12-14,0.014917942617083103,0.032593176113610046,0.0,-0.022556390977443663
2020-12-15,0.022071940398597247,0.03390173918590384,0.31521590985559206,-0.09022556390977443
2020-12-16,0.026484589542964714,0.03501268511083685,0.18447107718900388,-0.15037593984962405
2020-12-17,0.026484589542964714,0.03501268511083685,0.0,-0.15037593984962405
2020-12-18,0.026484589542964714,0.03501268511083685,0.0,-0.15037593984962405
2020-12-21,0.026484589542964714,0.03501268511083685,0.0,-0.15037593984962405
2020-12-22,0.026484589542964714,0.03501268511083685,0.0,-0.15037593984962405
2020-12-23,0.026484589542964714,0.03501268511083685,0.0,-0.15037593984962405
2020-12-24,0.029874934956117594,0.036061224242442125,0.12215988723718083,-0.20676691729323304
2020-12-25,0.029102237387452237,0.036593840826006675,-0.026593014342881766,-0.16165413533834583
2020-12-28,0.03108178272994996,0.03736876427475508,0.06680154061447144,-0.21052631578947367
2020-12-29,0.033250833927569085,0.037431648977401664,0.06854828277797181,-0.262406015037594
2020-12-30,0.03637756618023182,0.038049186485703025,0.09144483491688683,-0.22180451127819545
2020-12-31,0.03633815789247623,0.03699763727955977,-0.0011037233794689454,-0.23684210526315785
2021-01-04,0.03633815789247623,0.03582581718325238,0.0,-0.23684210526315785
2021-01-05,0.03633815789247623,0.03454961148410771,0.0,-0.23684210526315785
2021-01-06,0.03633815789247623,0.0331648040274059,0.0,-0.23684210526315785
2021-01-07,0.03633815789247623,0.0331648040274059,0.0,-0.23684210526315785
2021-01-08,0.03633815789247623,0.032169225768306324,0.0,-0.23684210526315785
2021-01-11,0.03633815789247623,0.03113031042522685,0.0,-0.23684210526315785
2021-01-12,0.03627017330062278,0.030020926289298904,-0.0019068368757865501,-0.24060150375939848
2021-01-13,0.035252807881361224,0.029197572098023136,-0.02896225562379163,-0.21052631578947367
2021-01-14,0.03233452094818555,0.027924494715899004,-0.08787709878918196,-0.21052631578947367
2021-01-15,0.034140315726546126,0.027225658548912193,0.0552514284048691,-0.17293233082706772
2021-01-18,0.034140315726546126,0.026516606261099234,0.0,-0.17293233082706772
2021-01-19,0.034140315726546126,0.025891982854775425,0.0,-0.17293233082706772
2021-01-20,0.034140315726546126,0.025891982854775425,0.0,-0.17293233082706772
2021-01-21,0.034140315726546126,0.025891982854775425,0.0,-0.17293233082706772
2021-01-22,0.030438870106073195,0.025891982854775425,-0.11661919860573965,-0.17293233082706772
2021-01-25,0.03177926785259385,0.02735959737514152,0.04376736910766336,-0.2293233082706767
2021-01-26,0.029066691807675467,0.026756704786420435,-0.09058435126759001,-0.2293233082706767
2021-01-27,0.02465627226012672,0.026756704786420435,-0.16677660697666932,-0.2293233082706767
2021-01-28,0.02654085738457245,0.02810525433093885,0.07460029683364794,-0.28195488721804507
2021-01-29,0.030142760462317317,0.029334504502000355,0.12906885669207874,-0.3308270676691729
2021-02-01,0.030142760462317317,0.029334504502000355,0.0,-0.3308270676691729
2021-02-02,0.030142760462317317,0.028747595583410807,0.0,-0.3308270676691729
2021-02-03,0.030142760462317317,0.028747595583410807,0.0,-0.3308270676691729
2021-02-04,0.030142760462317317,0.028747595583410807,0.0,-0.3308270676691729
2021-02-05,0.030142760462317317,0.028747595583410807,0.0,-0.3308270676691729
2021-02-08,0.0341909543354163,0.030184487726821817,0.1280512479086517,-0.28421052631578947
2021-02-09,0.037186202521059496,0.03139841025463032,0.08548318489987854,-0.23684210526315785
2021-02-17,0.036122948875330685,0.03139841025463032,-0.029544292819002175,-0.23684210526315785
2021-02-18,0.03612738264925455,0.03139575798726604,0.00012496386351661663,-0.24060150375939848
2021-02-19,0.034391001411978546,0.03139575798726604,-0.05012943513675662,-0.24060150375939848
2021-02-22,0.034391001411978546,0.03139575798726604,0.0,-0.24060150375939848
2021-02-23,0.034391001411978546,0.03139575798726604,0.0,-0.24060150375939848
2021-02-24,0.034391001411978546,0.03139575798726604,0.0,-0.24060150375939848
2021-02-25,0.034391001411978546,0.03139575798726604,0.0,-0.24060150375939848
2021-02-26,0.034391001411978546,0.03139575798726604,0.0,-0.24060150375939848
2021-03-01,0.034195162180902336,0.03156957868169967,-0.005809243534937098,-0.18796992481203012
2021-03-02,0.034195162180902336,0.03156957868169967,0.0,-0.18796992481203012
2021-03-03,0.034195162180902336,0.03156957868169967,0.0,-0.18796992481203012
2021-03-04,0.029786459150135183,0.03156957868169967,-0.14024633925339036,-0.16923076923076918
2021-03-05,0.024077815199130076,0.03147448880251951,-0.21563006831004441,-0.16923076923076918
2021-03-08,0.024077815199130076,0.03147448880251951,0.0,-0.16923076923076918
2021-03-09,0.0270339715494447,0.03269464638838179,0.11728772356600667,-0.11153846153846159
2021-03-10,0.0270339715494447,0.03269464638838179,0.0,-0.11153846153846159
2021-03-11,0.0270339715494447,0.03269464638838179,0.0,-0.11153846153846159
2021-03-12,0.0270339715494447,0.03269464638838179,0.0,-0.11153846153846159
2021-03-15,0.024053007974722717,0.03269464638838179,-0.11833100144526632,-0.11153846153846159
2021-03-16,0.02679229945589618,0.033853577398494046,0.10922985855992715,-0.11157024793388426
2021-03-17,0.030268256579155217,0.03384405227418418,0.12373121297258384,-0.0043290043290042934
2021-03-18,0.03019566039993227,0.03271993287051308,-0.0024377872049180047,-0.0043290043290042934
2021-03-19,0.03019566039993227,0.03271993287051308,0.0,-0.0043290043290042934
2021-03-22,0.03019566039993227,0.03271993287051308,0.0,-0.0043290043290042934
2021-03-23,0.03019566039993227,0.03271993287051308,0.0,-0.0043290043290042934
2021-03-24,0.03019566039993227,0.03271993287051308,0.0,-0.0043290043290042934
2021-03-25,0.03019566039993227,0.03271993287051308,0.0,-0.0043290043290042934
2021-03-26,0.03019566039993227,0.031503933950977545,0.0,-0.0043290043290042934
2021-03-29,0.03145631827078608,0.03207198477258892,0.04153519722366333,-0.07359307359307354
2021-03-30,0.03498163807503136,0.03241483297350298,0.10799582216438235,-0.1367965367965368
2021-03-31,0.03498163807503136,0.03125248466865435,0.0,-0.1367965367965368
2021-04-01,0.037750512681467764,0.031709999633657886,0.0775685664167142,-0.19480519480519476
2021-04-02,0.041113115511147554,0.03280318861162418,0.0870204551471681,-0.1385281385281385
2021-04-05,0.04363239428408337,0.03376706593957058,0.060741200662987715,-0.08225108225108224
2021-04-06,0.04339177592857715,0.03469104776807719,-0.005651114589637694,-0.02164502164502169
2021-04-07,0.04578205330951339,0.03580467360832478,0.05482624439680004,-0.08658008658008653
2021-04-08,0.04578205330951339,0.03580467360832478,0.0,-0.08658008658008653
2021-04-09,0.04578205330951339,0.03580467360832478,0.0,-0.08658008658008653
2021-04-12,0.047931681336914465,0.03690919914762546,0.04696772402416411,-0.1489177489177489
2021-04-13,0.045703719739246994,0.03690495864604267,-0.048719664895154384,-0.1489177489177489
2021-04-14,0.04279915104710404,0.036576745525277884,-0.0671244023708074,-0.1428571428571429
2021-04-15,0.04279915104710404,0.036576745525277884,0.0,-0.1428571428571429
2021-04-16,0.04279915104710404,0.0360705166712637,0.0,-0.1428571428571429
2021-04-19,0.04294104455454894,0.03610046499805948,0.0033813039031164857,-0.1341991341991342
2021-04-20,0.04459809426968235,0.036651015235942684,0.038697570712307096,-0.09090909090909094
2021-04-22,0.04594444461757823,0.03712921519757539,0.030420059842083565,-0.04761904761904767
2021-04-23,0.047975880582704584,0.0379280584973546,0.044289114051834916,0.0
2021-04-26,0.04858901305630934,0.03819332837049831,0.013008070263164298,-0.03418803418803418
2021-04-27,0.04581983937270911,0.03710131620059057,-0.06007573225045261,-0.03418803418803418
2021-04-28,0.04268815507614691,0.03710131620059057,-0.07237306322812896,-0.03418803418803418
2021-04-29,0.04268815507614691,0.03710131620059057,0.0,-0.03418803418803418
2021-05-04,0.03908524027767528,0.03593323854248224,-0.08999028525267785,-0.03418803418803418
2021-05-05,0.036807973737703566,0.03469356959416644,-0.06117622834346998,-0.03418803418803418
2021-05-06,0.03782167176818027,0.03587452338315537,0.02767776000303416,-0.09829059829059827
2021-05-07,0.0348566227544129,0.03587452338315537,-0.0831305911568529,-0.09829059829059827
2021-05-10,0.035144686319668744,0.03707599592022037,0.00837514973790197,-0.16068376068376067
2021-05-11,0.035144686319668744,0.03707599592022037,0.0,-0.16068376068376067
2021-05-12,0.035144686319668744,0.03707599592022037,0.0,-0.16068376068376067
2021-05-13,0.03158949384268522,0.036113742049323126,-0.10843629286081055,-0.16068376068376067
2021-05-14,0.03158949384268522,0.03518807048091311,0.0,-0.16068376068376067
2021-05-17,0.031546887787648165,0.03518807048091311,-0.0013710663528088798,-0.16068376068376067
2021-05-18,0.031546887787648165,0.03518364929723956,0.0,-0.16068376068376067
2021-05-19,0.03154832774390395,0.035184099959367325,4.636766193677032e-05,-0.15982905982905982
2021-05-20,0.03145814288684972,0.035184099959367325,-0.0029080475404487886,-0.15982905982905982
2021-05-21,0.029321063603928665,0.035184099959367325,-0.07142564135393464,-0.15982905982905982
2021-05-24,0.02701125718201722,0.035184099959367325,-0.08321273580327715,-0.15982905982905982
2021-05-25,0.026003047529935798,0.036304969482615544,-0.03854628544731922,-0.21794871794871795
2021-05-26,0.029677480781982405,0.037079345184218376,0.13402048521106363,-0.1709401709401709
2021-05-27,0.02989421278828251,0.036089292869764145,0.0073852755628235475,-0.16239316239316237
2021-05-28,0.03323433630437725,0.03689497836381135,0.1075974717928883,-0.11111111111111116
2021-05-31,0.03631851522645928,0.037959074072679864,0.09029510684516788,-0.1726495726495727
2021-06-01,0.036547505592028046,0.03800001068693519,0.006400453518505015,-0.16239316239316237
2021-06-02,0.03910347655510418,0.039007986486256606,0.06888446422536697,-0.2205128205128205
2021-06-03,0.040186323336439046,0.03997148444414249,0.0278603385886367,-0.16666666666666663
2021-06-04,0.040186323336439046,0.03899820958782948,0.0,-0.16666666666666663
2021-06-07,0.037079734746126934,0.03899820958782948,-0.08201940972242036,-0.16666666666666663
2021-06-08,0.03837574496828789,0.0394578499975084,0.03500710199340787,-0.1282051282051282
2021-06-09,0.03837574496828789,0.0394578499975084,0.0,-0.1282051282051282
2021-06-10,0.03837574496828789,0.0394578499975084,0.0,-0.1282051282051282
2021-06-11,0.03837574496828789,0.03844395266882897,0.0,-0.1282051282051282
2021-06-14,0.03837574496828789,0.03744346453739833,0.0,-0.1282051282051282
2021-06-15,0.03837574496828789,0.03744346453739833,0.0,-0.1282051282051282
2021-06-16,0.038664913092244506,0.037508965396094995,0.007652442101910074,-0.14529914529914534
2021-06-17,0.038664913092244506,0.037508965396094995,0.0,-0.14529914529914534
2021-06-18,0.038664913092244506,0.037508965396094995,0.0,-0.14529914529914534
2021-06-21,0.04156050960954632,0.038437797883515826,0.07367533699589537,-0.2025641025641025
2021-06-22,0.038450043074135076,0.038437797883515826,-0.07935619507915023,-0.2025641025641025
2021-06-23,0.03613897063528605,0.038437797883515826,-0.06315071610281252,-0.2025641025641025
2021-06-24,0.03603511763990853,0.03742841449744,-0.0029300870936445423,-0.2025641025641025
2021-06-25,0.03567058306783635,0.03730915894378354,-0.010350961127177595,-0.25384615384615383
2021-06-28,0.032633684051055004,0.03730915894378354,-0.09050840367411699,-0.25384615384615383
2021-06-29,0.03614222793489434,0.037312596781269504,0.10388121887414574,-0.20170940170940166
2021-06-30,0.033436185017791255,0.036567293584286786,-0.0791840772928054,-0.22991452991452987
2021-07-01,0.029643691686641514,0.03561518618012867,-0.12229552996607956,-0.22991452991452987
2021-07-02,0.029643691686641514,0.034583540742985905,0.0,-0.22991452991452987
2021-07-05,0.029643691686641514,0.03357306830514102,0.0,-0.22991452991452987
2021-07-06,0.027429316347410207,0.03357195745184351,-0.07874938864434854,-0.23076923076923073
2021-07-07,0.027429316347410207,0.03357195745184351,0.0,-0.23076923076923073
2021-07-08,0.027429316347410207,0.03242186172034737,0.0,-0.23076923076923073
2021-07-09,0.027429316347410207,0.03242186172034737,0.0,-0.23076923076923073
2021-07-12,0.027429316347410207,0.0324039172670442,0.0,-0.23076923076923073
2021-07-13,0.027429316347410207,0.0324039172670442,0.0,-0.23076923076923073
2021-07-16,0.030237877051078686,0.033385159703583155,0.09889395921356466,-0.2794871794871795
2021-07-22,0.03259781190551005,0.033943169007773395,0.0763359432051468,-0.24444444444444446
2021-07-23,0.03300020401302658,0.03341656733985994,0.01247086913537162,-0.23076923076923073
2021-07-27,0.03296553381010749,0.03384302709418583,-0.001068588062258419,-0.28205128205128205
2021-07-28,0.03476259860240822,0.03338820127331347,0.053983058288241084,-0.22212389380530972
2021-07-29,0.037693006610681666,0.03425776433441742,0.08240654849050859,-0.17079646017699113
2021-07-30,0.03770568270153321,0.034255717392382624,0.000342619458368484,-0.1743362831858407
2021-08-02,0.036608668505003335,0.034816259776875046,-0.030077657022948595,-0.2168141592920354
2021-08-03,0.038460473106977595,0.035596610136441297,0.050277665833880616,-0.17256637168141598
2021-08-04,0.03811094641697519,0.036559367994674186,-0.009305369048433489,-0.11858407079646016
2021-08-05,0.03708922317707163,0.0366142497319175,-0.02768915711027416,-0.042654028436018954
2021-08-09,0.037955854242712216,0.03603849863880248,0.02353332608975791,0.0
2021-08-10,0.041608632529870085,0.037116034546426105,0.09372237987738509,-0.06824644549763037
2021-08-12,0.04357966792673708,0.03667363296445316,0.047275553989469365,-0.11848341232227488
2021-08-13,0.045270559541236564,0.0374239812949121,0.03891790869747946,-0.06540284360189574
2021-08-18,0.04824127545550297,0.038517166354236264,0.06505498921319632,-0.1308056872037915
2021-08-19,0.04824331642932072,0.03852089282710681,4.333541352991938e-05,-0.12796208530805686
2021-08-31,0.04824331642932072,0.03852089282710681,0.0,-0.12796208530805686
2021-09-08,0.0484999263959242,0.03860949517120747,0.005434319974917721,-0.14691943127962082
2021-09-13,0.05064288038663393,0.03956995557716655,0.044316695904798684,-0.08720379146919433
2021-09-14,0.04820195875267391,0.03956960925238695,-0.05062950106936984,-0.08720379146919433
2021-09-16,0.047840768171839625,0.039855808917378166,-0.007703530710218789,-0.05213270142180093
2021-09-27,0.05064538131599649,0.04088714560410029,0.05838367520140539,-0.11848341232227488
2021-09-29,0.05064538131599649,0.04176467320261055,0.0,-0.17725118483412328
2021-09-30,0.05174705536997058,0.041685221200018496,0.022075023907126137,-0.1203791469194313
2021-10-01,0.05214140531857135,0.041966685604056204,0.007790711924253536,-0.181042654028436
2021-10-06,0.054272914109511204,0.04279630684198518,0.041141119587748756,-0.12511848341232223
2021-10-07,0.05297242628554197,0.04210162625439406,-0.02490981414843703,-0.12511848341232223
2021-10-08,0.05361776912958194,0.042021878121117275,0.01243454249156764,-0.06445497630331753
2021-10-13,0.05184177751381498,0.04199416054124275,-0.03457997986071415,-0.06445497630331753
2021-10-14,0.05389196959759554,0.041979779831088755,0.03981926039554412,-0.12890995260663507
2021-10-18,0.05514970224522924,0.04199311051781526,0.023704443124954067,-0.06824644549763037
2021-10-19,0.05302078748145416,0.0419933560606162,-0.0404413382746516,-0.06919431279620858
2021-11-02,0.05162354806795369,0.042053960067465125,-0.02741083353388809,-0.05213270142180093
2021-11-05,0.05010627428677981,0.041667709424094146,-0.030596752861130685,-0.05213270142180093
2021-11-09,0.04918815419018726,0.0425268064931468,-0.018956264174453764,0.0
2021-11-10,0.05060569802187027,0.04323975866549152,0.029126013298895158,0.0
2021-11-11,0.05179108603539179,0.04392381402519455,0.023751617877718442,0.0
2021-11-12,0.05235006843206332,0.04465816741007595,0.01101710889220008,0.0
2021-11-15,0.05231735438058257,0.04533849478840674,-0.0006416043388127659,0.0
2021-11-16,0.0553443288777431,0.046123627374393225,0.05777310971128276,-0.06474820143884896
2021-11-17,0.05594750126860792,0.04633462573578174,0.011143960187080783,-0.09352517985611508
2021-11-18,0.05331910627937067,0.04646352223790997,-0.04944519454627405,-0.1151079136690647
2021-11-19,0.05351947691844224,0.04652029742751208,0.003851985029218196,-0.1762589928057554
2021-11-26,0.05330575542546641,0.046834185444017476,-0.004109146379881225,-0.2086330935251799
2021-11-29,0.05021214862145594,0.046834185444017476,-0.06134743996494693,-0.2086330935251799
2021-11-30,0.04905836841090617,0.04690694985303859,-0.02382787814191684,-0.2230215827338129
2021-12-01,0.050639338101323414,0.04676196165205363,0.032514971489052746,-0.1690647482014388
2021-12-03,0.05165028200044533,0.04760840627283155,0.020276724912128737,-0.2230215827338129
2021-12-06,0.05212299028955253,0.047067850325217875,0.009348864628740853,-0.24460431654676262
2021-12-07,0.05075898732633673,0.047257654681426044,-0.027205274569903466,-0.28057553956834536
2021-12-08,0.05086266974335935,0.04803181590243493,0.0020928380075190315,-0.32733812949640284
2021-12-09,0.05095429059089908,0.04805152281858724,0.0018459160393740094,-0.3194244604316546
2021-12-10,0.0528399720435677,0.048720523411544724,0.037289971139475436,-0.27338129496402874
2021-12-13,0.053477305927288256,0.04893481322191107,0.012310912927548573,-0.24460431654676262
2021-12-14,0.05329636088105358,0.04953652691542745,-0.0034805998027314187,-0.19424460431654678
2021-12-15,0.05147286797484156,0.04953652691542745,-0.03573291897603389,-0.19424460431654678
2021-12-16,0.04943551085537172,0.04960803186064484,-0.04141306051859605,-0.2086330935251799
2021-12-17,0.048002834200957016,0.04986824519027373,-0.030131102787357558,-0.17266187050359716
2021-12-20,0.0480261882253424,0.050478838056445076,0.0004981654904563294,-0.1151079136690647
2021-12-21,0.04839454584128315,0.05024730286215976,0.007826325040235416,-0.0539568345323741
2021-12-22,0.04979818380734248,0.05053482408720967,0.029298951213107723,0.0
2021-12-23,0.05092418898560736,0.051027773837500845,0.02292724621930174,0.0
2021-12-24,0.04882710235076579,0.050591928638594456,-0.04310975224065087,0.0
2021-12-27,0.048134700083904434,0.05088230633775716,-0.014631197688278611,0.0
2021-12-28,0.048811987198118335,0.050945156167417335,0.014313965950121185,0.0
2021-12-29,0.04848006037583299,0.05135483298762704,-0.006990642396398877,0.0
2021-12-30,0.04837397709295573,0.05108063442059334,-0.0022440506557947176,0.0
2021-12-31,0.04356117419549907,0.05083382105734823,-0.10722056627579342,0.0
2022-01-04,0.04740616516053152,0.051517189011525154,0.08652308345472201,-0.06904761904761902
2022-01-05,0.04465129482992663,0.051555914307463854,-0.06125696917991718,-0.07380952380952377
2022-01-06,0.041003492505921474,0.05161891670502823,-0.0870629599693122,-0.09999999999999998
2022-01-07,0.041090030202636595,0.05103559148538936,0.002151836117708568,-0.04047619047619044
2022-01-10,0.04126116779940277,0.05033728720948655,0.004242447735404253,-0.03809523809523807
2022-01-14,0.04722095947973524,0.05108462477780626,0.13791787696232702,-0.10476190476190472
2022-01-17,0.0511823979220115,0.051061883634107706,0.08255477617786297,-0.16666666666666663
2022-01-18,0.05483339170355967,0.052057325473410555,0.07074527444233206,-0.2238095238095238
2022-01-20,0.05757373411678304,0.052971890394446455,0.05015010934678599,-0.2761904761904762
2022-01-21,0.059294852719467224,0.05376767240564018,0.04460844390308954,-0.32619047619047614
2022-01-24,0.05876460877824688,0.053236585574522655,-0.023533914348362914,-0.32619047619047614
2022-01-25,0.059294852719467224,0.05405867300269153,0.009573874462208535,-0.37142857142857144
2022-01-26,0.059294852719467224,0.05443575526618117,-0.00022543540321102673,-0.3285714285714286
2022-01-27,0.05744983242024146,0.053549468939960154,-0.03263988433165221,-0.330952380952381
2022-02-07,0.05519624649610483,0.05269691349538166,-0.041154497309780734,-0.330952380952381
2022-02-09,0.05420554227458699,0.05304019971690923,-0.01861165811463319,-0.3761904761904762
2022-02-10,0.05411995674250668,0.05265610683753633,-0.0016233339438578463,-0.33333333333333337
2022-02-11,0.05410245962646249,0.052649185756042216,-0.00033218214363916224,-0.28809523809523807
2022-02-14,0.054139383800265915,0.0531053497412585,0.0007008817429100455,-0.2404761904761905
2022-02-15,0.05652979412141426,0.05305078858399306,0.044412145709517084,-0.19047619047619047
2022-02-17,0.054850861541526436,0.05305078858399306,-0.030997187084395413,-0.19047619047619047
2022-02-21,0.05632904556751391,0.05294705010146864,0.027338349903867635,-0.24285714285714288
2022-02-22,0.05831061888152042,0.05289062768975503,0.03557415504346602,-0.19285714285714284
2022-02-23,0.056200320270611705,0.05288773622027387,-0.03792697433414099,-0.19285714285714284
2022-02-25,0.05764654052628578,0.05378014036829295,0.026137746661403616,-0.24761904761904763
2022-02-28,0.05620220943024125,0.05377195974103794,-0.02610317905676869,-0.2404761904761905
2022-03-01,0.056012767076910774,0.05404236233329183,-0.003472027854913853,-0.29047619047619044
2022-03-02,0.05418559845673427,0.05355078209269461,-0.034086453751019465,-0.29047619047619044
2022-03-03,0.05385052475462465,0.053518285184282026,-0.006372057671531061,-0.24523809523809526
2022-03-04,0.05156603290428807,0.05301725191560024,-0.044501241160685746,-0.26190476190476186
2022-03-07,0.0527380738862728,0.052834532668119605,0.023065590297761174,-0.21904761904761905
2022-03-08,0.050385027584074836,0.05221818646591514,-0.046830224541525814,-0.23809523809523814
2022-03-09,0.049826852965524554,0.052412829484528314,-0.01142141996145491,-0.1952380952380952
2022-03-10,0.04978880956770119,0.05228919645205363,-0.000782983020769043,-0.1952380952380952
2022-03-11,0.04985892658189156,0.05140309462793783,0.001442647254806945,-0.19999999999999996
2022-03-14,0.04665849496069327,0.051140644439707686,-0.06795561087958764,-0.17619047619047623
2022-03-15,0.04853370458557614,0.05207771768719406,0.040348519844700996,-0.23333333333333328
2022-03-16,0.0466766852963619,0.05199106781315539,-0.039949568822480755,-0.23333333333333328
2022-03-17,0.044866355368991286,0.051480515578411955,-0.04046866679626299,-0.2142857142857143
2022-03-18,0.04258282885930271,0.05065347054509326,-0.05338716819846908,-0.2142857142857143
2022-03-21,0.04258282885930271,0.05046629746923593,0.0,-0.2142857142857143
2022-03-22,0.04174642436998407,0.050352065835618076,-0.02025842614424067,-0.16666666666666663
2022-03-23,0.039917791438453566,0.04946127413711809,-0.045712206137432355,-0.1428571428571429
2022-03-24,0.042000472378591336,0.050180153275075357,0.05190717668891003,-0.19047619047619047
2022-03-25,0.03880444713823144,0.049684828610239665,-0.080754761630055,-0.18571428571428572
2022-03-28,0.0410106060685561,0.05004052037547823,0.05640626309545243,-0.13095238095238093
2022-03-29,0.039181125878044,0.0500707014551563,-0.046556411136760484,-0.0714285714285714
2022-03-30,0.04070489667524819,0.05056556215521294,0.038920196209662694,-0.0071428571428571175
2022-03-31,0.03966478827956911,0.05048811535398175,-0.026408078329476826,-0.014285714285714235
2022-04-01,0.042994839773840846,0.051278445112504165,0.08229272930414544,-0.080952380952381
2022-04-04,0.04183218091657549,0.05076568735731557,-0.02799961373181263,-0.08571428571428574
2022-04-05,0.04139592261413557,0.050251230296729316,-0.010703172775164312,-0.09523809523809523
2022-04-06,0.042095623906897486,0.050250878464917645,0.017113682373463102,-0.033333333333333326
2022-04-07,0.042125531688180194,0.04969732930114137,0.0007252788611556349,-0.0357142857142857
2022-04-08,0.04247957833911119,0.04915109302388892,0.008547709909762329,-0.05476190476190479
2022-04-12,0.042555870189103326,0.04857087048883151,0.0018327703219624804,-0.0714285714285714
2022-04-13,0.040137701105451576,0.04841247903165564,-0.05971913758767925,-0.014285714285714235
2022-04-14,0.04134895860578109,0.04831254031002819,0.030340900364678947,0.0
2022-04-15,0.04178446981561654,0.047972166173872954,0.010696760301721338,0.0
2022-04-18,0.04291225706347747,0.04814035884255737,0.02720062979012704,-0.0304347826086957
2022-04-19,0.04659776560938463,0.048095460455562386,0.08425157492430198,-0.09565217391304348
2022-04-20,0.04862325950286835,0.04894937597173143,0.04357018926548756,-0.15869565217391302
2022-04-22,0.049971485686416975,0.04942505030819326,0.028030195456065426,-0.10434782608695647
2022-04-26,0.04787150587409312,0.048786077871981484,-0.043990637964578125,-0.10434782608695647
2022-05-13,0.05088642968885395,0.049572318687705764,0.06259567541555647,-0.16521739130434787
2022-05-16,0.04919647009988917,0.04878078774888107,-0.034626425818381226,-0.1760869565217391
2022-05-19,0.0493134400243532,0.048767213827062866,0.002433750608140025,-0.2326086956521739
2022-05-20,0.04836831488267273,0.048347504632873656,-0.019828118046382664,-0.19130434782608696
2022-05-23,0.04872027568347606,0.04769190792284038,0.00742773641161456,-0.21739130434782605
2022-05-24,0.04865518307779414,0.047629257183428426,-0.0013697509908729708,-0.26956521739130435
2022-05-25,0.0489446879418283,0.04766349489480465,0.00607843044924664,-0.25652173913043474
2022-05-26,0.04896717290424094,0.046766303600974175,0.0004706239824810452,-0.2543478260869565
2022-05-27,0.04625077673445889,0.04618370824379302,-0.05844083754962055,-0.2673913043478261
2022-05-30,0.046305070316107665,0.04617630423385998,0.0012005630002707391,-0.26521739130434785
2022-05-31,0.04635939703868597,0.04629799010504858,0.0011999200127091483,-0.28260869565217395
2022-06-01,0.04632236682110182,0.04538770734526936,-0.0008177411179154626,-0.28695652173913044
2022-06-02,0.043760886081383434,0.0448465526145376,-0.05817486441289333,-0.3065217391304348
2022-06-03,0.04261903847164002,0.04447037265234206,-0.02701436790167597,-0.27391304347826084
2022-06-06,0.04149355854647815,0.044370356420661845,-0.027329544420431947,-0.3152173913043478
2022-06-07,0.04153305845140035,0.04362075636576269,0.0009713862433291594,-0.31739130434782614
2022-06-08,0.04061728802254962,0.04408232451390133,-0.02275692429764894,-0.3521739130434782
2022-06-09,0.03914163759617014,0.04336591765396567,-0.03774970860778638,-0.341304347826087
2022-06-10,0.03740259121033105,0.042930006088610646,-0.04632187242134118,-0.31304347826086953
2022-06-13,0.038229073082588994,0.04305440915960866,0.022272155485654355,-0.29565217391304344
2022-06-14,0.03712939603295042,0.04268160582356501,-0.029740583439643888,-0.3326086956521739
2022-06-15,0.037650531901267735,0.04294378864225293,0.014200267834924644,-0.3586956521739131
2022-06-16,0.035493710846596714,0.0422714854875908,-0.060076527670177425,-0.37826086956521743
2022-06-17,0.03346588722069354,0.04238573339761508,-0.059848614642714314,-0.3630434782608696
2022-06-20,0.034715029042521876,0.0419164969614162,0.03727418744610438,-0.33913043478260874
2022-06-21,0.03185935732623303,0.041857246985879615,-0.08727730566742199,-0.34782608695652173
2022-06-22,0.03140343771982965,0.04122932375675354,-0.01464292103458194,-0.3521739130434782
2022-06-23,0.03132803873891592,0.04113951602187413,-0.002441761338200731,-0.3586956521739131
2022-06-27,0.03276151475330303,0.0409936420178915,0.04546154482828631,-0.3913043478260869
2022-07-01,0.033865846288246876,0.04143149751465781,0.03370774814111173,-0.4217391304347826
2022-07-04,0.03441888281572995,0.04170664677873925,0.016476397416652543,-0.44565217391304346
2022-07-05,0.03701549979584515,0.04204736077167307,0.07403742208745813,-0.4173913043478261
2022-07-06,0.03906086339988312,0.04198792378525601,0.05481344232378441,-0.4565217391304348
2022-07-07,0.038635573557904805,0.04279129126104302,-0.011161601709829924,-0.49347826086956526
2022-07-08,0.03787857084400178,0.042659968730050866,-0.020168817250648324,-0.48913043478260865
2022-07-11,0.039647978951010576,0.04341517157172586,0.04654484325586479,-0.5204782608695652
2022-07-12,0.04240359668213688,0.044251978747878236,0.06858042466090901,-0.49347826086956526
2022-07-13,0.04385237004899188,0.043985124409504535,0.034325165937682686,-0.4695652173913043
2022-07-14,0.043525644814150624,0.04434251244864532,-0.007643016414512225,-0.5021739130434782
2022-07-20,0.04538127023899488,0.04456822175642949,0.04268384695287319,-0.4739130434782609
2022-08-04,0.044951474432546525,0.04477457433074727,-0.0097324215645517,-0.4956521739130435
2022-08-05,0.044648086984905876,0.043853317845007435,-0.006924925087383299,-0.4956521739130435
2022-08-08,0.044502523092666856,0.04285276415992844,-0.003338897353836267,-0.4956521739130435
2022-08-09,0.043878415614443195,0.041778782224625895,-0.01443770752719188,-0.4956521739130435
2022-08-10,0.04529091111378039,0.04264467919898327,0.03239533561446491,-0.4652173913043478
2022-08-11,0.045343093027926315,0.04193556843348679,0.0011777743409352608,-0.4652173913043478
2022-08-12,0.045389565583568825,0.041945163746304526,0.0010477961297562248,-0.4652173913043478
2022-08-15,0.04543640280525024,0.0419535017879841,0.001054957620999675,-0.4652173913043478
2022-08-16,0.0451564725618478,0.041164484007359496,-0.006321001597520666,-0.48913043478260865
2022-08-17,0.04412901900332784,0.04117198508933389,-0.02353357696523754,-0.48913043478260865
2022-08-22,0.04508512158233858,0.041670623299298805,0.021916300794776092,-0.5195652173913043
2022-08-25,0.0432019481643937,0.04166297626178993,-0.04361520736426125,-0.5204782608695652
2022-08-29,0.04102975951385516,0.04074160861180924,-0.05268165090008452,-0.5204782608695652
2022-08-31,0.038501875825302824,0.039838375426110004,-0.06486298493807258,-0.5152173913043478
2022-09-05,0.04008188642497297,0.03956845327321801,0.041012727713754686,-0.5204782608695652
2022-09-12,0.03748538053477738,0.03969882101915185,-0.06828014488511261,-0.48317307692307687
2022-09-19,0.03461853077437237,0.0390422571341292,-0.08100390991359538,-0.47815533980582525
2022-09-27,0.03268902421335277,0.038256031215805404,-0.058319887012913206,-0.4854368932038835
2022-09-29,0.03041514613198543,0.037306103610988316,-0.07324155310071917,-0.47572815533980584
2022-10-03,0.03117932034604922,0.03841211222988621,0.025198393497821988,-0.40104166666666663
2022-10-04,0.029881267138467116,0.037687064525291074,-0.04317561381060074,-0.3878627968337731
2022-10-05,0.030425301720645184,0.03774905026220977,0.01831616706826823,-0.3924731182795699
2022-10-06,0.030425301720645184,0.03690975970490421,0.0,-0.3924731182795699
2022-10-19,0.030767753177050144,0.036151465435166265,0.011364706265942584,-0.38611111111111107
2022-10-21,0.03080886559789549,0.03685273802321588,0.0013559871572955727,-0.3994169096209913
2022-10-24,0.03394451361355468,0.03696570569323134,0.09850100037803408,-0.36443148688046645
2022-10-25,0.033918367165068124,0.03683055596062871,-0.000783713973766518,-0.36734693877551017
2022-10-26,0.03635341428442477,0.037609403899199007,0.07055608913295405,-0.3224852071005917
2022-11-09,0.03790526158817945,0.0383599553025979,0.0425825168932082,-0.3668639053254438
2022-11-17,0.04003165840773908,0.03912449699915308,0.055650760055286276,-0.32335329341317365
2022-12-02,0.038975614331635655,0.03964346725960135,-0.02726591589635051,-0.2904191616766467
2022-12-08,0.03894455201145461,0.03968171104333533,-0.0008129176213114411,-0.28443113772455086
2023-02-07,0.04208318192285404,0.040391492846680754,0.07908918243067138,-0.3323353293413174
2023-02-09,0.042545441265914134,0.03996971114526963,0.011157286442120861,-0.33333333333333337
2023-02-10,0.04074316430421057,0.03943954732009088,-0.0441920149651186,-0.33333333333333337
2023-02-13,0.042461362260068136,0.04026422860243237,0.0421715062742224,-0.29320987654320985
2023-02-15,0.04467185164396666,0.040824259754351465,0.05186230507222899,-0.24382716049382713
2023-04-12,0.04763105854244879,0.04163299951479752,0.06563242283354363,-0.2962962962962963
2023-04-13,0.047634872064278105,0.04121699179777857,8.1982440032784e-05,-0.3055555555555556
2023-04-14,0.04788391544746721,0.04177796637271223,0.005340065946827634,-0.3159609120521173
2023-04-17,0.04991287151200034,0.042160874626627945,0.04252199895761476,-0.3572368421052632
2023-04-18,0.051652704541200474,0.04274360380102719,0.03514091366611747,-0.40197368421052626
2023-04-19,0.05427919649304041,0.043653969753065076,0.05092330376478526,-0.3605263157894737
2023-04-20,0.0564753733792286,0.044466842865896784,0.04077185750651094,-0.3157894736842105
2023-04-24,0.05656008250012903,0.04488404549949505,0.0015415597160163591,-0.3546666666666667
2023-04-25,0.05712620834210999,0.045826962048949926,0.010245264092942732,-0.30536912751677847
2023-04-27,0.05718333754204455,0.045838958688756225,0.001028389159745805,-0.30847457627118646
2023-05-05,0.0557290409271971,0.04583862184067741,-0.02649514746197433,-0.2785714285714286
2023-05-09,0.054042447538502854,0.04550819195204623,-0.03158259372504435,-0.23880597014925375
2023-05-22,0.05249811506478074,0.04513552204303324,-0.029771553935369493,-0.23880597014925375
2023-05-24,0.05115548277340067,0.04488215561421839,-0.02658469825828477,-0.23880597014925375
2023-05-26,0.052783429147985075,0.045135610734815285,0.032148639943103414,-0.24
2023-05-29,0.05359162615447378,0.04527489676170298,0.015603205495852219,-0.17479674796747968
2023-05-30,0.053242284160618984,0.04447105110300105,-0.00671615647630435,-0.17479674796747968
2023-05-31,0.05337693564240448,0.04450128408171472,0.002593763579393679,-0.16260162601626016
2023-06-08,0.05158656144463821,0.04364726886160067,-0.035020544808630726,-0.16260162601626016
2023-06-12,0.051465105143107696,0.0437364287059323,-0.0024184426515832256,-0.10569105691056913
2023-06-13,0.04920826454512903,0.043325812381542345,-0.04598029783990638,-0.10569105691056913
2023-06-14,0.04924193367997569,0.042646585463899225,0.0007009556422935934,-0.0934959349593496
2023-06-15,0.04673447417827158,0.04207482048248981,-0.053527219463951906,-0.08536585365853655
2023-06-22,0.043491539629308164,0.04175051937462461,-0.07354931199140145,-0.08536585365853655
2023-06-26,0.039635901484269175,0.04175051937462461,-0.09477226809555472,-0.08536585365853655
2023-06-28,0.03805223070589268,0.0418407173591209,-0.041572553557636394,-0.10569105691056913
2023-06-30,0.035394404786683965,0.04184306527347083,-0.07374298418989676,-0.1097560975609756
2023-07-03,0.031013394335543416,0.041159061535959454,-0.13433715158048326,-0.10569105691056913
2023-07-05,0.0277142751509326,0.041159061535959454,-0.11412915164590946,-0.10569105691056913
2023-07-11,0.0288109125721131,0.041565057552113205,0.03935748303311737,-0.06504065040650409
2023-07-13,0.0323777421175901,0.042274524268446634,0.11850946104381224,-0.11836734693877549
2023-08-01,0.032516074107560085,0.041982480052751105,0.004332878658228916,-0.10204081632653061
2023-08-03,0.03288738787802839,0.04212835465276603,0.011541347389127678,-0.07755102040816331
2023-08-08,0.034963458801935236,0.04208145277753844,0.062258131367706304,-0.020408163265306145
2023-08-09,0.029975181653850325,0.04207514199578878,-0.15644130870915762,-0.020408163265306145
2023-08-10,0.029826606108568583,0.04280741164116051,-0.005043599773277323,0.0
2023-08-11,0.03032915713204789,0.042844196759935,0.016961243364214416,-0.015625
2023-08-15,0.030483272920562143,0.042227989621591064,0.005146019660187647,-0.01953125
2023-09-05,0.03046668648938249,0.042233807622246024,-0.0005525990682222518,0.0
2023-09-06,0.030336083801047777,0.042922903046994726,-0.0043615827314370794,0.0
2023-09-07,0.03260776230356592,0.04357872127746764,0.07335425303368033,0.0
2023-09-08,0.03275408604707706,0.04355034544598186,0.004550910588459961,0.0
2023-09-13,0.03757302440097938,0.043937867140910566,0.1396821883248535,-0.06849315068493156
2023-09-14,0.04155599341199494,0.04492142446868693,0.10275999057777337,-0.13356164383561642
2023-12-11,0.04465299181316586,0.04566356860259757,0.07343916101022571,-0.1917808219178082
2023-12-12,0.044624558221161605,0.04574698085957912,-0.0006512931466667821,-0.20890410958904104
2023-12-14,0.04596933562451501,0.04607220179732515,0.030367675264214983,-0.2465753424657534
2023-12-19,0.04841991959606887,0.04608019830972902,0.05317165210012185,-0.297945205479452
2023-12-20,0.05058560609204358,0.04636271566905443,0.04484754828340802,-0.3465753424657534
2023-12-26,0.05191362667037182,0.0471544288635757,0.026583917434629668,-0.3013698630136986
2023-12-27,0.05029807695049291,0.04663971545674649,-0.03242911591654568,-0.3013698630136986
2023-12-29,0.05230605442323328,0.04664533024982461,0.04015784812546596,-0.2534246575342466
2024-01-02,0.05193967220752266,0.04613543499828938,-0.00721401358507992,-0.2534246575342466
2024-01-11,0.052330182542908686,0.04650851869822321,0.007687363706724978,-0.20205479452054798
2024-01-12,0.054328270742495535,0.0472359937036807,0.03847933895825708,-0.14726027397260277
2024-01-15,0.053317794476206055,0.04668144513609175,-0.01928436740424346,-0.1095890410958904
2024-01-23,0.05547080807664183,0.04740447630547658,0.040673029578967394,-0.17123287671232879
2024-02-16,0.05547058971705687,0.04740447630547658,-4.046673605972905e-06,-0.17123287671232879
2024-02-20,0.05700989940260045,0.04764947874110568,0.028148825053911898,-0.226027397260274
2024-02-21,0.05595482574299305,0.047513897495375934,-0.019212743801396804,-0.273972602739726
2024-02-22,0.05325994647214212,0.04670921914253151,-0.050719800018840126,-0.26712328767123283
2024-02-23,0.0542739882288986,0.047420235869765875,0.01937205931471399,-0.31506849315068497
2024-02-26,0.053097918298192784,0.04665328137919338,-0.022500642135957084,-0.31506849315068497
2024-02-29,0.05430048524416388,0.04653237907583458,0.023002099652564736,-0.26712328767123283
2024-03-04,0.05441751478302082,0.0465205343233882,0.002211946190989676,-0.3178082191780822
2024-03-08,0.054995865515643706,0.04615820539595669,0.01086375493853537,-0.34931506849315064
2024-03-28,0.05655146749745799,0.046125032611115474,0.028678168453771944,-0.3047945205479452
2024-04-08,0.05666099822724368,0.046144056648420584,0.0019902411003862915,-0.35342465753424657
2024-04-11,0.0567013190032952,0.04620122300115753,0.0007317119178073073,-0.39863013698630134
2024-04-15,0.05665365424056598,0.04696296978380006,-0.0008650396913240383,-0.3575342465753425
2024-04-17,0.058509710018630645,0.04764958526908417,0.03317316075799699,-0.31506849315068497
2024-04-19,0.058325210183235277,0.04828077553631751,-0.0032514496253644607,-0.2705479452054794
2024-04-22,0.059294852719467224,0.04882694897971017,0.024706815475224544,-0.226027397260274
2024-04-23,0.05793612562181782,0.04882694897971017,-0.03159654156084806,-0.226027397260274
2024-05-27,0.055910564615817754,0.04794946999127451,-0.036610149872227535,-0.2226027397260274
2024-05-29,0.056405842647681316,0.04807917444847766,0.009069347690850615,-0.273972602739726
2024-06-03,0.0564389065163921,0.048932685722130706,0.000602693631799443,-0.3246575342465754
2024-06-10,0.0579233789837288,0.04970450612453977,0.02671163761416926,-0.3719178082191781
2024-06-11,0.05904301404435332,0.05044807462888137,0.019710415292095836,-0.3280821917808219
2024-06-12,0.059294852719467224,0.050396142871822404,0.006321956515916552,-0.2842465753424658
2024-06-13,0.059294852719467224,0.05105327671637827,0.02761002445091264,-0.23630136986301364
2024-06-14,0.059294852719467224,0.05166230368875834,-0.011892270417745699,-0.18493150684931503
2024-06-17,0.059294852719467224,0.052262546406970305,0.019294333426158237,-0.13013698630136983
2024-06-18,0.059294852719467224,0.05283856730935804,-0.0020500778338108975,-0.07191780821917804
2024-06-19,0.05929076731781061,0.05337896339249931,-0.03497149918344968,-0.010273972602739767
2024-06-20,0.058199853385185386,0.05383018857427857,-0.01912155783581007,0.0
2024-06-21,0.05818498896991548,0.054324895610083294,-0.00026293983122772165,0.0
2024-06-24,0.058163122418365666,0.05520143103733859,-0.00038692071915538765,-0.0696969696969697
2024-06-25,0.05427456328432877,0.05520143103733859,-0.07115833291683916,-0.0696969696969697
2024-07-03,0.054606898214616374,0.05509251211719428,0.006272220298694472,-0.09090909090909094
2024-07-24,0.054567030971540656,0.05453101705264399,-0.0007504585159424232,-0.10909090909090913
2024-07-25,0.0568470605342073,0.0552072146606844,0.042085232565220246,-0.16969696969696968
2024-08-09,0.05590642737240805,0.0552072146606844,-0.017159892377965197,-0.16969696969696968
2024-08-29,0.05688517832367552,0.0552072146606844,0.01784943935930048,-0.11818181818181817
2024-08-30,0.05692387267265325,0.0552072146606844,0.0006995177619186136,-0.11818181818181817
2024-09-05,0.05520923346266747,0.05491382129945348,-0.03144992074443313,-0.1515151515151515
2024-09-06,0.051799841532493555,0.05487128775186459,-0.06546300694157467,-0.1515151515151515
2024-09-09,0.048379937736236577,0.0552072146606844,-0.07002608470852531,-0.09696969696969693
2024-09-10,0.04827328169955038,0.0552072146606844,-0.002260741600907226,-0.036363636363636376
2024-09-11,0.04842590714313085,0.0552072146606844,0.003233635382384166,0.0
2024-09-16,0.047853024865487134,0.0552072146606844,-0.012189347353160664,-0.002941176470588225
2024-09-17,0.04763887514775578,0.0552072146606844,-0.004593124732756633,0.0
2024-09-18,0.04687501877051058,0.0552072146606844,-0.01654918075556045,0.0
2024-09-20,0.0459379618311357,0.054350340342975687,-0.020665202121038194,-0.0026595744680850686
2024-09-23,0.04594984279626567,0.05395623526108614,0.0002645831281006639,0.0
2024-09-25,0.04512716276660893,0.05404378917660752,-0.018480541662499197,0.0
2024-10-03,0.044100874311335796,0.05367150768246936,-0.02352169045634902,0.0
2024-10-08,0.03992179300981938,0.052831285883288066,-0.10166138961742636,0.0
2024-10-10,0.03998503109781594,0.05185722065396388,0.00161462520075835,0.0
2024-10-16,0.03877246300344732,0.0515511838019814,-0.03140513850689377,0.0
2024-10-21,0.037824971763839095,0.0515511838019814,-0.025217528136837232,0.0
2024-10-24,0.03063247235846888,0.05123547921636429,-0.21452558176495334,0.0
2024-10-29,0.03063247235846888,0.05123547921636429,0.0,0.0
2024-10-30,0.0373326744237001,0.051905801811957065,0.20117731488071638,-0.0692307692307692
2024-10-31,0.03775448086145902,0.05186744628586846,0.01144745373416177,-0.007692307692307665
2024-11-01,0.04128336253075528,0.05275782339643805,0.09113144690419113,-0.07692307692307687
2024-11-05,0.04156890802066127,0.0521490838743009,0.007036666767732535,-0.01538461538461533
2024-11-06,0.04172284551523154,0.052545321357334175,0.003773850480086847,0.0
2024-11-07,0.041815847634576624,0.051921387522605625,0.0022733890601817656,0.0
2024-11-08,0.041593020289869276,0.051227738652165525,-0.005455212772358712,0.0
2024-11-11,0.04127249573888607,0.05123687860897736,-0.007897423381959276,0.0
2024-11-12,0.041517858285123804,0.05042413306486676,0.006050865641923576,0.0
2024-11-13,0.04215495296955127,0.05068389901032647,0.015549295703521687,0.0
2024-11-14,0.047372327826012035,0.05165048432416804,0.11931419441015574,-0.0699300699300699
2024-11-15,0.051261305784995305,0.05165089955284663,0.08085839227570249,-0.1342657342657343
2024-11-18,0.05170000598652411,0.05124383286139579,0.008742933345783114,-0.07832167832167836
2024-11-19,0.05172070766194022,0.05100189356699411,0.0004107790248695802,-0.03776223776223775
2024-11-20,0.05522121085934806,0.05099626625077498,0.06725473434555312,-0.1048951048951049
2024-11-21,0.055051698665289146,0.04966227765587862,-0.0031599490685577363,-0.07132867132867138
2024-11-22,0.05516531827680349,0.049442106056132654,0.0021190754627764545,-0.027972027972028024
2024-11-25,0.05584505254528418,0.04940800537152024,0.012589481999005196,0.0
2024-11-27,0.05566903539011509,0.049132538075520454,-0.003245687962596253,0.0
2024-11-28,0.055556415467864,0.048909158213703646,-0.0020819068690853862,0.0
2024-11-29,0.05268506619769475,0.04918877716425112,-0.05451557201363462,-0.025740025740025763
2024-12-02,0.05542251012327625,0.050450746383681855,0.05203483236790856,-0.0926640926640927
2024-12-04,0.05540074710192571,0.0505525163693072,-0.0004037338141308745,-0.15572715572715568
2024-12-05,0.05467359744796862,0.049301813547626326,-0.013579072832280815,-0.11840411840411835
2024-12-06,0.05403637188460418,0.04798862014904542,-0.01204503730574619,-0.07335907335907332
2024-12-10,0.05559480794098888,0.04907005142173502,0.029218772660205186,-0.13770913770913773
2024-12-11,0.054331959115854235,0.04877131367546987,-0.023614399212503787,-0.11969111969111967
2024-12-12,0.05508928323480238,0.04856271865477771,0.014224693287046898,-0.07722007722007718
2024-12-18,0.055845493560055026,0.04952921982802713,0.014015231336322606,-0.14157014157014158
2024-12-26,0.055776127672102986,0.0495326393386175,-0.001277880956993081,-0.08365508365508367
2024-12-31,0.05475136652259853,0.049481609247180876,-0.019060726972828228,-0.025740025740025763
2025-02-20,0.05313277726251359,0.04949510029977348,-0.030824880195308397,0.0
2025-03-03,0.05333875858271682,0.04949662284397739,0.003973136446826462,0.0
2025-04-04,0.05590392054937679,0.050325422761404164,0.04826551578555921,-0.06944444444444442
2025-04-10,0.055895301577901034,0.05032410102277372,-0.0001585362151654223,-0.1342592592592593
2025-04-11,0.055534163924725814,0.05033057606827731,-0.006664172864050795,-0.13541666666666663
2025-06-27,0.05647070488101483,0.0505147875168279,0.017196246402889293,-0.07523148148148151
2025-08-25,0.05660609832159125,0.05064541223053647,0.0024630517716247003,-0.01388888888888884
2025-09-11,0.05656163374455664,0.049475499053487436,-0.0008082590766640409,-0.01620370370370372
2025-09-17,0.0586457406642728,0.05070013007072617,0.037236094166612874,-0.0844907407407407
2025-10-24,0.059294852719467224,0.05161332334289905,0.03138392364800092,-0.14814814814814814
2025-10-27,0.058387333736807254,0.05161332334289905,-0.03593035765033427,-0.14814814814814814
2025-10-30,0.056022982776289885,0.05125156621395849,-0.04253040370976004,-0.15509259259259256
2025-11-05,0.05537007384476752,0.05125156621395849,-0.01205223136814716,-0.15509259259259256
2025-12-05,0.05435841129918621,0.05095109707228115,-0.01895035420880868,-0.15509259259259256
2025-12-08,0.05181493272216654,0.05056870243108851,-0.049203960895177264,-0.1504629629629629
2025-12-18,0.053252179178983026,0.050512217996872694,0.028085252793322867,-0.09490740740740744
2026-02-02,0.052470382325590634,0.05049812651026557,-0.01518420244071942,-0.09490740740740744
2026-02-13,0.05241858615793409,0.051252253655840574,-0.0010137623746583914,-0.15740740740740744
2026-02-23,0.05290960924833003,0.05210859836333936,0.009571410183898484,-0.2152777777777778
