date,risk_score
2014-10-22,0.0016639146
2014-10-23,0.0019208172
2014-10-24,0.0015760995
2014-10-27,0.002086812
2014-10-28,0.0013991816
2014-10-29,0.0014793398
2014-10-30,0.0015245324
2014-10-31,0.0017916211
2014-11-03,0.00081053545
2014-11-04,0.0009311748
2014-11-05,0.0028650058
2014-11-06,0.0030172807
2014-11-07,0.0024483847
2014-11-10,0.002543066
2014-11-11,0.0017852299
2014-11-12,0.002573574
2014-11-13,0.0022627905
2014-11-14,0.001978062
2014-11-17,0.0004905347
2014-11-18,0.002141182
2014-11-19,0.0006535521
2014-11-20,0.000631876
2014-11-21,0.0007340731
2014-11-24,0.0022777314
2014-11-25,0.0008739534
2014-11-26,0.0010071355
2014-11-27,0.0011866165
2014-11-28,0.0035511898
2014-12-01,0.0036999132
2014-12-02,0.00065304025
2014-12-03,0.00320935
2014-12-04,0.0032303475
2014-12-05,0.0029300645
2014-12-08,0.00027545905
2014-12-09,0.0024755471
2014-12-10,0.003470088
2014-12-11,0.0032689779
2014-12-12,0.0022804071
2014-12-15,0.0002287259
2014-12-16,0.00020421407
2014-12-17,0.0017638197
2014-12-18,0.0012205858
2014-12-19,3.0561423e-05
2014-12-22,0.0001735334
2014-12-23,0.00028839742
2014-12-24,0.0013105939
2014-12-25,0.0012066907
2014-12-26,0.0014328801
2014-12-29,0.0022894382
2014-12-30,0.0021861035
2014-12-31,0.0030437554
2015-01-05,0.002028199
2015-01-06,0.002733213
2015-01-07,0.001791548
2015-01-08,0.0023744276
2015-01-09,0.002593391
2015-01-12,0.0016880264
2015-01-13,0.0015084974
2015-01-14,0.0017325114
2015-01-15,0.0010574262
2015-01-16,0.0005643494
2015-01-19,0.00043888867
2015-01-20,0.00056400715
2015-01-21,0.0006110406
2015-01-22,0.000636958
2015-01-23,0.0016627205
2015-01-26,0.00256618
2015-01-27,0.0029845433
2015-01-28,0.002947105
2015-01-29,0.0019063221
2015-01-30,0.0010156417
2015-02-02,0.000358578
2015-02-03,0.00038298278
2015-02-04,0.0005836249
2015-02-05,0.0006808735
2015-02-06,0.00083953555
2015-02-09,0.0008533649
2015-02-10,0.00091436337
2015-02-11,0.0008862067
2015-02-12,0.0009224525
2015-02-13,0.0009869107
2015-02-24,0.0012182214
2015-02-25,0.00063793187
2015-02-26,0.00080891786
2015-02-27,0.00106085
2015-03-02,0.0010686871
2015-03-03,0.0011302654
2015-03-04,0.0012355379
2015-03-05,0.0014712815
2015-03-06,0.0030678257
2015-03-09,0.00074996136
2015-03-10,0.00062559114
2015-03-11,0.0010256944
2015-03-12,0.0042994544
2015-03-13,0.0050125946
2015-03-16,0.005311891
2015-03-17,0.003980647
2015-03-18,0.002479245
2015-03-19,0.0016533611
2015-03-20,0.0017447274
2015-03-23,0.00187648
2015-03-24,0.001297676
2015-03-25,0.0013969014
2015-03-26,0.0015321113
2015-03-27,0.0017610267
2015-03-30,0.0017904914
2015-03-31,0.0027044392
2015-04-01,0.0019166786
2015-04-02,0.0020060237
2015-04-03,0.002049863
2015-04-06,0.002085212
2015-04-07,0.002077663
2015-04-08,0.0013757541
2015-04-09,0.0013425904
2015-04-10,0.0001411447
2015-04-13,0.00033544615
2015-04-14,0.0014669637
2015-04-15,0.00048473
2015-04-16,0.0005362403
2015-04-17,0.00091703486
2015-04-20,0.00071028253
2015-04-21,0.00094500516
2015-04-22,0.00092881714
2015-04-23,0.0008604484
2015-04-24,0.0011151659
2015-04-27,0.0035961054
2015-05-04,0.0043546148
2015-05-05,0.0048377695
2015-05-06,0.0032543372
2015-05-07,0.0037006764
2015-05-08,0.0040759617
2015-05-11,0.003013211
2015-05-12,0.002091997
2015-05-13,0.0027298685
2015-05-14,0.0024289903
2015-05-15,0.0023233914
2015-05-18,0.0022972573
2015-05-19,0.003054551
2015-05-20,0.002659064
2015-05-21,0.002168873
2015-05-22,0.0013347922
2015-05-25,0.0005873801
2015-05-26,0.000318008
2015-05-27,0.0014630398
2015-05-28,0.00090786425
2015-05-29,0.0012917724
2015-06-01,0.0021337885
2015-06-02,0.0022087358
2015-06-03,0.0023960015
2015-06-04,0.0014864872
2015-06-05,0.0016048176
2015-06-08,0.0010501333
2015-06-09,0.0015344867
2015-06-10,0.0017074288
2015-06-11,0.001036406
2015-06-12,0.00031562056
2015-06-15,0.00014179836
2015-06-16,0.0008527686
2015-06-17,0.0019970792
2015-06-18,0.0028749127
2015-06-19,0.002086324
2015-06-22,0.001347675
2015-06-23,0.00058874354
2015-06-24,2.803764e-05
2015-06-25,0.00017605783
2015-06-26,0.00022913754
2015-06-29,0.00045765826
2015-06-30,0.00065127225
2015-07-01,0.00066061784
2015-07-02,0.00054754334
2015-07-03,0.00066392374
2015-07-06,0.00060979853
2015-07-07,0.0006136924
2015-07-08,0.0006759871
2015-07-09,0.000631088
2015-07-10,0.0006849739
2015-07-13,0.0007329185
2015-07-14,0.00068188977
2015-07-15,0.000783981
2015-07-16,0.00057190924
2015-07-17,0.00091882976
2015-07-20,0.0008536196
2015-07-21,0.0013386845
2015-07-22,0.0005421165
2015-07-23,0.0007106941
2015-07-24,0.00062502467
2015-07-27,0.0011288198
2015-07-28,0.00064046436
2015-07-29,0.00067369576
2015-07-30,0.0009340221
2015-07-31,0.0009797721
2015-08-03,0.00089616753
2015-08-04,0.0007780685
2015-08-05,0.0008495105
2015-08-06,0.001020853
2015-08-07,0.00082870276
2015-08-10,0.00090786343
2015-08-11,0.0011664329
2015-08-12,0.00090712047
2015-08-13,0.0011802122
2015-08-14,0.0013329028
2015-08-17,0.0013616164
2015-08-18,0.0007255682
2015-08-19,0.001175751
2015-08-20,0.0015187885
2015-08-21,0.005196721
2015-08-24,0.004144815
2015-08-25,0.00019115765
2015-08-26,0.0003281294
2015-08-27,0.0003079244
2015-08-28,0.00031379308
2015-08-31,0.0005159221
2015-09-01,0.00062439597
2015-09-03,0.00074158923
2015-09-04,0.0004594372
2015-09-07,0.0007845946
2015-09-08,0.0007750501
2015-09-09,0.0006586494
2015-09-10,0.00082009827
2015-09-11,0.00089003396
2015-09-14,0.001796948
2015-09-15,0.002697745
2015-09-16,0.0017207945
2015-09-17,0.0016932092
2015-09-18,0.0026717458
2015-09-21,0.0034684227
2015-09-22,0.003310625
2015-09-23,0.0038320613
2015-09-24,0.003896757
2015-09-25,0.0040675346
2015-09-28,0.0034338555
2015-09-29,0.0030068345
2015-09-30,0.003105586
2015-10-01,0.0019604506
2015-10-02,0.0019423924
2015-10-05,0.0021437798
2015-10-06,0.0014231007
2015-10-07,0.00082423555
2015-10-08,0.00094496534
2015-10-09,0.002001322
2015-10-12,0.00127185
2015-10-13,0.0018628959
2015-10-14,0.0018864644
2015-10-15,0.0027091922
2015-10-16,0.0032677127
2015-10-19,0.0029415227
2015-10-20,0.0019520845
2015-10-21,0.0014949196
2015-10-22,0.0018003124
2015-10-23,0.002540454
2015-10-26,0.0028798967
2015-10-27,0.0034121615
2015-10-28,0.002293838
2015-10-29,0.0025822546
2015-10-30,0.0019335926
2015-11-02,0.0026482546
2015-11-03,0.001770087
2015-11-04,0.0017862753
2015-11-05,0.0025291492
2015-11-06,0.002582996
2015-11-09,0.0026439384
2015-11-10,0.0022795014
2015-11-11,0.0016332788
2015-11-12,0.001705335
2015-11-13,0.0021454552
2015-11-16,0.0017682605
2015-11-17,0.0020889232
2015-11-18,0.0012662855
2015-11-19,0.0018548693
2015-11-20,0.0011815208
2015-11-23,0.0016786654
2015-11-24,0.002050746
2015-11-25,0.0018274372
2015-11-26,0.0011808642
2015-11-27,0.0015881755
2015-11-30,0.0018758217
2015-12-01,0.0011714497
2015-12-02,0.00078156084
2015-12-03,0.00047542423
2015-12-04,0.00036648248
2015-12-07,0.00018742829
2015-12-08,0.00034210918
2015-12-09,0.00022736288
2015-12-10,0.00016201695
2015-12-11,0.00021999222
2015-12-14,0.0012296501
2015-12-15,0.00044749904
2015-12-16,2.8912182e-06
2015-12-17,0.00022321477
2015-12-18,0.00011554218
2015-12-21,0.00010420313
2015-12-22,0.00011094354
2015-12-23,0.00046116905
2015-12-24,0.0026768406
2015-12-25,0.001957293
2015-12-28,0.001822175
2015-12-29,0.0018697421
2015-12-30,0.0019357917
2015-12-31,0.00044720637
2016-01-04,0.0005304882
2016-01-05,0.0008318653
2016-01-06,0.0007799138
2016-01-07,0.0010345671
2016-01-08,0.0026667172
2016-01-11,0.0023824868
2016-01-12,0.0023136856
2016-01-13,0.0007037932
2016-01-14,0.0007002772
2016-01-15,0.0012628289
2016-01-18,0.00073587126
2016-01-19,0.0008019901
2016-01-20,0.0011582309
2016-01-21,0.0010480301
2016-01-22,0.00351457
2016-01-25,0.0033765025
2016-01-26,0.0007365363
2016-01-27,0.0007603021
2016-01-28,0.0027409762
2016-01-29,0.0026372774
2016-02-01,0.0032355157
2016-02-02,0.0036680722
2016-02-03,0.0025626756
2016-02-04,0.0032338588
2016-02-05,0.002303146
2016-02-15,0.001946443
2016-02-16,0.0026880538
2016-02-17,0.0028795018
2016-02-18,0.0027224396
2016-02-19,0.002720745
2016-02-22,0.0026116692
2016-02-23,0.002901234
2016-02-24,0.002222098
2016-02-25,0.0028969597
2016-02-26,0.0020261172
2016-02-29,0.0023317172
2016-03-01,0.0017158843
2016-03-02,0.0015450201
2016-03-03,0.0019071063
2016-03-04,0.0026372194
2016-03-07,0.0020400744
2016-03-08,0.0022677074
2016-03-09,0.0020538596
2016-03-10,0.0023434279
2016-03-11,0.002167945
2016-03-14,0.0024187223
2016-03-15,0.0020493388
2016-03-16,0.0019902156
2016-03-17,0.0019485762
2016-03-18,0.0012590413
2016-03-21,0.0012677901
2016-03-22,0.0018823622
2016-03-23,0.0019888917
2016-03-24,0.0015927055
2016-03-25,0.00019357988
2016-03-28,6.5735134e-05
2016-03-29,8.211628e-05
2016-03-30,0.0005976944
2016-03-31,0.001300958
2016-04-01,0.0017985788
2016-04-04,0.00076797244
2016-04-05,0.0024012604
2016-04-06,0.0022040182
2016-04-07,0.0022621718
2016-04-08,0.0025057998
2016-04-11,0.002778638
2016-04-12,0.0030653444
2016-04-13,0.0027374912
2016-04-14,0.002600235
2016-04-15,0.0029649877
2016-04-19,0.003068822
2016-04-20,0.003042559
2016-04-21,0.0028957012
2016-04-22,0.0027551483
2016-04-25,0.002660295
2016-04-26,0.002448903
2016-04-27,0.0016864312
2016-04-28,0.0014805035
2016-04-29,0.001774804
2016-05-04,0.0020541623
2016-05-05,0.0015246617
2016-05-06,0.00020976953
2016-05-09,9.815161e-05
2016-05-10,0.0008993814
2016-05-11,0.0015007132
2016-05-12,0.0022765894
2016-05-13,0.0017989106
2016-05-16,0.0024169972
2016-05-17,0.0026372718
2016-05-18,0.002780805
2016-05-19,0.0027961254
2016-05-20,0.0019295616
2016-05-23,0.0021961958
2016-05-24,0.0017505353
2016-05-25,0.001975091
2016-05-26,0.0022850235
2016-05-27,0.002516211
2016-05-30,0.002389146
2016-05-31,0.0018150022
2016-06-01,0.0015902228
2016-06-02,0.0017886672
2016-06-03,0.0024546373
2016-06-06,0.0020441927
2016-06-07,0.0022461135
2016-06-08,0.0020661966
2016-06-09,0.0024600236
2016-06-10,0.0022080028
2016-06-13,0.0015749708
2016-06-14,0.0016709717
2016-06-15,0.0019629488
2016-06-16,0.0018899057
2016-06-17,0.0014427907
2016-06-20,0.001779981
2016-06-21,9.4505405e-05
2016-06-22,0.00029707642
2016-06-23,0.0001480917
2016-06-24,0.0005300155
2016-06-27,0.0006123576
2016-06-28,0.0007989121
2016-06-29,0.0012986129
2016-06-30,0.0016501308
2016-07-01,0.001279484
2016-07-04,0.0010623105
2016-07-05,0.0009516023
2016-07-06,0.0012111478
2016-07-07,0.0009553126
2016-07-08,0.0010982351
2016-07-11,0.001604527
2016-07-12,0.0025861142
2016-07-13,0.0027187788
2016-07-14,0.0026024047
2016-07-15,0.0030494505
2016-07-18,0.0029024815
2016-07-19,0.00219334
2016-07-20,0.0026908084
2016-07-21,0.0022740539
2016-07-22,0.0024164566
2016-07-25,0.0023287127
2016-07-26,0.0022062312
2016-07-27,0.0026148579
2016-07-28,0.0024854343
2016-07-29,0.002551174
2016-08-01,0.0027705908
2016-08-02,0.0029749735
2016-08-03,0.0033372098
2016-08-04,0.0035786857
2016-08-05,0.0029382606
2016-08-08,0.0023412113
2016-08-09,0.0022064112
2016-08-10,0.0021725595
2016-08-11,0.0016130109
2016-08-12,0.0017124438
2016-08-15,0.0019061442
2016-08-16,0.0017919738
2016-08-17,0.0017035569
2016-08-18,5.066338e-05
2016-08-19,0.0015093596
2016-08-22,0.001842445
2016-08-23,0.0019258456
2016-08-24,0.0020593747
2016-08-25,0.0019792723
2016-08-26,0.0018073346
2016-08-29,0.0019748677
2016-08-30,0.0024487937
2016-08-31,0.002960012
2016-09-01,0.00048109825
2016-09-05,0.002065009
2016-09-06,0.0021677397
2016-09-07,0.002201755
2016-09-08,0.002183339
2016-09-09,0.002233907
2016-09-12,0.00045374758
2016-09-13,0.0021950158
2016-09-14,0.002384107
2016-09-15,0.002210708
2016-09-16,0.002774083
2016-09-19,0.0011344713
2016-09-20,0.0010129551
2016-09-21,0.0014925306
2016-09-22,0.0019917602
2016-09-23,0.0019704457
2016-09-26,0.002091261
2016-09-27,0.002042017
2016-09-28,0.0015465126
2016-09-29,0.0020409727
2016-09-30,0.0015665516
2016-10-03,0.0016521171
2016-10-04,0.0008804921
2016-10-05,0.0012502461
2016-10-06,0.0015953751
2016-10-07,0.0016609163
2016-10-10,0.0017720386
2016-10-11,0.0016123387
2016-10-12,0.0013409706
2016-10-13,0.0016166377
2016-10-14,0.0017143318
2016-10-17,0.0021866467
2016-10-18,0.002279507
2016-10-19,0.0015542596
2016-10-20,0.0015657111
2016-10-21,0.0016748111
2016-10-24,0.0016473935
2016-10-25,0.0019932122
2016-10-26,0.0024859493
2016-10-27,0.0022231482
2016-10-28,0.001994379
2016-10-31,0.0018084177
2016-11-01,0.0022323707
2016-11-02,0.0022640773
2016-11-03,0.0024584343
2016-11-04,0.0031025873
2016-11-07,0.0021181956
2016-11-08,0.0025882411
2016-11-09,0.0020917025
2016-11-10,0.0019235094
2016-11-11,0.0015443317
2016-11-14,0.00144936
2016-11-15,0.0021735535
2016-11-16,0.0016643857
2016-11-17,0.0017046395
2016-11-18,0.0012268762
2016-11-21,0.0018613504
2016-11-22,0.0015350678
2016-11-23,0.001802902
2016-11-24,0.0019820107
2016-11-25,0.0020416179
2016-11-28,0.0020856697
2016-11-29,0.0027597537
2016-11-30,0.0022407616
2016-12-01,0.0022727498
2016-12-02,0.0020601428
2016-12-05,0.0019543064
2016-12-06,0.0020836468
2016-12-07,0.0022543897
2016-12-08,0.001874516
2016-12-09,0.00188127
2016-12-12,0.0018986145
2016-12-13,0.0021868888
2016-12-14,0.0022186951
2016-12-15,0.002264558
2016-12-16,0.002767672
2016-12-19,0.002800418
2016-12-20,0.0023826722
2016-12-21,0.0005858042
2016-12-22,0.0011029625
2016-12-23,0.0009977955
2016-12-26,0.0016618101
2016-12-27,0.00039932906
2016-12-28,0.00093777716
2016-12-29,0.0005092339
2016-12-30,0.00059186143
2017-01-03,0.0006333779
2017-01-04,0.0015560798
2017-01-05,0.0017357597
2017-01-06,0.0027564517
2017-01-09,0.0021881124
2017-01-10,0.0019133207
2017-01-11,0.00193232
2017-01-12,0.0019579295
2017-01-13,0.0020117646
2017-01-16,0.002007213
2017-01-17,0.002811959
2017-01-18,0.0025548947
2017-01-19,0.0017808732
2017-01-20,0.0018935667
2017-01-23,0.0027077633
2017-01-24,0.0021349322
2017-01-25,0.0022637355
2017-02-02,0.0019099158
2017-02-03,0.0022298982
2017-02-06,0.0021402827
2017-02-07,0.0020980455
2017-02-08,0.0027970022
2017-02-09,0.0032219733
2017-02-10,0.0022672347
2017-02-13,0.0022919262
2017-02-14,0.002683852
2017-02-15,0.0019461811
2017-02-16,0.0019403084
2017-02-17,0.0017596295
2017-02-20,0.0025948398
2017-02-21,0.0022760567
2017-02-22,0.0022542076
2017-02-23,0.0019978092
2017-02-24,0.0026313786
2017-02-27,0.0024989597
2017-02-28,0.0024377704
2017-03-01,0.0019046844
2017-03-02,0.0019934904
2017-03-03,0.0020203516
2017-03-06,0.0021537466
2017-03-07,0.0023011202
2017-03-08,0.002634515
2017-03-09,0.002338372
2017-03-10,0.0024627128
2017-03-13,0.0020055934
2017-03-14,0.0021047946
2017-03-15,0.0022973476
2017-03-16,0.00037152617
2017-03-17,0.0020290068
2017-03-20,0.002358494
2017-03-21,0.00050033873
2017-03-22,0.0006599434
2017-03-23,0.00064161717
2017-03-24,0.0027853341
2017-03-27,0.0010759351
2017-03-28,0.0027220112
2017-03-29,0.00072031317
2017-03-30,0.00084840594
2017-03-31,0.0015102548
2017-04-03,0.0009376916
2017-04-04,0.0015932727
2017-04-05,0.0010237619
2017-04-07,0.0011913306
2017-04-10,0.0009329005
2017-04-11,0.0011861504
2017-04-12,0.0011784225
2017-04-13,0.0012754251
2017-04-14,0.0018522232
2017-04-17,0.0024481688
2017-04-18,0.0019421496
2017-04-19,0.0016410474
2017-04-20,0.0016176186
2017-04-21,0.0016132116
2017-04-24,0.0015979656
2017-04-25,0.0015948575
2017-04-26,0.0016949445
2017-04-27,0.001707735
2017-04-28,0.0016869972
2017-05-03,0.0017355308
2017-05-04,0.0012381901
2017-05-05,0.0017946851
2017-05-08,0.0020034972
2017-05-09,0.0014533901
2017-05-10,0.0014662021
2017-05-11,0.0014414997
2017-05-12,0.0014971974
2017-05-15,0.0014338705
2017-05-16,0.0015841655
2017-05-17,0.0014735584
2017-05-18,0.0014457512
2017-05-19,0.0015715642
2017-05-22,0.0017575556
2017-05-23,0.0019730348
2017-05-24,0.001511594
2017-05-25,0.0015894326
2017-05-26,0.001618559
2017-05-29,0.0016551542
2017-05-30,0.0016182517
2017-05-31,0.0015707694
2017-06-01,0.0033502355
2017-06-02,0.0016297936
2017-06-05,0.0015406422
2017-06-06,0.0015076436
2017-06-07,0.0025725884
2017-06-08,0.0012871358
2017-06-09,0.0016212738
2017-06-12,0.0018671015
2017-06-13,0.0023360269
2017-06-14,0.0018421474
2017-06-15,0.0021074554
2017-06-16,0.0016631908
2017-06-19,0.0017756138
2017-06-20,0.0021123437
2017-06-21,0.0017553903
2017-06-22,0.0017124601
2017-06-23,0.0020180694
2017-06-26,0.0018249692
2017-06-27,0.0015067749
2017-06-28,0.0017761753
2017-06-29,0.0023749985
2017-06-30,0.0029264
2017-07-03,0.0020164787
2017-07-04,0.001324927
2017-07-05,0.0013712996
2017-07-06,0.0017802729
2017-07-07,0.0022194018
2017-07-10,0.0022046615
2017-07-11,0.0018941802
2017-07-12,0.001888551
2017-07-13,0.0018884656
2017-07-14,0.0020821153
2017-07-17,0.001986288
2017-07-18,0.0016142053
2017-07-19,0.001683346
2017-07-20,0.0017603117
2017-07-21,0.0019990443
2017-07-24,0.0020655105
2017-07-25,0.002086875
2017-07-26,0.0018309916
2017-07-27,0.0019893348
2017-07-28,0.0021995422
2017-07-31,0.0025685108
2017-08-01,0.0028466298
2017-08-02,0.0011556796
2017-08-03,0.0008076027
2017-08-04,0.0014599431
2017-08-07,0.0013529577
2017-08-08,0.0007497991
2017-08-09,0.0010847833
2017-08-10,0.0011050019
2017-08-11,0.0012252594
2017-08-14,0.0011850107
2017-08-15,0.0011940517
2017-08-16,0.0013670814
2017-08-17,0.0013777751
2017-08-18,0.0017615322
2017-08-21,0.0016360302
2017-08-22,0.0012932327
2017-08-23,0.0012471327
2017-08-24,0.0012993163
2017-08-25,0.0013565214
2017-08-28,0.0014541203
2017-08-29,0.0013906597
2017-08-30,0.0015321819
2017-08-31,0.0014964242
2017-09-01,0.0018994035
2017-09-05,0.0015166798
2017-09-06,0.0015658608
2017-09-07,0.0015148004
2017-09-08,0.0015119927
2017-09-11,0.0014695723
2017-09-12,0.0015074227
2017-09-13,0.0015217701
2017-09-14,0.0013488189
2017-09-15,0.0014939671
2017-09-18,0.0016874883
2017-09-19,0.0017270902
2017-09-20,0.0016402844
2017-09-21,0.0015499862
2017-09-22,0.0016294476
2017-09-25,0.0014956521
2017-09-26,0.00155302
2017-09-27,0.001609325
2017-09-28,0.0015775238
2017-09-29,0.0016914825
2017-10-02,0.0014763984
2017-10-03,0.0016177064
2017-10-04,0.0033178201
2017-10-05,0.0026896547
2017-10-06,0.0027126127
2017-10-09,0.002657973
2017-10-10,0.0025469605
2017-10-11,0.0025454746
2017-10-12,0.0023710085
2017-10-13,0.0010444755
2017-10-16,0.0013918553
2017-10-17,0.0015855487
2017-10-18,0.0023669149
2017-10-19,0.0017336905
2017-10-20,0.0021405262
2017-10-23,0.0020091778
2017-10-24,0.0015027046
2017-10-25,0.0015197503
2017-10-26,0.0021307932
2017-10-27,0.0017784631
2017-10-30,0.0021269445
2017-10-31,0.0023123873
2017-11-01,0.0020036623
2017-11-02,0.0025917504
2017-11-03,0.0022106853
2017-11-06,0.0021916837
2017-11-07,0.0021672596
2017-11-08,0.0021402144
2017-11-09,0.0019334487
2017-11-10,0.002654114
2017-11-13,0.0025699737
2017-11-14,0.0031099534
2017-11-15,0.0025608568
2017-11-16,0.0023516389
2017-11-17,0.0022667933
2017-11-20,0.0022056506
2017-11-21,0.002839894
2017-11-22,0.0020141394
2017-11-23,0.0019274289
2017-11-24,0.0020412647
2017-11-27,0.0013077501
2017-11-28,0.0013250641
2017-11-29,0.0015823503
2017-11-30,0.0016696912
2017-12-01,0.0023437655
2017-12-04,0.0020494207
2017-12-05,0.001633822
2017-12-06,0.0023437932
2017-12-07,0.0017195211
2017-12-08,0.0024612504
2017-12-11,0.0016069347
2017-12-12,0.0013741483
2017-12-13,0.0015388774
2017-12-14,0.0015935451
2017-12-15,0.0016468728
2017-12-18,0.001341406
2017-12-19,0.001735091
2017-12-20,0.0024054612
2017-12-21,0.0018501293
2017-12-22,0.0016636883
2017-12-25,0.0016354872
2017-12-26,0.0007228648
2017-12-27,0.0005610231
2017-12-28,0.0006685837
2017-12-29,0.0011703775
2018-01-02,0.0009990577
2018-01-03,0.0017197696
2018-01-04,0.0027042879
2018-01-05,0.0007209978
2018-01-08,0.0017131222
2018-01-09,0.0020003228
2018-01-10,0.00089427613
2018-01-11,0.001182301
2018-01-12,0.0009308417
2018-01-15,0.0008863974
2018-01-16,0.0009906664
2018-01-17,0.0009498203
2018-01-18,0.00097145344
2018-01-19,0.0011516095
2018-01-22,0.001210934
2018-01-23,0.001079086
2018-01-24,0.0010605969
2018-01-25,0.0012286413
2018-01-26,0.0013516797
2018-01-29,0.00188154
2018-01-30,0.0028347645
2018-01-31,0.0024950255
2018-02-01,0.0026068175
2018-02-02,0.002488156
2018-02-05,0.0029368475
2018-02-06,0.0036263622
2018-02-07,0.004143329
2018-02-08,0.003381439
2018-02-09,0.0039232555
2018-02-12,0.0035431928
2018-02-13,0.0023450204
2018-02-21,0.0026798605
2018-02-22,0.0017143928
2018-02-23,0.0017424186
2018-02-26,0.0015088748
2018-02-27,0.0017241982
2018-02-28,0.0025097
2018-03-01,0.0023989563
2018-03-02,0.0024283251
2018-03-05,0.0017585123
2018-03-06,0.0018829647
2018-03-07,0.001863464
2018-03-08,0.0018723328
2018-03-09,0.0019089857
2018-03-12,0.0020241032
2018-03-13,0.002178854
2018-03-14,0.0022834311
2018-03-15,0.0021648097
2018-03-16,0.0024749504
2018-03-19,0.00057066535
2018-03-20,0.0029603986
2018-03-21,0.003129246
2018-03-22,0.0021225223
2018-03-23,0.00029484738
2018-03-26,0.0014751791
2018-03-27,0.0027183066
2018-03-28,0.0017317175
2018-03-29,0.0014813286
2018-03-30,0.0016070025
2018-04-02,0.002081552
2018-04-03,0.0027687126
2018-04-04,0.0018059805
2018-04-05,0.0018514846
2018-04-06,0.0011556107
2018-04-09,0.0011509086
2018-04-10,0.0007153215
2018-04-11,0.00088595465
2018-04-12,0.0019383822
2018-04-13,0.00214285
2018-04-16,0.0023545607
2018-04-17,0.0031362544
2018-04-18,0.0029040184
2018-04-19,0.00291037
2018-04-20,0.0027915025
2018-04-23,0.0018469547
2018-04-24,0.0026063393
2018-04-26,0.0019305532
2018-04-27,0.0009221293
2018-05-02,0.00086565566
2018-05-03,0.00090390566
2018-05-04,0.0011588186
2018-05-07,0.0014049131
2018-05-08,0.00022077581
2018-05-09,0.00016250016
2018-05-10,0.00061500224
2018-05-11,0.00053850695
2018-05-14,0.0009423168
2018-05-15,0.0007650877
2018-05-16,0.0010459409
2018-05-17,0.0011974867
2018-05-18,0.0026578791
2018-05-21,0.0012531099
2018-05-22,0.0011367337
2018-05-23,0.0011848423
2018-05-24,0.0011071856
2018-05-25,0.001173072
2018-05-28,0.0013684889
2018-05-29,0.0018843906
2018-05-30,0.0013807679
2018-05-31,0.0013902893
2018-06-01,0.0016759206
2018-06-04,0.0013459809
2018-06-05,0.0019382113
2018-06-06,0.0012417333
2018-06-07,0.0013648705
2018-06-08,0.0017458762
2018-06-11,0.0011638254
2018-06-12,0.0014259755
2018-06-13,0.0015004484
2018-06-14,0.0014983206
2018-06-15,0.0016165036
2018-06-18,0.0012270361
2018-06-19,0.0013829404
2018-06-20,0.0014195896
2018-06-21,0.0014270097
2018-06-22,0.0014454401
2018-06-25,0.0014625513
2018-06-26,0.0015536007
2018-06-27,0.0014728175
2018-06-28,0.002090095
2018-06-29,0.0020745671
2018-07-02,0.0022529382
2018-07-03,0.0022916931
2018-07-04,0.002188212
2018-07-05,0.0020882213
2018-07-06,0.0022693833
2018-07-09,0.0021822555
2018-07-10,0.0021390077
2018-07-11,0.0021122776
2018-07-12,0.002257818
2018-07-13,0.0023607449
2018-07-16,0.0012161476
2018-07-17,0.0011802572
2018-07-18,0.0012102057
2018-07-19,0.0012704444
2018-07-20,0.0021705613
2018-07-23,0.0023199182
2018-07-24,0.0031975117
2018-07-25,0.0027898378
2018-07-26,0.0028036863
2018-07-27,0.0012283984
2018-07-30,0.0013105432
2018-07-31,0.0013176128
2018-08-01,0.001358209
2018-08-02,0.0027917633
2018-08-03,0.00093867193
2018-08-06,0.0029915948
2018-08-07,0.0026539685
2018-08-08,0.0017327671
2018-08-09,0.0016639754
2018-08-10,0.001981105
2018-08-13,0.0022734883
2018-08-14,0.0022881622
2018-08-15,0.0019472167
2018-08-16,0.002009581
2018-08-17,0.0020946113
2018-08-20,0.0023070616
2018-08-21,0.0019868615
2018-08-22,0.0019858987
2018-08-23,0.0018637069
2018-08-24,0.0019684965
2018-08-27,0.0018477009
2018-08-28,0.0017394132
2018-08-29,0.0013983932
2018-08-30,0.0020957014
2018-08-31,0.0018431572
2018-09-04,0.002114397
2018-09-05,0.0021041308
2018-09-06,0.0025805335
2018-09-07,0.0019186533
2018-09-10,0.0012747811
2018-09-11,0.0018594465
2018-09-12,0.0019487587
2018-09-13,0.002080449
2018-09-14,0.0020820962
2018-09-17,0.0017779684
2018-09-18,0.0014366817
2018-09-19,0.002076011
2018-09-20,0.0014895243
2018-09-21,0.0013354532
2018-09-24,0.0013438254
2018-09-25,0.0018504695
2018-09-26,0.001862088
2018-09-27,0.001458013
2018-09-28,0.001906052
2018-10-01,0.0016126058
2018-10-02,0.0021706293
2018-10-03,0.0017773488
2018-10-04,0.0019392585
2018-10-05,0.0021683224
2018-10-08,0.001686516
2018-10-09,0.0017681911
2018-10-10,0.0017242776
2018-10-11,0.00167126
2018-10-12,0.001547459
2018-10-15,0.0015537823
2018-10-16,0.0017319149
2018-10-17,0.0011686881
2018-10-18,0.0011794704
2018-10-19,0.001195038
2018-10-22,0.0012643142
2018-10-23,0.0012350909
2018-10-24,0.0011693162
2018-10-25,0.0011518879
2018-10-26,0.0012802046
2018-10-29,0.0013120705
2018-10-30,0.0025314426
2018-10-31,0.0014849063
2018-11-01,0.0014269915
2018-11-02,0.001448279
2018-11-05,0.001261723
2018-11-06,0.0014708529
2018-11-07,0.0014475479
2018-11-08,0.0014376338
2018-11-09,0.0014326095
2018-11-12,0.0014547028
2018-11-13,0.0014424431
2018-11-14,0.0014136771
2018-11-15,0.0016592133
2018-11-16,0.0029957413
2018-11-19,0.001228685
2018-11-20,0.0027895481
2018-11-21,0.0014423453
2018-11-22,0.00204633
2018-11-23,0.0013780496
2018-11-26,0.0010989711
2018-11-27,0.0012369147
2018-11-28,0.0012940299
2018-11-29,0.0014783347
2018-11-30,0.0013077601
2018-12-03,0.0014592456
2018-12-04,0.0014965124
2018-12-05,0.0014959723
2018-12-06,0.00155367
2018-12-07,0.0015180574
2018-12-10,0.0015355211
2018-12-11,0.0015500113
2018-12-12,0.0015766346
2018-12-13,0.0015798409
2018-12-14,0.0026608766
2018-12-17,0.0017326861
2018-12-18,0.0015436411
2018-12-19,0.0015378827
2018-12-20,0.0021897801
2018-12-21,0.002602748
2018-12-24,0.0016529264
2018-12-25,0.0015133468
2018-12-26,0.0014998666
2018-12-27,0.0022180874
2018-12-28,0.0024731173
2019-01-02,0.0016086178
2019-01-03,0.0014766934
2019-01-04,0.0014683425
2019-01-07,0.0013495174
2019-01-08,0.0015679342
2019-01-09,0.0015710529
2019-01-10,0.0015901921
2019-01-11,0.0016237516
2019-01-14,0.0016558697
2019-01-15,0.00166747
2019-01-16,0.0015196677
2019-01-17,0.0018010587
2019-01-18,0.001747577
2019-01-21,0.0015868107
2019-01-22,0.0018577666
2019-01-23,0.0017674759
2019-01-24,0.0017437604
2019-01-25,0.0029454832
2019-01-28,0.0028473253
2019-01-29,0.0022683123
2019-01-30,0.0024122775
2019-01-31,0.0027273872
2019-02-01,0.0026583697
2019-02-11,0.0021381688
2019-02-12,0.0018151707
2019-02-13,0.0020306408
2019-02-14,0.002054648
2019-02-15,0.0028256418
2019-02-18,0.0030631637
2019-02-19,0.0026749566
2019-02-20,0.0020668788
2019-02-21,0.0013248532
2019-02-22,0.0020190768
2019-02-25,0.0019281772
2019-02-26,0.0021753714
2019-02-27,0.0021738869
2019-02-28,0.0025091248
2019-03-01,0.0022656415
2019-03-04,0.0015661386
2019-03-05,0.0019786917
2019-03-06,0.0019427661
2019-03-07,0.0025328747
2019-03-08,0.0017041797
2019-03-11,0.0017954877
2019-03-12,0.0024585368
2019-03-13,0.0017273424
2019-03-14,0.0011529699
2019-03-15,0.0008054488
2019-03-18,0.0010708363
2019-03-19,0.0017459674
2019-03-20,0.0010668547
2019-03-21,0.0013687639
2019-03-22,0.0015538081
2019-03-25,0.0020837532
2019-03-26,0.0012904136
2019-03-27,0.0012807802
2019-03-28,0.0013966397
2019-03-29,0.0021013224
2019-04-01,0.0021118606
2019-04-02,0.0029667476
2019-04-03,0.002803367
2019-04-04,0.0027788752
2019-04-05,0.002998399
2019-04-08,0.002745375
2019-04-09,0.0026975938
2019-04-10,0.0017484811
2019-04-11,0.0017768429
2019-04-12,0.0002801921
2019-04-16,0.0019200437
2019-04-17,0.0018553382
2019-04-18,0.0003176133
2019-04-19,0.0021908605
2019-04-22,0.00031336024
2019-04-23,0.0012123443
2019-04-24,0.000454202
2019-04-25,0.0006230438
2019-04-26,0.000604443
2019-05-02,0.0006063484
2019-05-03,0.00088025065
2019-05-06,0.0008552366
2019-05-07,0.0013063373
2019-05-08,0.00084859336
2019-05-09,0.00090040854
2019-05-10,0.0017580506
2019-05-13,0.0019004513
2019-05-14,0.0018815
2019-05-15,0.0012313672
2019-05-16,0.0018355092
2019-05-17,0.0020291798
2019-05-20,0.0009136344
2019-05-21,0.0007983513
2019-05-22,0.00088670634
2019-05-23,0.0010964822
2019-05-24,0.0012192801
2019-05-27,0.0010709797
2019-05-28,0.0011791177
2019-05-29,0.0012463878
2019-05-30,0.0013537661
2019-05-31,0.0012268301
2019-06-03,0.0014079965
2019-06-04,0.0012494638
2019-06-05,0.001447113
2019-06-06,0.001652661
2019-06-07,0.0018708399
2019-06-10,0.0014493945
2019-06-11,0.0015115584
2019-06-12,0.0034120847
2019-06-13,0.0012274056
2019-06-14,0.0012669985
2019-06-17,0.0034856983
2019-06-18,0.0010949457
2019-06-19,0.0011567073
2019-06-20,0.0012225595
2019-06-21,0.0013003061
2019-06-24,0.0013600402
2019-06-25,0.0013867635
2019-06-26,0.001400592
2019-06-27,0.0014338938
2019-06-28,0.0014450629
2019-07-01,0.00148152
2019-07-02,0.0014846823
2019-07-03,0.0014763486
2019-07-04,0.0013930965
2019-07-05,0.0018893969
2019-07-08,0.0013892292
2019-07-09,0.001460291
2019-07-10,0.0014770543
2019-07-11,0.0016590608
2019-07-12,0.0015705074
2019-07-15,0.0015242558
2019-07-16,0.0017589235
2019-07-17,0.001673298
2019-07-18,0.0032977292
2019-07-19,0.003031772
2019-07-22,0.0039393594
2019-07-23,0.0029443065
2019-07-24,0.0020052341
2019-07-25,0.0013775975
2019-07-26,0.0021750832
2019-07-29,0.0028828976
2019-07-30,0.0028697534
2019-07-31,0.0027465154
2019-08-01,0.0026147256
2019-08-02,0.0026589013
2019-08-05,0.0028493684
2019-08-06,0.0026801557
2019-08-07,0.0031871856
2019-08-08,0.0029676196
2019-08-09,0.002783524
2019-08-12,0.002597587
2019-08-13,0.0024575614
2019-08-14,0.0023510589
2019-08-15,0.0023782067
2019-08-16,0.0015988075
2019-08-19,0.0018183077
2019-08-20,0.0023229579
2019-08-21,0.0024435653
2019-08-22,0.0015649651
2019-08-23,0.0017764426
2019-08-26,0.00213304
2019-08-27,0.0021706182
2019-08-28,0.0020550543
2019-08-29,0.0020665063
2019-08-30,0.0020639966
2019-09-03,0.0021686163
2019-09-04,0.0020999887
2019-09-05,0.002689734
2019-09-06,0.0020144363
2019-09-09,0.00179866
2019-09-10,0.0018118017
2019-09-11,0.0017822047
2019-09-12,0.0018321297
2019-09-13,0.0018749291
2019-09-16,0.0026749051
2019-09-17,0.0007206868
2019-09-18,0.0023440463
2019-09-19,0.00092106924
2019-09-20,0.0026851657
2019-09-23,0.0020434512
2019-09-24,0.0007092565
2019-09-25,0.0028049743
2019-09-26,0.0016964513
2019-09-27,0.00016142768
2019-09-30,0.0022300337
2019-10-01,0.0013212871
2019-10-02,0.00079861126
2019-10-03,0.001456104
2019-10-04,0.0018973413
2019-10-07,0.001989862
2019-10-08,0.002013755
2019-10-09,0.0020212408
2019-10-10,0.0005425953
2019-10-11,0.00047005987
2019-10-14,0.0007029627
2019-10-15,0.0014893762
2019-10-16,0.0016440684
2019-10-17,0.0025177267
2019-10-18,0.0021781754
2019-10-21,0.0022465633
2019-10-22,0.0022463016
2019-10-23,0.0021887065
2019-10-24,0.0023003728
2019-10-25,0.0021693252
2019-10-28,0.0022824022
2019-10-29,0.0023480344
2019-10-30,0.00094320433
2019-10-31,0.0012084958
2019-11-01,0.0009863339
2019-11-04,0.001659639
2019-11-05,0.0009980837
2019-11-06,0.0010924288
2019-11-07,0.0018128504
2019-11-08,0.0018509885
2019-11-11,0.00132477
2019-11-12,0.0013954074
2019-11-13,0.0021891284
2019-11-14,0.002959465
2019-11-15,0.003715606
2019-11-18,0.0025968268
2019-11-19,0.0025911785
2019-11-20,0.0025305336
2019-11-21,0.0024554962
2019-11-22,0.0023797143
2019-11-25,0.0023117915
2019-11-26,0.0022506262
2019-11-27,0.0023478023
2019-11-28,0.0023856927
2019-11-29,0.0024295414
2019-12-02,0.00236996
2019-12-03,0.0016983335
2019-12-04,0.0016589689
2019-12-05,0.0011225808
2019-12-06,0.0004104299
2019-12-09,0.0019851928
2019-12-10,0.0028651466
2019-12-11,0.002043618
2019-12-12,0.0022627502
2019-12-13,0.0023575511
2019-12-16,0.0023698604
2019-12-17,0.0005476756
2019-12-18,0.0006439847
2019-12-19,0.0007709171
2019-12-20,0.00086694985
2019-12-23,0.000955537
2019-12-24,0.0010438685
2019-12-25,0.0011260456
2019-12-26,0.0011802232
2019-12-27,0.0012231458
2019-12-30,0.0012600974
2019-12-31,0.0029399002
2020-01-02,0.001289421
2020-01-03,0.0032249945
2020-01-06,0.0012503294
2020-01-07,0.003254626
2020-01-08,0.0010158932
2020-01-09,0.0010762981
2020-01-10,0.0017840685
2020-01-13,0.0016872357
2020-01-14,0.0016639617
2020-01-15,0.0016720535
2020-01-16,0.0016910601
2020-01-17,0.0017142335
2020-01-20,0.0017384717
2020-01-21,0.0011170162
2020-01-22,0.0019168651
2020-01-30,0.0018521245
2020-01-31,0.001851486
2020-02-03,0.0034620564
2020-02-04,0.0016011482
2020-02-05,0.0016351698
2020-02-06,0.0034817297
2020-02-07,0.004274545
2020-02-10,0.004757797
2020-02-11,0.00141516
2020-02-12,0.0030550286
2020-02-13,0.0034882317
2020-02-14,0.0027945885
2020-02-17,0.0030413268
2020-02-18,0.0034732607
2020-02-19,0.002505835
2020-02-20,0.0016412188
2020-02-21,0.0017605226
2020-02-24,0.0019270985
2020-02-25,0.0019758176
2020-02-26,0.0019990413
2020-02-27,0.0012875439
2020-02-28,0.0021208127
2020-03-02,0.0021651727
2020-03-03,0.0029379157
2020-03-04,0.0018715095
2020-03-05,0.0014266723
2020-03-06,0.0024342716
2020-03-09,0.0015928263
2020-03-10,0.0024004283
2020-03-11,0.0024070742
2020-03-12,0.0017287715
2020-03-13,0.0012450852
2020-03-16,0.0021492522
2020-03-17,0.0022436564
2020-03-18,0.0029612838
2020-03-19,0.0028472433
2020-03-20,0.0030796612
2020-03-23,0.0027379212
2020-03-24,0.0031757029
2020-03-25,0.0020638271
2020-03-26,0.0012692707
2020-03-27,0.0012244266
2020-03-30,0.0014435388
2020-03-31,0.0016838037
2020-04-01,0.001882778
2020-04-03,0.0026059295
2020-04-06,0.0017532136
2020-04-07,0.0017926458
2020-04-08,0.0011914782
2020-04-09,0.0012835483
2020-04-10,0.0006552629
2020-04-13,0.0002629439
2020-04-14,0.0005991874
2020-04-15,0.0018602614
2020-04-16,0.002255903
2020-04-17,0.0023184589
2020-04-20,0.002679154
2020-04-21,0.0016754998
2020-04-22,0.0008768666
2020-04-23,0.0005229725
2020-04-24,0.0002910092
2020-04-27,6.1973697e-07
2020-04-28,5.8770092e-05
2020-04-29,0.00020757303
2020-05-04,0.00070189574
2020-05-05,0.00010492692
2020-05-06,0.0004313942
2020-05-07,0.0006068874
2020-05-08,0.0005597461
2020-05-11,0.00073534064
2020-05-12,0.000724376
2020-05-13,0.0008462753
2020-05-14,0.0010902314
2020-05-15,0.002143513
2020-05-18,0.0024161125
2020-05-19,0.000681442
2020-05-20,0.00058151927
2020-05-21,0.0007493786
2020-05-22,0.0008200119
2020-05-25,0.0008254898
2020-05-26,0.0008837614
2020-05-27,0.0008537777
2020-05-28,0.0008076898
2020-05-29,0.0008025496
2020-06-01,0.000919459
2020-06-02,0.0011618966
2020-06-03,0.0011098098
2020-06-04,0.0010513968
2020-06-05,0.0012169024
2020-06-08,0.0011226477
2020-06-09,0.0013710437
2020-06-10,0.0011245799
2020-06-11,0.0013740549
2020-06-12,0.0014521903
2020-06-15,0.0012490123
2020-06-16,0.0012420849
2020-06-17,0.0013202277
2020-06-18,0.0011940114
2020-06-19,0.0012583865
2020-06-22,0.0014719598
2020-06-23,0.0013668765
2020-06-24,0.0014762392
2020-06-25,0.0014540837
2020-06-26,0.001451117
2020-06-29,0.0014293694
2020-06-30,0.0014165456
2020-07-01,0.0014392135
2020-07-02,0.0014415972
2020-07-03,0.0014519037
2020-07-06,0.0014512399
2020-07-07,0.0014346649
2020-07-08,0.0016359864
2020-07-09,0.0015949814
2020-07-10,0.0013603535
2020-07-13,0.0016398479
2020-07-14,0.0015649835
2020-07-15,0.0013948742
2020-07-16,0.0034603179
2020-07-17,0.0033269152
2020-07-20,0.0011362594
2020-07-21,0.0012753604
2020-07-22,0.0013499837
2020-07-23,0.0014109036
2020-07-24,0.0015004536
2020-07-27,0.0015265539
2020-07-28,0.0015346818
2020-07-29,0.0015889755
2020-07-30,0.0015971935
2020-07-31,0.001598377
2020-08-03,0.0016111638
2020-08-04,0.0016057764
2020-08-05,0.0016390439
2020-08-06,0.0016437585
2020-08-07,0.001689014
2020-08-10,0.0016691328
2020-08-11,0.0016579956
2020-08-12,0.0016442037
2020-08-13,0.002225573
2020-08-14,0.0020836503
2020-08-17,0.0018216716
2020-08-18,0.0030531914
2020-08-19,0.001365117
2020-08-20,0.0014065488
2020-08-21,0.0014002202
2020-08-24,0.003122679
2020-08-25,0.0013706503
2020-08-26,0.001418622
2020-08-27,0.0014715446
2020-08-28,0.001517666
2020-08-31,0.0015494393
2020-09-01,0.001800304
2020-09-03,0.0018453121
2020-09-04,0.0018176718
2020-09-07,0.0018044861
2020-09-08,0.002605033
2020-09-09,0.0016211937
2020-09-10,0.0016617344
2020-09-11,0.0023071086
2020-09-14,0.0020624674
2020-09-15,0.0021022384
2020-09-16,0.0024566953
2020-09-17,0.0022536798
2020-09-18,0.0022364135
2020-09-21,0.0017930968
2020-09-22,0.0018907343
2020-09-23,0.002126829
2020-09-24,0.0017307035
2020-09-25,0.0013069818
2020-09-28,0.0013683862
2020-09-29,0.0014377262
2020-09-30,0.0014945846
2020-10-01,0.0015367393
2020-10-02,0.0015708059
2020-10-05,0.0015981738
2020-10-06,0.0017430147
2020-10-07,0.001772661
2020-10-08,0.0025757945
2020-10-09,0.0015683561
2020-10-12,0.0016605179
2020-10-13,0.0016947233
2020-10-14,0.0017272816
2020-10-15,0.00174498
2020-10-16,0.001745682
2020-10-19,0.001887549
2020-10-20,0.0018710447
2020-10-21,0.0018535978
2020-10-22,0.0021489218
2020-10-23,0.0014636246
2020-10-26,0.0013572862
2020-10-27,0.0013750254
2020-10-28,0.0013960977
2020-10-29,0.0014240847
2020-10-30,0.0014515826
2020-11-02,0.0014771863
2020-11-03,0.0014983676
2020-11-04,0.0015175275
2020-11-05,0.0023992006
2020-11-06,0.0016300553
2020-11-09,0.0015617264
2020-11-10,0.0018175922
2020-11-11,0.0017036118
2020-11-12,0.0016745408
2020-11-13,0.0016687452
2020-11-16,0.0016706195
2020-11-17,0.0016882566
2020-11-18,0.0016969859
2020-11-19,0.0016981477
2020-11-20,0.0017048204
2020-11-23,0.0017111725
2020-11-24,0.0017172855
2020-11-25,0.00172298
2020-11-26,0.0017282476
2020-11-27,0.0017331138
2020-11-30,0.0017376095
2020-12-01,0.001748482
2020-12-02,0.0032184678
2020-12-03,0.001452428
2020-12-04,0.0028884292
2020-12-07,0.002732565
2020-12-08,0.0028872967
2020-12-09,0.0027351277
2020-12-10,0.002566854
2020-12-11,0.0024208303
2020-12-14,0.0023862321
2020-12-15,0.0023255053
2020-12-16,0.0014560556
2020-12-17,0.0007679977
2020-12-18,0.0010177894
2020-12-21,0.0011381609
2020-12-22,0.0011113954
2020-12-23,0.0012392623
2020-12-24,0.0013166037
2020-12-25,0.0013724286
2020-12-28,0.001421215
2020-12-29,0.0014611015
2020-12-30,0.001895695
2020-12-31,0.0019393384
2021-01-04,0.0024892208
2021-01-05,0.0024564154
2021-01-06,0.0029545762
2021-01-07,0.002786167
2021-01-08,0.002704434
2021-01-11,0.002566781
2021-01-12,0.0024471139
2021-01-13,0.0025174282
2021-01-14,0.0028413818
2021-01-15,0.0028524925
2021-01-18,0.0019852878
2021-01-19,0.0018814316
2021-01-20,0.0025680906
2021-01-21,0.0024227481
2021-01-22,0.0018162234
2021-01-25,0.001023096
2021-01-26,0.00049138407
2021-01-27,0.00020438476
2021-01-28,0.00026113933
2021-01-29,0.0005710557
2021-02-01,0.00067794457
2021-02-02,0.0009131381
2021-02-03,0.0009938453
2021-02-04,0.0018970997
2021-02-05,0.0023434917
2021-02-08,0.0031712973
2021-02-09,0.0021229498
2021-02-17,0.002999349
2021-02-18,0.00193935
2021-02-19,0.0027726172
2021-02-22,0.0031645135
2021-02-23,0.0020391687
2021-02-24,0.0013948749
2021-02-25,0.002353926
2021-02-26,0.0017315457
2021-03-01,0.0026670475
2021-03-02,0.0030755831
2021-03-03,0.0019903332
2021-03-04,0.0010251643
2021-03-05,0.00037045236
2021-03-08,0.00016372089
2021-03-09,0.00040614483
2021-03-10,0.000559937
2021-03-11,0.0014890777
2021-03-12,0.0011791419
2021-03-15,0.0021867317
2021-03-16,0.0016895705
2021-03-17,0.001879615
2021-03-18,0.0023233362
2021-03-19,0.0019644285
2021-03-22,0.0018734022
2021-03-23,0.002264117
2021-03-24,0.0024479865
2021-03-25,0.002558788
2021-03-26,0.0002501806
2021-03-29,0.00023596929
2021-03-30,0.00050992036
2021-03-31,0.00054156093
2021-04-01,0.00078777544
2021-04-02,0.00065317954
2021-04-05,0.000836522
2021-04-06,0.0011722986
2021-04-07,0.001149297
2021-04-08,0.0009434716
2021-04-09,0.0014502867
2021-04-12,0.0011382299
2021-04-13,0.0022840158
2021-04-14,0.001048173
2021-04-15,0.0011283911
2021-04-16,0.0015099787
2021-04-19,0.0009850259
2021-04-20,0.0010472897
2021-04-22,0.0011800891
2021-04-23,0.0011690925
2021-04-26,0.001971798
2021-04-27,0.000916618
2021-04-28,0.0010671814
2021-04-29,0.0009894976
2021-05-04,0.0010450697
2021-05-05,0.0012759794
2021-05-06,0.0011858821
2021-05-07,0.0012292329
2021-05-10,0.0012099647
2021-05-11,0.0012037603
2021-05-12,0.0015658764
2021-05-13,0.0016130852
2021-05-14,0.003405912
2021-05-17,0.003564693
2021-05-18,0.00087231194
2021-05-19,0.0023071934
2021-05-20,0.0009327374
2021-05-21,0.0011896945
2021-05-24,0.0013358749
2021-05-25,0.0020642665
2021-05-26,0.0025150033
2021-05-27,0.0030248282
2021-05-28,0.0019923658
2021-05-31,0.0019993351
2021-06-01,0.00205038
2021-06-02,0.0027822442
2021-06-03,0.0016310099
2021-06-04,0.0016601998
2021-06-07,0.0017993851
2021-06-08,0.001839563
2021-06-09,0.0020091624
2021-06-10,0.0021454266
2021-06-11,0.002063221
2021-06-14,0.0019840875
2021-06-15,0.002140714
2021-06-16,0.0019718686
2021-06-17,0.0019161005
2021-06-18,0.0020542429
2021-06-21,0.0022440688
2021-06-22,0.0009452351
2021-06-23,0.0012108171
2021-06-24,0.0007216677
2021-06-25,0.00094896724
2021-06-28,0.0011298794
2021-06-29,0.0017922476
2021-06-30,0.0022004037
2021-07-01,0.0021826476
2021-07-02,0.0010370996
2021-07-05,0.0014010833
2021-07-06,0.0016683931
2021-07-07,0.001938018
2021-07-08,0.0028236497
2021-07-09,0.0021527247
2021-07-12,0.0017827575
2021-07-13,0.0017690754
2021-07-14,0.0017893182
2021-07-15,0.002604074
2021-07-16,0.0016964569
2021-07-19,0.0024352518
2021-07-20,0.0030815764
2021-07-21,0.0025711658
2021-07-22,0.0019315584
2021-07-23,0.002357958
2021-07-26,0.0027015922
2021-07-27,0.0026929919
2021-07-28,0.002624905
2021-07-29,0.0026552437
2021-07-30,0.0024064234
2021-08-02,0.0024331508
2021-08-03,0.0027866603
2021-08-04,0.0023395969
2021-08-05,0.0018047641
2021-08-06,0.001859762
2021-08-09,0.0025806874
2021-08-10,0.0021480347
2021-08-11,0.0017777456
2021-08-12,0.0023642802
2021-08-13,0.0025388012
2021-08-16,0.0020145895
2021-08-17,0.0024218117
2021-08-18,0.0022565918
2021-08-19,0.0022639749
2021-08-20,0.0022466897
2021-08-23,0.0020483045
2021-08-24,0.0020016388
2021-08-25,0.0019858559
2021-08-26,0.0020721282
2021-08-27,0.0025284726
2021-08-30,0.0018388305
2021-08-31,0.0023240286
2021-09-01,0.001621943
2021-09-06,0.0013279652
2021-09-07,0.0015299304
2021-09-08,0.0016842952
2021-09-09,0.00033098756
2021-09-10,0.00044088502
2021-09-13,0.0005445645
2021-09-14,0.0008012839
2021-09-15,0.0007455463
2021-09-16,0.0011526223
2021-09-17,0.0010624572
2021-09-20,0.0010402587
2021-09-21,0.0011427072
2021-09-22,0.0012671603
2021-09-23,0.0012782
2021-09-24,0.0010560397
2021-09-27,0.0012896387
2021-09-28,0.0012937984
2021-09-29,0.0015740327
2021-09-30,0.0010983681
2021-10-01,0.0012410632
2021-10-04,0.0013814913
2021-10-05,0.0013910409
2021-10-06,0.0013495728
2021-10-07,0.0013556343
2021-10-08,0.0015274335
2021-10-11,0.0013163323
2021-10-12,0.0014041574
2021-10-13,0.001455467
2021-10-14,0.0014551431
2021-10-15,0.0015351893
2021-10-18,0.0015125375
2021-10-19,0.0014806765
2021-10-20,0.0015021409
2021-10-21,0.0015902244
2021-10-22,0.0016644755
2021-10-25,0.0015390699
2021-10-26,0.0015978066
2021-10-27,0.0014063516
2021-10-28,0.0026173673
2021-10-29,0.0019698075
2021-11-01,0.0010898835
2021-11-02,0.0016413068
2021-11-03,0.0014112871
2021-11-04,0.0011981057
2021-11-05,0.0016613931
2021-11-08,0.0014592716
2021-11-09,0.0014074077
2021-11-10,0.0015159566
2021-11-11,0.0013913836
2021-11-12,0.0013065545
2021-11-15,0.0013893442
2021-11-16,0.0013578834
2021-11-17,0.001344566
2021-11-18,0.0013213023
2021-11-19,0.0012971351
2021-11-22,0.001262329
2021-11-23,0.0012508298
2021-11-24,0.0014021238
2021-11-25,0.0017502834
2021-11-26,0.0014711365
2021-11-29,0.0012650003
2021-11-30,0.0014296474
2021-12-01,0.0019238794
2021-12-02,0.0037319083
2021-12-03,0.0008585832
2021-12-06,0.0032176957
2021-12-07,0.003768111
2021-12-08,0.0030553404
2021-12-09,0.0021348302
2021-12-10,0.0012159424
2021-12-13,0.0010146417
2021-12-14,0.0010833272
2021-12-15,0.0011407575
2021-12-16,0.002101321
2021-12-17,0.0018189235
2021-12-20,0.0019301791
2021-12-21,0.0025911583
2021-12-22,0.0031390265
2021-12-23,0.0035223067
2021-12-24,0.003134848
2021-12-27,0.00196093
2021-12-28,0.001039379
2021-12-29,0.00019335092
2021-12-30,0.00011716838
2021-12-31,0.00035694777
2022-01-04,0.00041596085
2022-01-05,0.0005506763
2022-01-06,0.0007286557
2022-01-07,0.00082043005
2022-01-10,0.0019748872
2022-01-11,0.0005502862
2022-01-12,0.00058795017
2022-01-13,0.00071276695
2022-01-14,0.002025428
2022-01-17,0.002267531
2022-01-18,0.0033270791
2022-01-19,0.003683772
2022-01-20,0.0031439932
2022-01-21,0.0018785966
2022-01-24,0.001212948
2022-01-25,0.0018477992
2022-01-26,0.0020067752
2022-01-27,0.001917799
2022-01-28,0.0010514897
2022-02-07,1.7477723e-05
2022-02-08,0.00010460487
2022-02-09,0.00022024958
2022-02-10,0.00023916923
2022-02-11,0.00041389186
2022-02-14,0.0005204973
2022-02-15,0.00055698387
2022-02-16,0.00066141994
2022-02-17,0.00062507566
2022-02-18,0.00078096305
2022-02-21,0.0008462704
2022-02-22,0.0006254254
2022-02-23,0.00078883773
2022-02-24,0.00091636245
2022-02-25,0.0009382631
2022-02-28,0.0008022623
2022-03-01,0.00072254223
2022-03-02,0.00086151523
2022-03-03,0.00095523236
2022-03-04,0.0007632827
2022-03-07,0.0008129364
2022-03-08,0.0008722783
2022-03-09,0.0011156874
2022-03-10,0.0032303229
2022-03-11,0.0025515321
2022-03-14,0.0036960063
2022-03-15,0.004337233
2022-03-16,0.003803032
2022-03-17,0.0038420623
2022-03-18,0.0043798382
2022-03-21,0.0045914943
2022-03-22,0.0044365586
2022-03-23,0.0034499383
2022-03-24,0.0026047318
2022-03-25,0.0014733297
2022-03-28,0.0016244606
2022-03-29,0.002472747
2022-03-30,0.0025434347
2022-03-31,0.0028002246
2022-04-01,0.0031031368
2022-04-04,0.0022739465
2022-04-05,0.0015506449
2022-04-06,0.001307715
2022-04-07,0.002141649
2022-04-08,0.002315842
2022-04-12,0.0022177142
2022-04-13,0.0022173119
2022-04-14,0.0015724183
2022-04-15,0.0014729176
2022-04-18,0.0014110119
2022-04-19,0.0015720909
2022-04-20,0.0015031565
2022-04-21,0.0016013624
2022-04-22,0.0016310934
2022-04-25,0.0009369073
2022-04-26,0.0012204305
2022-04-27,0.00090494886
2022-04-28,0.00079907157
2022-04-29,0.0009926057
2022-05-04,0.0010572835
2022-05-05,0.0012160426
2022-05-06,0.0013761802
2022-05-09,0.0011984068
2022-05-10,0.0013209148
2022-05-11,0.00096889137
2022-05-12,0.000672573
2022-05-13,0.0011358736
2022-05-16,0.0010142936
2022-05-17,0.0008817815
2022-05-18,0.0010937201
2022-05-19,0.0006561414
2022-05-20,0.0007822974
2022-05-23,0.0009005147
2022-05-24,0.0008926113
2022-05-25,0.0010595806
2022-05-26,0.0009557807
2022-05-27,0.0009945491
2022-05-30,0.0012135075
2022-05-31,0.001085772
2022-06-01,0.00077371305
2022-06-02,0.00039958535
2022-06-03,0.00039923866
2022-06-06,0.0007486119
2022-06-07,0.0011648987
2022-06-08,0.001008461
2022-06-09,0.00059219653
2022-06-10,0.0010641192
2022-06-13,0.0012355396
2022-06-14,0.001040841
2022-06-15,0.0013163665
2022-06-16,0.0012849753
2022-06-17,0.0010823878
2022-06-20,0.0009587458
2022-06-21,0.00090243045
2022-06-22,0.00085106114
2022-06-23,0.001190682
2022-06-24,0.00093415804
2022-06-27,0.0006410688
2022-06-28,0.00091722043
2022-06-29,0.0010818017
2022-06-30,0.0012347281
2022-07-01,0.0009186819
2022-07-04,0.0008860153
2022-07-05,0.0010583589
2022-07-06,0.000322251
2022-07-07,0.0005032237
2022-07-08,0.001075129
2022-07-11,0.0007534031
2022-07-12,0.00043678895
2022-07-13,0.0005207089
2022-07-14,0.0007354086
2022-07-15,0.0009041129
2022-07-18,0.00097146555
2022-07-19,0.00067032874
2022-07-20,0.00048947264
2022-07-21,0.001045068
2022-07-22,0.0012815874
2022-07-25,0.0013516287
2022-07-26,0.00142806
2022-07-27,0.0006772385
2022-07-28,0.0008224585
2022-07-29,0.0005105947
2022-08-01,0.00019955097
2022-08-02,6.089128e-05
2022-08-03,0.00029351184
2022-08-04,0.00096766144
2022-08-05,0.0014982976
2022-08-08,0.00069203647
2022-08-09,0.00029574597
2022-08-10,0.00030317542
2022-08-11,0.0024248392
2022-08-12,0.0029828066
2022-08-15,0.0024453998
2022-08-16,0.00244301
2022-08-17,0.0025313816
2022-08-18,0.0023243765
2022-08-19,0.0022913895
2022-08-22,0.002401461
2022-08-23,0.0030006298
2022-08-24,0.0020687536
2022-08-25,0.0019169627
2022-08-26,0.0015428879
2022-08-29,0.0015109114
2022-08-30,0.0020581118
2022-08-31,0.00021970464
2022-09-05,6.4788735e-05
2022-09-06,0.00014384364
2022-09-07,0.0024682104
2022-09-08,0.00049380725
2022-09-09,0.0013098672
2022-09-12,0.00071169017
2022-09-13,1.8222185e-05
2022-09-14,0.0004999463
2022-09-15,0.0005942736
2022-09-16,0.00058715616
2022-09-19,0.003240024
2022-09-20,0.004055417
2022-09-21,0.0034594464
2022-09-22,0.00329473
2022-09-23,0.0030899358
2022-09-26,0.0026429303
2022-09-27,0.0031781483
2022-09-28,0.0031269821
2022-09-29,0.0034243274
2022-09-30,0.002915459
2022-10-03,0.0024560029
2022-10-04,0.0027952732
2022-10-05,0.0025325674
2022-10-06,0.0017303401
2022-10-07,0.0022513485
2022-10-10,0.0027385037
2022-10-11,0.001978559
2022-10-12,0.0021423448
2022-10-13,0.0018810544
2022-10-14,0.0014184255
2022-10-17,0.00080895546
2022-10-18,0.0016479059
2022-10-19,0.0013177004
2022-10-20,0.0012417852
2022-10-21,0.00144773
2022-10-24,0.0018509137
2022-10-25,0.0020187914
2022-10-26,0.001889212
2022-10-27,0.0011821939
2022-10-28,0.0009917025
2022-10-31,0.0011844921
2022-11-01,0.0014982624
2022-11-02,0.0011622044
2022-11-03,0.001023093
2022-11-04,0.0010191775
2022-11-07,0.0013671273
2022-11-08,0.0014875142
2022-11-09,0.0014908691
2022-11-10,0.000944685
2022-11-11,0.0013682062
2022-11-14,0.0012406104
2022-11-15,0.0010382214
2022-11-16,0.0010681767
2022-11-17,0.0012257246
2022-11-18,0.0010649618
2022-11-21,0.0006091082
2022-11-22,0.0005443437
2022-11-23,0.00040069717
2022-11-24,0.0006867412
2022-11-25,0.0008710237
2022-11-28,0.00091495254
2022-11-29,0.0006278704
2022-11-30,0.0004946061
2022-12-01,0.00048597011
2022-12-02,0.0006125707
2022-12-05,0.0010078626
2022-12-06,0.0005186953
2022-12-07,0.0011764935
2022-12-08,0.0012379135
2022-12-09,0.0009394143
2022-12-12,0.0010085166
2022-12-13,0.0014150904
2022-12-14,0.0018786101
2022-12-15,0.0014264986
2022-12-16,0.0014957055
2022-12-19,0.0004298269
2022-12-20,1.5873273e-05
2022-12-21,0.0008031506
2022-12-22,0.002706048
2022-12-23,0.0025436908
2022-12-26,0.0019987458
2022-12-27,0.0025022435
2022-12-28,0.002129641
2022-12-29,0.0012458062
2022-12-30,0.00029638055
2023-01-03,0.0008993012
2023-01-04,0.00072643993
2023-01-05,0.0015613935
2023-01-06,0.0011927178
2023-01-09,0.0021010675
2023-01-10,0.0013995285
2023-01-11,0.0015713074
2023-01-12,0.0017118969
2023-01-13,0.0015737785
2023-01-16,0.0009037144
2023-01-17,0.001143943
2023-01-18,0.0012043421
2023-01-19,0.0011645404
2023-01-27,0.0013872315
2023-01-30,0.0003443572
2023-01-31,6.6196575e-05
2023-02-01,0.0001261943
2023-02-02,0.0008464595
2023-02-03,0.0006781846
2023-02-06,0.00280069
2023-02-07,0.000715057
2023-02-08,0.0030953633
2023-02-09,0.0007176854
2023-02-10,0.0008990607
2023-02-13,0.003920461
2023-02-14,0.001214596
2023-02-15,0.0008928633
2023-02-16,0.0011812164
2023-02-17,0.0015546342
2023-02-20,0.0007764006
2023-02-21,0.00085017
2023-02-22,0.0010049981
2023-02-23,0.001299483
2023-02-24,0.0033797037
2023-02-27,0.0037262538
2023-02-28,0.003722535
2023-03-01,0.0029449554
2023-03-02,0.0030140916
2023-03-03,0.0024562406
2023-03-06,0.00057885336
2023-03-07,0.0022068238
2023-03-08,0.0024407464
2023-03-09,0.002288407
2023-03-10,0.0022527832
2023-03-13,0.002134987
2023-03-14,0.0027953458
2023-03-15,0.0008775036
2023-03-16,0.0024094754
2023-03-17,0.0030567034
2023-03-20,0.0007808627
2023-03-21,0.00087540067
2023-03-22,0.0026043549
2023-03-23,0.0018192618
2023-03-24,0.00027949514
2023-03-27,0.0007999725
2023-03-28,0.0012177171
2023-03-29,0.0012585488
2023-03-30,0.0016241814
2023-03-31,0.0016087533
2023-04-03,0.0017043734
2023-04-04,0.0016790943
2023-04-05,0.0017042037
2023-04-06,0.0017325873
2023-04-07,0.0011404976
2023-04-10,0.0011142825
2023-04-11,0.0014629515
2023-04-12,0.001769192
2023-04-13,0.001808896
2023-04-14,0.0019106595
2023-04-17,0.0019770663
2023-04-18,0.0019701044
2023-04-19,0.0024204561
2023-04-20,0.0020923996
2023-04-21,0.00222445
2023-04-24,0.0012530729
2023-04-25,0.0013188052
2023-04-26,0.001135909
2023-04-27,0.0012064609
2023-04-28,0.0013707886
2023-05-04,0.0013895456
2023-05-05,0.0014209247
2023-05-08,0.0014565659
2023-05-09,0.0014973804
2023-05-10,0.0020932155
2023-05-11,0.0031523248
2023-05-12,0.0019602512
2023-05-15,0.00112467
2023-05-16,0.0015304158
2023-05-17,0.0015497012
2023-05-18,0.0012952471
2023-05-19,0.0014363362
2023-05-22,0.001455564
2023-05-23,0.0017286397
2023-05-24,0.0018657392
2023-05-25,0.0017500482
2023-05-26,0.0017723136
2023-05-29,0.001490541
2023-05-30,0.0015812383
2023-05-31,0.001338956
2023-06-01,0.0014620537
2023-06-02,0.0013687802
2023-06-05,0.0023224624
2023-06-06,0.0013830406
2023-06-07,0.0014421511
2023-06-08,0.0013830843
2023-06-09,0.0018081558
2023-06-12,0.0017870918
2023-06-13,0.0013793451
2023-06-14,0.0013558839
2023-06-15,0.0015642752
2023-06-16,0.0015897569
2023-06-19,0.0020268387
2023-06-20,0.002755715
2023-06-21,0.0024302928
2023-06-22,0.0016522955
2023-06-23,0.0015480802
2023-06-26,0.001425358
2023-06-27,0.0018984883
2023-06-28,0.0015395563
2023-06-29,0.0015930191
2023-06-30,0.0020033955
2023-07-03,0.0020380754
2023-07-04,0.0022205492
2023-07-05,0.00212222
2023-07-06,0.0019469997
2023-07-07,0.0020523367
2023-07-10,0.0023784759
2023-07-11,0.0018716103
2023-07-12,0.002420692
2023-07-13,0.0021007168
2023-07-14,0.0007922252
2023-07-17,0.0017167595
2023-07-18,0.0021336947
2023-07-19,0.000997819
2023-07-20,0.0008466732
2023-07-21,0.0012484158
2023-07-24,0.0010108112
2023-07-25,0.0010455141
2023-07-26,0.0011565038
2023-07-27,0.001270121
2023-07-28,0.0011692198
2023-07-31,0.0013210562
2023-08-01,0.0014157372
2023-08-02,0.0013406512
2023-08-03,0.0013252324
2023-08-04,0.0013296341
2023-08-07,0.0012623286
2023-08-08,0.0013400253
2023-08-09,0.0014501575
2023-08-10,0.0016024599
2023-08-11,0.0014281832
2023-08-14,0.0015015225
2023-08-15,0.0015803433
2023-08-16,0.0014316267
2023-08-17,0.0014088331
2023-08-18,0.0013528427
2023-08-21,0.0035739446
2023-08-22,0.0015418075
2023-08-23,0.0013853819
2023-08-24,0.003615643
2023-08-25,0.0013734507
2023-08-28,0.0030929367
2023-08-29,0.0035610422
2023-08-30,0.0031121708
2023-08-31,0.0028684011
2023-09-05,0.0022996145
2023-09-06,0.000645455
2023-09-07,0.0017551503
2023-09-08,0.0018712853
2023-09-11,0.0018313637
2023-09-12,0.0022370943
2023-09-13,0.0021996757
2023-09-14,0.0023202922
2023-09-15,0.0019792467
2023-09-18,0.0020007282
2023-09-19,0.002126961
2023-09-20,0.0027987133
2023-09-21,0.0024862287
2023-09-22,0.0022222796
2023-09-25,0.0021793474
2023-09-26,0.002695222
2023-09-27,0.0028061937
2023-09-28,0.0026401123
2023-09-29,0.0024839886
2023-10-02,0.0023630767
2023-10-03,0.0022700427
2023-10-04,0.002253434
2023-10-05,0.0018102
2023-10-06,0.0014018144
2023-10-09,0.0015279811
2023-10-10,0.0011243268
2023-10-11,0.0008131954
2023-10-12,0.0012649526
2023-10-13,0.0015254044
2023-10-16,0.0016181418
2023-10-17,0.0017211672
2023-10-18,0.0016949594
2023-10-19,0.0018195303
2023-10-20,0.0016829979
2023-10-23,0.0013446521
2023-10-24,0.0020432614
2023-10-25,0.0018894938
2023-10-26,0.0018849846
2023-10-27,0.0022179915
2023-10-30,0.0022696967
2023-10-31,0.002869576
2023-11-01,0.0030852414
2023-11-02,0.0021541277
2023-11-03,0.0014848777
2023-11-06,0.0019823164
2023-11-07,0.0020076015
2023-11-08,0.0018394485
2023-11-09,0.0015382131
2023-11-10,0.0012221851
2023-11-13,0.0017204909
2023-11-14,0.0012648103
2023-11-15,0.0013718272
2023-11-16,0.0015907553
2023-11-17,0.0013438272
2023-11-20,0.0016484787
2023-11-21,0.0018147626
2023-11-22,0.0019002568
2023-11-23,0.002065937
2023-11-24,0.002133187
2023-11-27,0.0020061708
2023-11-28,0.002322443
2023-11-29,0.0023323342
2023-11-30,0.0023561926
2023-12-01,0.0024914683
2023-12-04,0.0020549942
2023-12-05,0.00057389063
2023-12-06,0.000641175
2023-12-07,0.00073862396
2023-12-08,0.0020901335
2023-12-11,0.0003367549
2023-12-12,0.0010892868
2023-12-13,0.0006425536
2023-12-14,0.0007940216
2023-12-15,0.00083668885
2023-12-18,0.0010099886
2023-12-19,0.0011277606
2023-12-20,0.0012268387
2023-12-21,0.0012559486
2023-12-22,0.001330629
2023-12-25,0.0013775497
2023-12-26,0.001382733
2023-12-27,0.001439723
2023-12-28,0.0015028466
2023-12-29,0.0014939143
2024-01-02,0.0014697693
2024-01-03,0.0015025197
2024-01-04,0.0015470108
2024-01-05,0.001543714
2024-01-08,0.0025297054
2024-01-09,0.0030172558
2024-01-10,0.0015257194
2024-01-11,0.0013404279
2024-01-12,0.0017113457
2024-01-15,0.0014567515
2024-01-16,0.0032302127
2024-01-17,0.001840956
2024-01-18,0.0012676013
2024-01-19,0.0012634541
2024-01-22,0.0016031105
2024-01-23,0.0013017957
2024-01-24,0.0015004217
2024-01-25,0.0015268908
2024-01-26,0.0015949311
2024-01-29,0.0025109393
2024-01-30,0.0027442782
2024-01-31,0.002740778
2024-02-01,0.0023223113
2024-02-02,0.0024789975
2024-02-05,0.0023567837
2024-02-06,0.0023069785
2024-02-07,0.002029819
2024-02-15,0.0019625842
2024-02-16,0.0019928315
2024-02-19,0.0019283437
2024-02-20,0.0022479624
2024-02-21,0.0021229852
2024-02-22,0.0020901745
2024-02-23,0.0012500079
2024-02-26,0.0010695951
2024-02-27,0.0012650616
2024-02-28,0.0011983102
2024-02-29,0.0018804185
2024-03-01,0.0012159573
2024-03-04,0.0013993911
2024-03-05,0.0015358301
2024-03-06,0.0013492692
2024-03-07,0.0015901474
2024-03-08,0.0015827504
2024-03-11,0.001667571
2024-03-12,0.0016923372
2024-03-13,0.0023766272
2024-03-14,0.0018034815
2024-03-15,0.0016377899
2024-03-18,0.001674274
2024-03-19,0.0023246056
2024-03-20,0.0015008741
2024-03-21,0.0015604815
2024-03-22,0.001952369
2024-03-25,0.0014937932
2024-03-26,0.0015955924
2024-03-27,0.0015960885
2024-03-28,0.001755324
2024-03-29,0.0017009373
2024-04-01,0.0016789595
2024-04-02,0.0015920515
2024-04-03,0.0016082074
2024-04-04,0.0016175734
2024-04-05,0.00165859
2024-04-08,0.0017129888
2024-04-09,0.0022261748
2024-04-10,0.0019590072
2024-04-11,0.0019643523
2024-04-12,0.0020982493
2024-04-15,0.0019194807
2024-04-16,0.0021378724
2024-04-17,0.0021419676
2024-04-19,0.0021820222
2024-04-22,0.002618978
2024-04-23,0.0023489716
2024-04-24,0.0019181992
2024-04-25,0.0019119517
2024-04-26,0.0020798026
2024-05-02,0.0021780278
2024-05-03,0.001988405
2024-05-06,0.0017594572
2024-05-07,0.0012677687
2024-05-08,0.0013370416
2024-05-09,0.0014777367
2024-05-10,0.001529668
2024-05-13,0.0017066358
2024-05-14,0.0017430747
2024-05-15,0.0016443369
2024-05-16,0.0017272967
2024-05-17,0.0017623492
2024-05-20,0.0018928612
2024-05-21,0.0017721367
2024-05-22,0.0019561893
2024-05-23,0.0020901188
2024-05-24,0.0022657278
2024-05-27,0.0020961454
2024-05-28,0.0019087791
2024-05-29,0.0020074267
2024-05-30,0.0019335349
2024-05-31,0.0013150752
2024-06-03,0.0020311787
2024-06-04,0.0015606727
2024-06-05,0.0013491306
2024-06-06,0.0014234316
2024-06-07,0.001531614
2024-06-10,0.0014383511
2024-06-11,0.0016198165
2024-06-12,0.0015002324
2024-06-13,0.0015357912
2024-06-14,0.0016006583
2024-06-17,0.001745858
2024-06-18,0.0015538209
2024-06-19,0.0014951648
2024-06-20,0.0016557984
2024-06-21,0.0017010383
2024-06-24,0.0016854866
2024-06-25,0.0026643246
2024-06-26,0.0015187007
2024-06-27,0.0015135698
2024-06-28,0.001535366
2024-07-01,0.0016329938
2024-07-02,0.0016511104
2024-07-03,0.0016601058
2024-07-04,0.0016170351
2024-07-05,0.0016248007
2024-07-08,0.0017023925
2024-07-09,0.0016159236
2024-07-10,0.0016129883
2024-07-11,0.0016615104
2024-07-12,0.001728555
2024-07-15,0.0022769081
2024-07-16,0.001875422
2024-07-17,0.0015618396
2024-07-18,0.0018514749
2024-07-19,0.0017776557
2024-07-22,0.0019821876
2024-07-23,0.0022322405
2024-07-24,0.002289555
2024-07-25,0.0021876884
2024-07-26,0.0015287355
2024-07-29,0.0017030863
2024-07-30,0.0018754622
2024-07-31,0.0020475618
2024-08-01,0.0021424324
2024-08-02,0.0021417364
2024-08-05,0.0022026505
2024-08-06,0.0028294541
2024-08-07,0.0023315318
2024-08-08,0.0023569698
2024-08-09,0.002391046
2024-08-12,0.0022768888
2024-08-13,0.0025858297
2024-08-14,0.0025106985
2024-08-15,0.0024852683
2024-08-16,0.002254956
2024-08-19,0.0016428218
2024-08-20,0.001246118
2024-08-21,0.0010775146
2024-08-22,0.0011642671
2024-08-23,0.0014779537
2024-08-26,0.0015210407
2024-08-27,0.0015951286
2024-08-28,0.0017577382
2024-08-29,0.0019159131
2024-08-30,0.001554607
2024-09-04,0.0017567871
2024-09-05,0.0023326129
2024-09-06,0.002204117
2024-09-09,0.002008066
2024-09-10,0.002027187
2024-09-11,0.0020204538
2024-09-12,0.0022646773
2024-09-13,0.002099632
2024-09-16,0.0024427776
2024-09-17,0.0017450782
2024-09-18,0.0017387548
2024-09-19,0.0019695424
2024-09-20,0.0019826065
2024-09-23,0.0019895693
2024-09-24,0.0019808249
2024-09-25,0.0018176362
2024-09-26,0.0019339884
2024-09-27,0.0019892005
2024-09-30,0.0022513997
2024-10-01,0.002367948
2024-10-02,0.002247865
2024-10-03,0.0021011294
2024-10-04,0.0020569153
2024-10-07,0.002166608
2024-10-08,0.00096921244
2024-10-09,0.0017008348
2024-10-10,0.001997932
2024-10-11,0.0016891917
2024-10-14,0.0019926573
2024-10-15,0.0022089987
2024-10-16,0.0021614302
2024-10-17,0.0012877679
2024-10-18,0.0021508303
2024-10-21,0.0025200588
2024-10-22,0.0023521795
2024-10-23,0.0016928283
2024-10-24,0.0007500255
2024-10-25,0.0016319386
2024-10-28,0.0018343877
2024-10-29,0.0018944996
2024-10-30,0.0010725404
2024-10-31,0.0013738698
2024-11-01,0.0017360833
2024-11-04,0.0019001835
2024-11-05,0.002383325
2024-11-06,0.0019374224
2024-11-07,0.0016122905
2024-11-08,0.0017536473
2024-11-11,0.0019441929
2024-11-12,0.0022157242
2024-11-13,0.0018217184
2024-11-14,0.0018723595
2024-11-15,0.0019343309
2024-11-18,0.0022183436
2024-11-19,0.0019258885
2024-11-20,0.0020650607
2024-11-21,0.0021626146
2024-11-22,0.0018647588
2024-11-25,0.0018780772
2024-11-26,0.001988755
2024-11-27,0.0017784012
2024-11-28,0.0017783581
2024-11-29,0.0017998847
2024-12-02,0.0017359732
2024-12-03,0.0023556591
2024-12-04,0.0023229497
2024-12-05,0.0020350958
2024-12-06,0.0012839979
2024-12-09,0.0014482345
2024-12-10,0.0015759638
2024-12-11,0.0019295965
2024-12-12,0.0019643793
2024-12-13,0.0019848149
2024-12-16,0.002126293
2024-12-17,0.0019831904
2024-12-18,0.0012299605
2024-12-19,0.0019685463
2024-12-20,0.002142516
2024-12-23,0.0012759061
2024-12-24,0.0012488144
2024-12-25,0.0022036084
2024-12-26,0.0023366113
2024-12-27,0.0012814389
2024-12-30,0.0019581988
2024-12-31,0.0022838486
2025-01-02,0.0013239828
2025-01-03,0.0012923346
2025-01-06,0.0023257663
2025-01-07,0.0013343173
2025-01-08,0.0030628066
2025-01-09,0.0022884458
2025-01-10,0.0024510403
2025-01-13,0.0011692604
2025-01-14,0.0020188135
2025-01-15,0.0011941285
2025-01-16,0.0012454758
2025-01-17,0.001283552
2025-01-20,0.0013176634
2025-01-21,0.0015090301
2025-01-22,0.0013645173
2025-01-23,0.002327328
2025-01-24,0.002493401
2025-02-03,0.0014727027
2025-02-04,0.0018895399
2025-02-05,0.0019182505
2025-02-06,0.001762175
2025-02-07,0.0017596064
2025-02-10,0.0017507938
2025-02-11,0.0016442251
2025-02-12,0.0018871948
2025-02-13,0.0018855538
2025-02-14,0.0017249705
2025-02-17,0.0017521589
2025-02-18,0.001827115
2025-02-19,0.00165517
2025-02-20,0.0017209856
2025-02-21,0.0013444962
2025-02-24,0.0013033033
2025-02-25,0.0012459899
2025-02-26,0.0014719551
2025-02-27,0.0017423348
2025-02-28,0.0017295899
2025-03-03,0.0018616675
2025-03-04,0.0019764237
2025-03-05,0.0020164445
2025-03-06,0.002022901
2025-03-07,0.0020975033
2025-03-10,0.0017473118
2025-03-11,0.001933093
2025-03-12,0.0014181533
2025-03-13,0.0012261067
2025-03-14,0.0015366029
2025-03-17,0.001434224
2025-03-18,0.0020122165
2025-03-19,0.0018126199
2025-03-20,0.002029633
2025-03-21,0.001953541
2025-03-24,0.0020303156
2025-03-25,0.0023519911
2025-03-26,0.0013252615
2025-03-27,0.0012086357
2025-03-28,0.0012361119
2025-03-31,0.0012432667
2025-04-01,0.0013173914
2025-04-02,0.0013880692
2025-04-03,0.0013959494
2025-04-04,0.0021347548
2025-04-08,0.0020655775
2025-04-09,0.003071693
2025-04-10,0.0026190989
2025-04-11,0.0011864556
2025-04-14,0.0016388858
2025-04-15,0.0020621335
2025-04-16,0.0022148998
2025-04-17,0.0021220017
2025-04-18,0.0010596649
2025-04-21,0.001020269
2025-04-22,0.0011013912
2025-04-23,0.0019836035
2025-04-24,0.0021035897
2025-04-25,0.0012127506
2025-04-28,0.0011740609
2025-04-29,0.0016564885
2025-05-05,0.001746604
2025-05-06,0.0013593233
2025-05-07,0.0012573313
2025-05-08,0.0011950454
2025-05-09,0.0013460731
2025-05-12,0.002038989
2025-05-13,0.0014438764
2025-05-14,0.0013040856
2025-05-15,0.0014960254
2025-05-16,0.0013077774
2025-05-19,0.0014057432
2025-05-20,0.0013763276
2025-05-21,0.0013922271
2025-05-22,0.001473024
2025-05-23,0.0015030922
2025-05-26,0.0015248377
2025-05-27,0.0015451123
2025-05-28,0.001527339
2025-05-29,0.0015594542
2025-05-30,0.0015718786
2025-06-02,0.0015606123
2025-06-03,0.002183778
2025-06-04,0.0016023219
2025-06-05,0.002248026
2025-06-06,0.0016731427
2025-06-09,0.0014914507
2025-06-10,0.0014898183
2025-06-11,0.0016286469
2025-06-12,0.001448587
2025-06-13,0.0016210398
2025-06-16,0.0016795616
2025-06-17,0.001558383
2025-06-18,0.0019740628
2025-06-19,0.0015164665
2025-06-20,0.0017039345
2025-06-23,0.0017066917
2025-06-24,0.0020530294
2025-06-25,0.0027970923
2025-06-26,0.0014160518
2025-06-27,0.0015384529
2025-06-30,0.0015548642
2025-07-01,0.001659645
2025-07-02,0.0015544074
2025-07-03,0.0016894885
2025-07-04,0.0016500698
2025-07-07,0.0017110482
2025-07-08,0.0017223605
2025-07-09,0.0016953193
2025-07-10,0.0027328853
2025-07-11,0.0016433748
2025-07-14,0.0016228668
2025-07-15,0.0016367838
2025-07-16,0.0016598073
2025-07-17,0.0016081198
2025-07-18,0.0026993474
2025-07-21,0.0015162041
2025-07-22,0.0015528488
2025-07-23,0.001606076
2025-07-24,0.0016286704
2025-07-25,0.0016268005
2025-07-28,0.0023606725
2025-07-29,0.0015308573
2025-07-30,0.0015139002
2025-07-31,0.001668405
2025-08-01,0.0020463828
2025-08-04,0.0018461447
2025-08-05,0.0018916258
2025-08-06,0.0018905301
2025-08-07,0.001889399
2025-08-08,0.0016539409
2025-08-11,0.0016760475
2025-08-12,0.0017172194
2025-08-13,0.001761677
2025-08-14,0.0018511245
2025-08-15,0.0017892162
2025-08-18,0.0018124909
2025-08-19,0.0019055028
2025-08-20,0.001791171
2025-08-21,0.0018194728
2025-08-22,0.0018059663
2025-08-25,0.002097427
2025-08-26,0.002385229
2025-08-27,0.0016265686
2025-08-28,0.0014447062
2025-08-29,0.0020072274
2025-09-03,0.001601109
2025-09-04,0.0014889641
2025-09-05,0.0014887636
2025-09-08,0.0030265604
2025-09-09,0.0012066641
2025-09-10,0.0028423571
2025-09-11,0.001179419
2025-09-12,0.002207908
2025-09-15,0.0013116645
2025-09-16,0.0016227155
2025-09-17,0.0024284213
2025-09-18,0.0020217649
2025-09-19,0.0021557966
2025-09-22,0.0021972999
2025-09-23,0.002160617
2025-09-24,0.002112792
2025-09-25,0.0019524575
2025-09-26,0.0018181321
2025-09-29,0.0019359521
2025-09-30,0.0019652972
2025-10-01,0.001950809
2025-10-02,0.0019089002
2025-10-03,0.0019003518
2025-10-06,0.0021019508
2025-10-07,0.0018188807
2025-10-08,0.0021019757
2025-10-09,0.002032853
2025-10-10,0.0023685521
2025-10-13,0.002350766
2025-10-14,0.0012768945
2025-10-15,0.0023066911
2025-10-16,0.0013255272
2025-10-17,0.0022393526
2025-10-20,0.0013199754
2025-10-21,0.002802555
2025-10-22,0.0010945259
2025-10-23,0.0012216978
2025-10-24,0.0012861951
2025-10-27,0.0013377911
2025-10-28,0.0014689171
2025-10-29,0.001548829
2025-10-30,0.0015525811
2025-10-31,0.0015858735
2025-11-03,0.001750397
2025-11-04,0.0015727044
2025-11-05,0.0015468048
2025-11-06,0.0016474598
2025-11-07,0.0017194445
2025-11-10,0.0026784576
2025-11-11,0.0028814862
2025-11-12,0.0027217367
2025-11-13,0.002552192
2025-11-14,0.0025506222
2025-11-17,0.0023972415
2025-11-18,0.0027087142
2025-11-19,0.0012819679
2025-11-20,0.001050598
2025-11-21,0.0012006469
2025-11-24,0.0013286218
2025-11-25,0.0014625834
2025-11-26,0.0014892465
2025-11-27,0.0015758998
2025-11-28,0.0025712731
2025-12-01,0.0027495911
2025-12-02,0.0033241517
2025-12-03,0.0018017455
2025-12-04,0.002101037
2025-12-05,0.0023872661
2025-12-08,0.002040025
2025-12-09,0.0019940042
2025-12-10,0.0019420458
2025-12-11,0.001972556
2025-12-12,0.0019611497
2025-12-15,0.0020375028
2025-12-16,0.0021644642
2025-12-17,0.0022623567
2025-12-18,0.0023164554
2025-12-19,0.0022329183
2025-12-22,0.002152015
2025-12-23,0.0017083259
2025-12-24,0.0019111279
2025-12-25,0.001654936
2025-12-26,0.0020162496
2025-12-29,0.003302411
2025-12-30,0.0024515495
2025-12-31,0.0023642266
2026-01-05,0.0018031183
2026-01-06,0.0014574188
2026-01-07,0.0015742143
2026-01-08,0.001709895
2026-01-09,0.0017749232
2026-01-12,0.0020275568
2026-01-13,0.0018538737
2026-01-14,0.0016577437
2026-01-15,0.001826629
2026-01-16,0.0017844134
2026-01-19,0.0019187601
2026-01-20,0.0020330448
2026-01-21,0.0019795713
2026-01-22,0.002129398
2026-01-23,0.002040343
2026-01-26,0.002168375
2026-01-27,0.0020199812
2026-01-28,0.0026088124
2026-01-29,0.002354903
2026-01-30,0.0020535965
2026-02-02,0.0021123441
2026-02-03,0.001040352
2026-02-04,0.002401097
2026-02-05,0.0007862057
2026-02-06,0.0007056477
2026-02-09,0.0015313816
2026-02-10,0.0010780015
2026-02-11,0.0018352757
2026-02-12,0.0020250988
2026-02-13,0.0021303906
2026-02-23,0.001177991
2026-02-24,0.0012264799
2026-02-25,0.0010710307
2026-02-26,0.0011684119
