date,risk_score,risk_z,risk_regime
2018-08-30,0.0005132905,0.0,NORMAL
2018-08-31,0.0005674864,0.0,NORMAL
2018-09-04,0.0007445761,0.0,NORMAL
2018-09-05,0.000648943,0.0,NORMAL
2018-09-06,0.0001593486,0.0,NORMAL
2018-09-07,0.0020616658,0.0,NORMAL
2018-09-10,0.0035044975,0.0,NORMAL
2018-09-11,0.0019444984,0.0,NORMAL
2018-09-12,0.0012312564,0.0,NORMAL
2018-09-13,0.00016653677,0.0,NORMAL
2018-09-14,7.63135e-05,0.0,NORMAL
2018-09-17,0.00036835764,0.0,NORMAL
2018-09-18,0.0003782285,0.0,NORMAL
2018-09-19,0.00018151244,0.0,NORMAL
2018-09-20,0.001627926,0.0,NORMAL
2018-09-21,0.00025778916,0.0,NORMAL
2018-09-24,0.00047807163,0.0,NORMAL
2018-09-25,0.0006529442,0.0,NORMAL
2018-09-26,0.00069390587,0.0,NORMAL
2018-09-27,0.0071235066,0.0,NORMAL
2018-09-28,0.0027467334,0.0,NORMAL
2018-10-01,0.00031372928,0.0,NORMAL
2018-10-02,0.00050761516,0.0,NORMAL
2018-10-03,0.00010507705,0.0,NORMAL
2018-10-04,0.00041714683,0.0,NORMAL
2018-10-05,0.0003308591,0.0,NORMAL
2018-10-08,0.00046493392,0.0,NORMAL
2018-10-09,0.0006392242,0.0,NORMAL
2018-10-10,0.0008118013,0.0,NORMAL
2018-10-11,0.00096315145,0.0,NORMAL
2018-10-12,0.00093392725,0.0,NORMAL
2018-10-15,0.00068350974,0.0,NORMAL
2018-10-16,0.00082778325,0.0,NORMAL
2018-10-17,0.0008590347,0.0,NORMAL
2018-10-18,0.0006073625,0.0,NORMAL
2018-10-19,0.0010536364,0.0,NORMAL
2018-10-22,0.00075711333,0.0,NORMAL
2018-10-23,0.00094645517,0.0,NORMAL
2018-10-24,0.0007630745,0.0,NORMAL
2018-10-25,0.00041970122,0.0,NORMAL
2018-10-26,0.0010972458,0.0,NORMAL
2018-10-29,0.003828533,0.0,NORMAL
2018-10-30,0.0023370814,0.0,NORMAL
2018-10-31,0.0019783154,0.0,NORMAL
2018-11-01,0.010075219,0.0,NORMAL
2018-11-02,0.0050008213,0.0,NORMAL
2018-11-05,0.004478879,0.0,NORMAL
2018-11-06,0.004737438,0.0,NORMAL
2018-11-07,0.0014297643,0.0,NORMAL
2018-11-08,0.0009171851,0.0,NORMAL
2018-11-09,0.0021669185,0.0,NORMAL
2018-11-12,0.0015634475,0.0,NORMAL
2018-11-13,0.0012407787,0.0,NORMAL
2018-11-14,0.001412129,0.0,NORMAL
2018-11-15,0.0012694774,0.0,NORMAL
2018-11-16,0.001112689,0.0,NORMAL
2018-11-19,0.0010089714,0.0,NORMAL
2018-11-20,0.0008818263,0.0,NORMAL
2018-11-21,0.00094281044,0.0,NORMAL
2018-11-22,3.4321798e-05,-0.7900939619639353,NORMAL
2018-11-23,0.0009588711,-0.27289449457240306,NORMAL
2018-11-26,0.00011510099,-0.74369902969699,NORMAL
2018-11-27,0.000192296,-0.6930005714335353,NORMAL
2018-11-28,0.0005842673,-0.4718664327327953,NORMAL
2018-11-29,0.0013199658,-0.0694903902054738,NORMAL
2018-11-30,0.0011251878,-0.17077901250343067,NORMAL
2018-12-03,0.00088316994,-0.2860531484095961,NORMAL
2018-12-04,0.0010261692,-0.1957009190579767,NORMAL
2018-12-05,0.0023264405,0.535992950355017,NORMAL
2018-12-06,0.00097552035,-0.24310917508043867,NORMAL
2018-12-07,0.00055653066,-0.48897068094395424,NORMAL
2018-12-10,0.0021685632,0.4199862693147925,NORMAL
2018-12-11,0.0041765403,1.5124574606182861,HIGH
2018-12-12,0.0028604674,0.7431409822663108,NORMAL
2018-12-13,0.00056418544,-0.543815768534757,NORMAL
2018-12-14,0.0027557327,0.6690908102735799,NORMAL
2018-12-17,0.0004361882,-0.6392960732507739,NORMAL
2018-12-18,0.00011911651,-0.8104115896671923,NORMAL
2018-12-19,0.00062988396,-0.5224654587321456,NORMAL
2018-12-20,0.0012946811,-0.10328467114427718,NORMAL
2018-12-21,0.00082090124,-0.3771184056582665,NORMAL
2018-12-24,1.0195887e-05,-0.8736311656802377,NORMAL
2018-12-25,0.0006053094,-0.507459563764007,NORMAL
2018-12-26,0.0010376009,-0.25130632034325995,NORMAL
2018-12-27,0.0007746003,-0.4191717616877033,NORMAL
2018-12-28,0.0009454754,-0.3202701119973011,NORMAL
2019-01-02,0.00034841383,-0.6912612833419812,NORMAL
2019-01-03,0.0002029771,-0.7751545826973917,NORMAL
2019-01-04,0.00045932876,-0.6109114391831789,NORMAL
2019-01-07,0.0007015858,-0.4573319737459135,NORMAL
2019-01-08,0.000878348,-0.34706736354099466,NORMAL
2019-01-09,0.0004115221,-0.6327183044764396,NORMAL
2019-01-10,4.157657e-06,-0.8717100315672915,NORMAL
2019-01-11,7.991423e-05,-0.8132322015732072,NORMAL
2019-01-14,0.000529733,-0.5365370448047534,NORMAL
2019-01-15,0.0021603736,0.45050981095886505,NORMAL
2019-01-16,0.0011120818,-0.19465833385639084,NORMAL
2019-01-17,0.0034293854,1.1855503963325895,HIGH
2019-01-18,0.0055305026,2.3006867591506106,HIGH
2019-01-21,0.003865132,1.2906405438222477,HIGH
2019-01-22,0.0012892978,-0.18425949962199129,NORMAL
2019-01-23,0.0001029768,-0.8341045294747275,NORMAL
2019-01-24,0.0015944096,0.0332245955990377,NORMAL
2019-01-25,0.0009132095,-0.34990151949657866,NORMAL
2019-01-28,0.0006422403,-0.5446525854220018,NORMAL
2019-01-29,0.00038863532,-0.7243268462884032,NORMAL
2019-01-30,0.00037035416,-0.7234669855211582,NORMAL
2019-01-31,0.00062967837,-0.4815441121650919,NORMAL
2019-02-01,0.0006882283,-0.4153091836184228,NORMAL
2019-02-11,0.0006977469,-0.40266130654715726,NORMAL
2019-02-12,0.0006373662,-0.4377698985446027,NORMAL
2019-02-13,0.0007496211,-0.32061037112374213,NORMAL
2019-02-14,0.0007172078,-0.34243304788102863,NORMAL
2019-02-15,0.00054997485,-0.4844263500250788,NORMAL
2019-02-18,0.00042372872,-0.5873293372689874,NORMAL
2019-02-19,3.8720667e-05,-0.92161915564287,NORMAL
2019-02-20,0.00020225183,-0.7546635502522374,NORMAL
2019-02-21,0.0006682791,-0.32343957132894147,NORMAL
2019-02-22,0.00071243756,-0.27924541511363715,NORMAL
2019-02-25,0.00067157927,-0.32842807816267117,NORMAL
2019-02-26,0.00081120874,-0.1973418838099036,NORMAL
2019-02-27,0.0010851328,0.04051952531603555,NORMAL
2019-02-28,0.0012171869,0.14792058698226548,NORMAL
2019-03-01,0.0009904024,-0.06993919514796645,NORMAL
2019-03-04,0.0018737069,0.7431164324959578,NORMAL
2019-03-05,0.0009148214,-0.14521602566232827,NORMAL
2019-03-06,0.0039698454,2.501073437796379,HIGH
2019-03-07,0.002370366,1.0659227600931938,HIGH
2019-03-08,0.00034115545,-0.6738114521583449,NORMAL
2019-03-11,0.00010912097,-0.8586669088032135,NORMAL
2019-03-12,0.00043019955,-0.5772883516305292,NORMAL
2019-03-13,0.0004457084,-0.5416032629877978,NORMAL
2019-03-14,0.0002509111,-0.6974687920448104,NORMAL
2019-03-15,0.00010587135,-0.8062369046791059,NORMAL
2019-03-18,0.00058726245,-0.3496718976005407,NORMAL
2019-03-19,1.665391e-05,-0.8646379186658217,NORMAL
2019-03-20,0.0033166124,2.190620856991208,HIGH
2019-03-21,0.0013137627,0.3133721633513647,NORMAL
2019-03-22,0.0007973979,-0.17103558267202187,NORMAL
2019-03-25,0.006540333,3.0,HIGH
2019-03-26,0.0044930596,2.4690604176936466,HIGH
2019-03-27,0.0032710033,1.5105470708908955,HIGH
2019-03-28,0.0004756872,-0.5103418883215886,NORMAL
2019-03-29,0.001408529,0.15971992350450065,NORMAL
2019-04-01,0.0020368835,0.5974387175272893,NORMAL
2019-04-02,0.0035111532,1.594439985948934,HIGH
2019-04-03,0.00019158912,-0.7449968055925996,NORMAL
2019-04-04,0.0009841099,-0.19655815733910323,NORMAL
2019-04-05,0.0013696726,0.06577042034400597,NORMAL
2019-04-08,0.001406377,0.08359851092496705,NORMAL
2019-04-09,0.001292929,-0.0019399450016056301,NORMAL
2019-04-10,0.0012736255,-0.02597631127736153,NORMAL
2019-04-11,0.00084293634,-0.3455540962337512,NORMAL
2019-04-12,0.0006830343,-0.46998783885476,NORMAL
2019-04-16,0.0008666115,-0.3421635752448747,NORMAL
2019-04-17,0.0004993356,-0.5878248368093331,NORMAL
2019-04-18,0.00052642915,-0.5597500152794704,NORMAL
2019-04-19,0.00027552363,-0.7144112124798134,NORMAL
2019-04-22,0.0013402184,0.12908802897655983,NORMAL
2019-04-23,0.00055391155,-0.47807148013020867,NORMAL
2019-04-24,0.00016645016,-0.7829148802632174,NORMAL
2019-04-25,2.4573063e-05,-0.8991961049159941,NORMAL
2019-04-26,0.000117986,-0.7976776115039593,NORMAL
2019-05-02,0.000347842,-0.5975272481060074,NORMAL
2019-05-03,0.00048359064,-0.4826623329277167,NORMAL
2019-05-06,0.0005275165,-0.44873290839714186,NORMAL
2019-05-07,0.0015003225,0.3406479515141839,NORMAL
2019-05-08,0.0009631221,-0.10907480146128679,NORMAL
2019-05-09,0.00060712267,-0.4030171757693617,NORMAL
2019-05-10,0.0009557125,-0.11770962902360282,NORMAL
2019-05-13,0.001975358,0.7075381838788654,NORMAL
2019-05-14,0.00040131435,-0.5882383135136497,NORMAL
2019-05-15,0.000724806,-0.32138306008974543,NORMAL
2019-05-16,0.0008006003,-0.26261216441385776,NORMAL
2019-05-17,0.0005603335,-0.463501153190126,NORMAL
2019-05-20,0.0006089143,-0.4334807221267649,NORMAL
2019-05-21,0.0004968294,-0.5322147985436205,NORMAL
2019-05-22,0.0002953601,-0.6930520257111975,NORMAL
2019-05-23,0.0002901405,-0.6894140250973438,NORMAL
2019-05-24,0.0033802516,1.78567369139117,HIGH
2019-05-27,0.0004588326,-0.5654286630889251,NORMAL
2019-05-28,2.3114728e-05,-0.8957636222566172,NORMAL
2019-05-29,0.0005989985,-0.4264004953705289,NORMAL
2019-05-30,0.00069897994,-0.3423940458584956,NORMAL
2019-05-31,0.00055340375,-0.441564923395911,NORMAL
2019-06-03,0.0005795611,-0.41567262707611247,NORMAL
2019-06-04,0.000467984,-0.47936611494120757,NORMAL
2019-06-05,0.00025433395,-0.6328277322304889,NORMAL
2019-06-06,0.0006831838,-0.27762592950496345,NORMAL
2019-06-07,0.00051623234,-0.4254645429944246,NORMAL
2019-06-10,0.00026452937,-0.6350659372441059,NORMAL
2019-06-11,0.005617663,3.0,HIGH
2019-06-12,0.00065031834,-0.34819997514423046,NORMAL
2019-06-13,0.0029526632,1.3466348831442732,HIGH
2019-06-14,0.006955485,3.0,HIGH
2019-06-17,0.0027047293,0.9135234754716216,NORMAL
2019-06-18,0.000181098,-0.7104261135826933,NORMAL
2019-06-19,0.0009830939,-0.1765442899347152,NORMAL
2019-06-20,0.0010820422,-0.11435797452619244,NORMAL
2019-06-21,0.00010136794,-0.7747781229490985,NORMAL
2019-06-24,0.00016963691,-0.7063793669595758,NORMAL
2019-06-25,0.0006536809,-0.3024547926543647,NORMAL
2019-06-26,0.0007649213,-0.2176490814505613,NORMAL
2019-06-27,0.0008837872,-0.1155590968979455,NORMAL
2019-06-28,0.00080111204,-0.16619018386534767,NORMAL
2019-07-01,0.00075180153,-0.17506841428846645,NORMAL
2019-07-02,0.00071516726,-0.2136255580575233,NORMAL
2019-07-03,0.0006909822,-0.22968893075887203,NORMAL
2019-07-04,0.0006625154,-0.24377260068899703,NORMAL
2019-07-05,0.00063891336,-0.253003876978207,NORMAL
2019-07-08,0.00029492518,-0.526564191291248,NORMAL
2019-07-09,0.00013070693,-0.6462025425935692,NORMAL
2019-07-10,0.0014228956,0.4234635072211937,NORMAL
2019-07-11,0.0008882026,-0.02493477358711111,NORMAL
2019-07-12,0.00064655,-0.22320961489095906,NORMAL
2019-07-15,0.0006925545,-0.1876991777032542,NORMAL
2019-07-16,0.0018291473,0.7390557314887716,NORMAL
2019-07-17,0.00092663476,-0.01965327887266151,NORMAL
2019-07-18,0.00039760303,-0.4467843822719048,NORMAL
2019-07-19,0.0012488868,0.25203080029134106,NORMAL
2019-07-22,0.001748529,0.6460002827233822,NORMAL
2019-07-23,0.00470599,2.838910936713302,HIGH
2019-07-24,0.00115804,0.07037252613085765,NORMAL
2019-07-25,0.00081289606,-0.20541120923571163,NORMAL
2019-07-26,0.0010265736,-0.04548339043605985,NORMAL
2019-07-29,0.0014336738,0.2618814287888698,NORMAL
2019-07-30,0.0011825429,0.06914878366983329,NORMAL
2019-07-31,6.398244e-05,-0.7927432960398753,NORMAL
2019-08-01,9.635056e-05,-0.7579413463025052,NORMAL
2019-08-02,0.00037942454,-0.5290799439266493,NORMAL
2019-08-05,0.0004444942,-0.45995842848696195,NORMAL
2019-08-06,0.003213767,1.6229777140125348,HIGH
2019-08-07,0.000117051066,-0.7248613013594564,NORMAL
2019-08-08,0.00094535016,-0.09836525800105131,NORMAL
2019-08-09,0.00017126976,-0.6790169775313415,NORMAL
2019-08-12,0.00022126362,-0.6347411012715333,NORMAL
2019-08-13,0.000111217494,-0.7109724326518159,NORMAL
2019-08-14,0.0015801573,0.37938337926778803,NORMAL
2019-08-15,0.007505617,3.0,HIGH
2019-08-16,0.0022397651,0.6893202799647004,NORMAL
2019-08-19,0.0011635129,-0.01724225445269793,NORMAL
2019-08-20,0.002818606,1.0250062519494427,HIGH
2019-08-21,0.0012210191,-0.016840828531131634,NORMAL
2019-08-22,5.0453236e-05,-0.7663060584846347,NORMAL
2019-08-23,0.00038744812,-0.5462337923976006,NORMAL
2019-08-26,0.0006411001,-0.38321580646860653,NORMAL
2019-08-27,0.0014953522,0.15776863521753093,NORMAL
2019-08-28,0.0007972163,-0.3007038447397644,NORMAL
2019-08-29,0.0007533778,-0.33000126570786825,NORMAL
2019-08-30,0.00067220745,-0.38466421942358103,NORMAL
2019-09-03,0.0006841428,-0.3823657298773876,NORMAL
2019-09-04,3.2427837e-05,-0.7992141244333945,NORMAL
2019-09-05,6.1003957e-05,-0.7693808340729077,NORMAL
2019-09-06,0.00030067295,-0.5782243371121422,NORMAL
2019-09-09,0.00027296646,-0.6140316235304515,NORMAL
2019-09-10,0.00056429836,-0.3482667795579707,NORMAL
2019-09-11,0.00086487597,-0.1047512353731857,NORMAL
2019-09-12,0.0005561304,-0.3597328028071639,NORMAL
2019-09-13,0.00020409282,-0.6428264958874523,NORMAL
2019-09-16,0.0015873117,0.5032523205700947,NORMAL
2019-09-17,0.0018684338,0.7166325517543418,NORMAL
2019-09-18,0.0014369381,0.341113458473487,NORMAL
2019-09-19,0.008617717,3.0,HIGH
2019-09-20,0.0019990958,0.530584137907707,NORMAL
2019-09-23,0.0009937269,-0.12474998518815711,NORMAL
2019-09-24,0.0003179476,-0.558163787569688,NORMAL
2019-09-25,7.383106e-05,-0.7070666081850848,NORMAL
2019-09-26,0.00036363304,-0.5154602578772216,NORMAL
2019-09-27,0.0006140177,-0.353273523319726,NORMAL
2019-09-30,0.00066559063,-0.3203112475500192,NORMAL
2019-10-01,0.0003836006,-0.5035097232357808,NORMAL
2019-10-02,0.0009695068,-0.1347172426192611,NORMAL
2019-10-03,0.0009047701,-0.17106953840031727,NORMAL
2019-10-04,0.0010343422,-0.08869700751225057,NORMAL
2019-10-07,0.00075917784,-0.268375982898123,NORMAL
2019-10-08,0.0006863014,-0.3155578092794659,NORMAL
2019-10-09,0.00071563805,-0.28474698873207044,NORMAL
2019-10-10,0.00045983493,-0.44503364911545135,NORMAL
2019-10-11,0.0007354487,-0.2704633659555534,NORMAL
2019-10-14,0.00015079184,-0.6357736030361985,NORMAL
2019-10-15,0.0021483805,0.6502042992698508,NORMAL
2019-10-16,0.0012815082,0.1339681213250823,NORMAL
2019-10-17,3.4501194e-05,-0.6943054261802122,NORMAL
2019-10-18,0.00049038045,-0.3830833918759437,NORMAL
2019-10-21,0.002542994,0.9736678981008935,NORMAL
2019-10-22,0.0010930148,0.009344013292482354,NORMAL
2019-10-23,0.00087876804,-0.13037497915170526,NORMAL
2019-10-24,0.0011229762,0.02103030647539206,NORMAL
2019-10-25,0.0015103114,0.2658174237477017,NORMAL
2019-10-28,0.0011931178,0.04339922628467747,NORMAL
2019-10-29,0.00037452718,-0.507466826565774,NORMAL
2019-10-30,0.00036009517,-0.4925891453161626,NORMAL
2019-10-31,0.00018460373,-0.6137417783853097,NORMAL
2019-11-01,3.860821e-05,-0.7004126575754639,NORMAL
2019-11-04,0.0006253943,-0.3062848941854183,NORMAL
2019-11-05,0.0021943534,0.7420492850447741,NORMAL
2019-11-06,0.00051319157,-0.41029744858563993,NORMAL
2019-11-07,0.00023151631,-0.5863200075515698,NORMAL
2019-11-08,0.00036517344,-0.5046645081091488,NORMAL
2019-11-11,0.00029596966,-0.5391455789383681,NORMAL
2019-11-12,0.00024564145,-0.567097663046437,NORMAL
2019-11-13,0.0009683431,0.06425110437389525,NORMAL
2019-11-14,0.0010022866,0.09643356795596261,NORMAL
2019-11-15,0.0006349494,-0.22693247274259237,NORMAL
2019-11-18,0.00094109704,0.028044914656258364,NORMAL
2019-11-19,0.00085262884,-0.0510927561945958,NORMAL
2019-11-20,0.0006221335,-0.23728611205518185,NORMAL
2019-11-21,0.0004328899,-0.3946450463593833,NORMAL
2019-11-22,0.00027630012,-0.5214211161026181,NORMAL
2019-11-25,0.00044510816,-0.3728528242111282,NORMAL
2019-11-26,0.00061150524,-0.22899145370370608,NORMAL
2019-11-27,0.0010629864,0.14421018270189626,NORMAL
2019-11-28,0.0063176285,3.0,HIGH
2019-11-29,0.00097237085,-0.028746347967493185,NORMAL
2019-12-02,0.0007904577,-0.17061505411844896,NORMAL
2019-12-03,0.0019773874,0.6929916137847955,NORMAL
2019-12-04,0.000114161754,-0.6773927005189716,NORMAL
2019-12-05,0.0005469711,-0.35740402606142085,NORMAL
2019-12-06,0.0005929684,-0.32895460799764153,NORMAL
2019-12-09,0.00018970063,-0.6093185535025458,NORMAL
2019-12-10,0.0005035538,-0.36128001013487343,NORMAL
2019-12-11,4.1979365e-07,-0.7139318433883994,NORMAL
2019-12-12,0.0001941236,-0.6937729409622813,NORMAL
2019-12-13,0.005286431,3.0,HIGH
2019-12-16,0.0023949256,1.371620150932087,HIGH
2019-12-17,3.3346703e-05,-0.7954909024363397,NORMAL
2019-12-18,0.0021618037,1.1193599606907194,HIGH
2019-12-19,0.00035228906,-0.5313244542428729,NORMAL
2019-12-20,0.00035348674,-0.5254048140544505,NORMAL
2019-12-23,0.0006102214,-0.290674027316571,NORMAL
2019-12-24,0.00072237966,-0.19403970063443196,NORMAL
2019-12-25,0.0009101294,-0.021870994537265754,NORMAL
2019-12-26,0.00033990922,-0.5321423824719269,NORMAL
2019-12-27,0.0011370908,0.19167801631552572,NORMAL
2019-12-30,0.0011248037,0.17494432148375877,NORMAL
2019-12-31,0.0011402355,0.18212704588488057,NORMAL
2020-01-02,0.0009131362,-0.027503699382309336,NORMAL
2020-01-03,0.0007882451,-0.14637525275073413,NORMAL
2020-01-06,0.0006746303,-0.24896217469050075,NORMAL
2020-01-07,0.0008230717,-0.12444408703367504,NORMAL
2020-01-08,0.0006015259,-0.3065460546174675,NORMAL
2020-01-09,0.00079580606,-0.11961657857682717,NORMAL
2020-01-10,0.00075217127,-0.17199931710865093,NORMAL
2020-01-13,0.0007875308,-0.1439074538415017,NORMAL
2020-01-14,0.0020907815,1.0868140526177918,HIGH
2020-01-15,0.0011476493,0.19944237084436106,NORMAL
2020-01-16,0.00012289325,-0.7481619012431369,NORMAL
2020-01-17,0.0012873998,0.33817561856748996,NORMAL
2020-01-20,0.0019080762,0.9079217555529717,NORMAL
2020-01-21,0.001240181,0.2857477347005331,NORMAL
2020-01-22,0.0009238608,-0.01704471565286759,NORMAL
2020-01-30,0.001917304,0.8812939218421879,NORMAL
2020-01-31,0.005833249,3.0,HIGH
2020-02-03,0.0025069145,1.1245491006781605,HIGH
2020-02-04,0.010583803,3.0,HIGH
2020-02-05,0.006676523,2.840365106824631,HIGH
2020-02-06,0.005918445,2.2826580069073534,HIGH
2020-02-07,0.0025514783,0.5494257552676581,NORMAL
2020-02-10,0.00061553926,-0.4392557048636529,NORMAL
2020-02-11,0.001018431,-0.2405913068738465,NORMAL
2020-02-12,0.0014214015,-0.04474501857440684,NORMAL
2020-02-13,0.0017616209,0.12308179990293948,NORMAL
2020-02-14,0.0041432343,1.3001547437307988,HIGH
2020-02-17,0.0024654707,0.43576023756582916,NORMAL
2020-02-18,0.00012813776,-0.7378723589142032,NORMAL
2020-02-19,0.00033054943,-0.6299873809900458,NORMAL
2020-02-20,0.001217131,-0.18914941784897407,NORMAL
2020-02-21,0.0010485288,-0.2799484829588612,NORMAL
2020-02-24,0.0009880243,-0.3174665894515375,NORMAL
2020-02-25,0.0025666775,0.46515816962032536,NORMAL
2020-02-26,0.001209663,-0.22883083634979137,NORMAL
2020-02-27,0.0009978537,-0.33589029223324307,NORMAL
2020-02-28,0.00013748603,-0.7546682465812574,NORMAL
2020-03-02,0.0010735027,-0.25756256136358163,NORMAL
2020-03-03,0.00070421584,-0.4531999541414974,NORMAL
2020-03-04,0.00032488257,-0.6384029881985046,NORMAL
2020-03-05,0.00014043995,-0.7365991429640298,NORMAL
2020-03-06,0.00033226865,-0.6322267569666933,NORMAL
2020-03-09,0.0010174266,-0.27328541111052873,NORMAL
2020-03-10,0.0031191139,0.8150836712229315,NORMAL
2020-03-11,0.00086530484,-0.3832017022420466,NORMAL
2020-03-12,0.00077974633,-0.4374760353507896,NORMAL
2020-03-13,0.00047265063,-0.6047277734722438,NORMAL
2020-03-16,8.806656e-05,-0.7864422288767849,NORMAL
2020-03-17,0.0013992405,-0.05640844684828901,NORMAL
2020-03-18,0.0016048644,0.042698291979939365,NORMAL
2020-03-19,0.0029396508,0.7719759428794917,NORMAL
2020-03-20,5.1436247e-05,-0.8174335800743954,NORMAL
2020-03-23,0.0002609581,-0.7007890311467316,NORMAL
2020-03-24,0.0010334875,-0.2799147422688895,NORMAL
2020-03-25,0.0008575227,-0.3783549539025903,NORMAL
2020-03-26,0.0007365043,-0.4432200634177686,NORMAL
2020-03-27,0.0011136506,-0.24324754647988003,NORMAL
2020-03-30,0.0012906552,-0.14682034912657307,NORMAL
2020-03-31,0.001498203,-0.03547603367440126,NORMAL
2020-04-01,0.0007326789,-0.45476643249348603,NORMAL
2020-04-03,0.0018553047,0.15714705118805122,NORMAL
2020-04-06,0.0035889596,1.0810357334998184,HIGH
2020-04-07,0.003065641,0.7699865909641354,NORMAL
2020-04-08,0.0007846181,-0.47708966310410955,NORMAL
2020-04-09,0.0010745542,-0.32349799102315785,NORMAL
2020-04-10,0.00055351434,-0.6060240109412448,NORMAL
2020-04-13,0.00026278477,-0.7584943888678467,NORMAL
2020-04-14,1.2517441e-05,-0.883713245499001,NORMAL
2020-04-15,0.00041287916,-0.6490839226715832,NORMAL
2020-04-16,0.00011693267,-0.7960443827728383,NORMAL
2020-04-17,0.0013822648,-0.12642629598079788,NORMAL
2020-04-20,0.0011765782,-0.23676272600098985,NORMAL
2020-04-21,0.0007994287,-0.43036107484882813,NORMAL
2020-04-22,0.0015657647,-0.018962544421712954,NORMAL
2020-04-23,0.0014781009,-0.07145048274309253,NORMAL
2020-04-24,0.0009144228,-0.36726221449667407,NORMAL
2020-04-27,0.00011961127,-0.7779051432096007,NORMAL
2020-04-28,0.00031060586,-0.6489222279848166,NORMAL
2020-04-29,0.00036271906,-0.7066899121902379,NORMAL
2020-05-04,0.0002729448,-0.8183867016027142,NORMAL
2020-05-05,0.0006739872,-0.4569027763782018,NORMAL
2020-05-06,0.0005898457,-0.5224933389409155,NORMAL
2020-05-07,0.0007252828,-0.3757034334061836,NORMAL
2020-05-08,0.00049292925,-0.6200881319260431,NORMAL
2020-05-11,0.00026678038,-0.8433296770128975,NORMAL
2020-05-12,0.00034960848,-0.7276561770203852,NORMAL
2020-05-13,0.00032197405,-0.7664882420313872,NORMAL
2020-05-14,0.00031144684,-0.7544342341081302,NORMAL
2020-05-15,0.00079145865,-0.1696638238657129,NORMAL
2020-05-18,0.0009959727,0.07443590562138075,NORMAL
2020-05-19,0.0010618754,0.16129982226380934,NORMAL
2020-05-20,0.0018625187,1.1458063038204842,HIGH
2020-05-21,0.0011315949,0.22676600765543642,NORMAL
2020-05-22,0.00056041405,-0.4626278287044667,NORMAL
2020-05-25,0.0021158229,1.5065953436137847,HIGH
2020-05-26,0.001142587,0.26455487598885025,NORMAL
2020-05-27,0.0011745733,0.28560179588589235,NORMAL
2020-05-28,0.001035938,0.10858517010535082,NORMAL
2020-05-29,0.000828441,-0.16036535926121104,NORMAL
2020-06-01,0.00077492185,-0.23992740730370962,NORMAL
2020-06-02,0.00045485864,-0.6636038951974029,NORMAL
2020-06-03,0.0006760501,-0.3856969702478392,NORMAL
2020-06-04,0.0006840243,-0.36763529236425946,NORMAL
2020-06-05,0.0006754508,-0.3499901808437423,NORMAL
2020-06-08,0.00019972911,-0.9917352450376947,NORMAL
2020-06-09,0.004613814,3.0,HIGH
2020-06-10,0.0022232453,1.3872752089688987,HIGH
2020-06-11,0.00010839279,-1.026841327110728,LOW
2020-06-12,0.00422281,3.0,HIGH
2020-06-15,0.0035591354,2.426262261022508,HIGH
2020-06-16,0.00052880356,-0.5229195488866875,NORMAL
2020-06-17,0.0002959813,-0.7646544963551936,NORMAL
2020-06-18,0.00023856526,-0.822138440032453,NORMAL
2020-06-19,0.0003404955,-0.7042787557514663,NORMAL
2020-06-22,0.0005802163,-0.45739067951687834,NORMAL
2020-06-23,0.00050220056,-0.5310676836134525,NORMAL
2020-06-24,0.0006598267,-0.3647567253435103,NORMAL
2020-06-25,0.00082044536,-0.1958038417054566,NORMAL
2020-06-26,0.0009764321,-0.030593083874686084,NORMAL
2020-06-29,0.00078615267,-0.22288629142799515,NORMAL
2020-06-30,0.00475596,3.0,HIGH
2020-07-01,0.0005287824,-0.45304230439657595,NORMAL
2020-07-02,0.00030220952,-0.6441947701031182,NORMAL
2020-07-03,4.6102796e-06,-0.916841008771676,NORMAL
2020-07-06,0.0012498058,0.29282335914455565,NORMAL
2020-07-07,0.00032588362,-0.6016262103488454,NORMAL
2020-07-08,0.00013590185,-0.7829570651782686,NORMAL
2020-07-09,0.0010950933,0.13089635304159802,NORMAL
2020-07-10,0.0005996623,-0.356562495736186,NORMAL
2020-07-13,0.00042245467,-0.536731587803944,NORMAL
2020-07-14,0.0012912713,0.31769433404078384,NORMAL
2020-07-15,0.00082670664,-0.13283762211992534,NORMAL
2020-07-16,0.00037264125,-0.5703837472825136,NORMAL
2020-07-17,0.00056886114,-0.3625751756382807,NORMAL
2020-07-20,0.00074582244,-0.17726226937197395,NORMAL
2020-07-21,0.00052784337,-0.3848727991759795,NORMAL
2020-07-22,0.0006000502,-0.32323156456031193,NORMAL
2020-07-23,0.0005634872,-0.3642246851519677,NORMAL
2020-07-24,0.00048707402,-0.44230503815204547,NORMAL
2020-07-27,0.0015144395,0.5548483912115841,NORMAL
2020-07-28,0.00090723485,-0.05077726014696626,NORMAL
2020-07-29,0.00068758824,-0.27034424392512213,NORMAL
2020-07-30,0.00039780163,-0.5512523339247627,NORMAL
2020-07-31,0.000389016,-0.5577421880182932,NORMAL
2020-08-03,0.000359623,-0.5889276922573533,NORMAL
2020-08-04,0.003572289,2.4152755032134308,HIGH
2020-08-05,0.0008177381,-0.18774854872603056,NORMAL
2020-08-06,0.0001347299,-0.8286965985258754,NORMAL
2020-08-07,0.0005617447,-0.4218936522371003,NORMAL
2020-08-10,4.69184e-05,-0.8858950021083346,NORMAL
2020-08-11,0.00012524996,-0.7936880249175943,NORMAL
2020-08-12,0.001365179,0.3695363812038642,NORMAL
2020-08-13,0.0006415476,-0.2991775713994246,NORMAL
2020-08-14,0.0005911635,-0.3467943014683402,NORMAL
2020-08-17,0.000708845,-0.21700093561341416,NORMAL
2020-08-18,0.000695433,-0.22260038627770246,NORMAL
2020-08-19,0.00063483557,-0.27123996195087663,NORMAL
2020-08-20,0.00052705547,-0.36453356772438633,NORMAL
2020-08-21,0.00066270004,-0.23400356330714167,NORMAL
2020-08-24,0.00027760863,-0.5872791524994728,NORMAL
2020-08-25,9.9233e-05,-0.7467942532009326,NORMAL
2020-08-26,0.0010730955,0.15878944617564375,NORMAL
2020-08-27,0.00072008,-0.17234404064492,NORMAL
2020-08-28,0.00069656665,-0.19470646527581012,NORMAL
2020-08-31,0.0028677518,1.7552696704923063,HIGH
2020-09-01,0.0009654927,0.0788096209327465,NORMAL
2020-09-03,0.00081249094,-0.05396697864381433,NORMAL
2020-09-04,0.005856411,3.0,HIGH
2020-09-07,0.00046585593,-0.4017401568072597,NORMAL
2020-09-08,3.7617516e-05,-0.784038691129869,NORMAL
2020-09-09,0.00031117187,-0.5121392516085339,NORMAL
2020-09-10,5.160412e-05,-0.7597250497128073,NORMAL
2020-09-11,0.0007956992,-0.04396301697003428,NORMAL
2020-09-14,0.0008411396,-0.007734109705658634,NORMAL
2020-09-15,0.0015891041,0.705485193466427,NORMAL
2020-09-16,0.0009177197,0.04388351033346909,NORMAL
2020-09-17,0.00079874136,-0.07458154002030876,NORMAL
2020-09-18,0.00068314513,-0.18521021410818952,NORMAL
2020-09-21,0.0005761052,-0.28305204914594445,NORMAL
2020-09-22,0.0013077953,0.42192541485058555,NORMAL
2020-09-23,0.0010407458,0.2556459201256298,NORMAL
2020-09-24,0.0010379264,0.2430502414164615,NORMAL
2020-09-25,0.0009668255,0.15122215505953063,NORMAL
2020-09-28,0.00089257886,0.05138181748135669,NORMAL
2020-09-29,0.00012188731,-0.7983117441753778,NORMAL
2020-09-30,3.668561e-05,-0.885563015863823,NORMAL
2020-10-01,0.0012173019,0.42422815323770635,NORMAL
2020-10-02,0.00024930504,-0.6511625746558911,NORMAL
2020-10-05,0.001288827,0.5056237902920966,NORMAL
2020-10-06,0.0026355684,1.9180483378188984,HIGH
2020-10-07,0.0023531048,1.5599008413035476,HIGH
2020-10-08,0.00085573294,-0.04104138654863507,NORMAL
2020-10-09,0.00021873554,-0.7178802086584063,NORMAL
2020-10-12,0.0010509167,0.16157751665245326,NORMAL
2020-10-13,0.0005860906,-0.3316869887002385,NORMAL
2020-10-14,0.00068523106,-0.22890174590556894,NORMAL
2020-10-15,0.0030008135,2.1165517507519542,HIGH
2020-10-16,0.0012037961,0.2605374964057794,NORMAL
2020-10-19,0.0008674967,-0.09171623087625926,NORMAL
2020-10-20,0.0008371752,-0.11161711373603202,NORMAL
2020-10-21,0.00050871866,-0.44308707727529245,NORMAL
2020-10-22,0.0018177624,0.8811383964363262,NORMAL
2020-10-23,0.0009793425,0.012488396026966551,NORMAL
2020-10-26,0.004035581,2.870323630769364,HIGH
2020-10-27,0.0006543419,-0.3621141840574039,NORMAL
2020-10-28,0.00022656261,-0.75384085460326,NORMAL
2020-10-29,3.793591e-05,-0.9235814805783479,NORMAL
2020-10-30,0.00049648597,-0.4742167691720931,NORMAL
2020-11-02,0.0021225386,1.1171293668651647,HIGH
2020-11-03,0.00048813014,-0.5139216963027994,NORMAL
2020-11-04,0.0002766957,-0.728771693714475,NORMAL
2020-11-05,0.00096502434,-0.03435135831736996,NORMAL
2020-11-06,0.0009848173,-0.020297350848333773,NORMAL
2020-11-09,0.006368341,3.0,HIGH
2020-11-10,0.001780717,0.5442404068430279,NORMAL
2020-11-11,0.0005906678,-0.4332017854313125,NORMAL
2020-11-12,0.00053342734,-0.4785842467167806,NORMAL
2020-11-13,3.650342e-05,-0.8761556148371192,NORMAL
2020-11-16,0.00032227836,-0.6362542273015499,NORMAL
2020-11-17,0.0003610386,-0.6062058616555404,NORMAL
2020-11-18,0.0006778268,-0.3570586407286257,NORMAL
2020-11-19,0.0005181732,-0.4795212555289039,NORMAL
2020-11-20,0.0065490585,3.0,HIGH
2020-11-23,0.0025927336,0.9596411133122169,NORMAL
2020-11-24,0.0013354996,0.09174197289871647,NORMAL
2020-11-25,0.00085132476,-0.2523688539152832,NORMAL
2020-11-26,0.0007583087,-0.3180259013623063,NORMAL
2020-11-27,2.4326378e-05,-0.8525794995251561,NORMAL
2020-11-30,0.00022950163,-0.6866076250877703,NORMAL
2020-12-01,0.0004143254,-0.5481706495583842,NORMAL
2020-12-02,0.0006856669,-0.3398894292582679,NORMAL
2020-12-03,0.00055165216,-0.45441922901457027,NORMAL
2020-12-04,0.0009537677,-0.13722826493850843,NORMAL
2020-12-07,0.00093206204,-0.15571358042561012,NORMAL
2020-12-08,0.0023993119,0.9921750678111442,NORMAL
2020-12-09,0.00039482792,-0.5805853310398419,NORMAL
2020-12-10,0.0009653722,-0.13396262896841077,NORMAL
2020-12-11,0.0035278816,1.7955707659861235,HIGH
2020-12-14,0.0016946162,0.37773790248707334,NORMAL
2020-12-15,0.0014544269,0.19177735902890258,NORMAL
2020-12-16,0.00015180605,-0.7905246112022866,NORMAL
2020-12-17,0.011150469,3.0,HIGH
2020-12-18,0.003262031,1.0072127342054025,HIGH
2020-12-21,0.00055792276,-0.4488971109239772,NORMAL
2020-12-22,0.00014675851,-0.6709163732313245,NORMAL
2020-12-23,0.000827285,-0.31221467741694253,NORMAL
2020-12-24,0.0019209958,0.27331660023894877,NORMAL
2020-12-25,0.0016817213,0.13138447134292233,NORMAL
2020-12-28,0.0013879084,-0.028992175138703814,NORMAL
2020-12-29,0.0013726461,-0.025945198697961053,NORMAL
2020-12-30,0.0008752579,-0.28393503713826185,NORMAL
2020-12-31,0.0008601092,-0.2922438684086054,NORMAL
2021-01-04,0.0008891176,-0.2833255866947155,NORMAL
2021-01-05,0.0006157274,-0.42841839366991197,NORMAL
2021-01-06,0.00039284374,-0.547981341992971,NORMAL
2021-01-07,0.001039387,-0.19836098778380015,NORMAL
2021-01-08,0.0011911017,-0.09960368216898606,NORMAL
2021-01-11,0.00023766328,-0.61332023893115,NORMAL
2021-01-12,0.000544867,-0.44143215518855045,NORMAL
2021-01-13,0.0006916337,-0.35954670004893613,NORMAL
2021-01-14,0.002268528,0.4877523810124478,NORMAL
2021-01-15,0.0002611524,-0.5954567895163231,NORMAL
2021-01-18,0.00039530313,-0.5158854635035106,NORMAL
2021-01-19,0.001584274,0.15727288874277104,NORMAL
2021-01-20,0.0061048167,2.4774698319106863,HIGH
2021-01-21,0.0033595609,1.0014121578097444,HIGH
2021-01-22,0.00017144182,-0.6670706203033998,NORMAL
2021-01-25,5.4582022e-05,-0.7226351935603471,NORMAL
2021-01-26,0.0031865705,0.8976725990902187,NORMAL
2021-01-27,0.0003403147,-0.5776328764620018,NORMAL
2021-01-28,0.0026999763,0.6249525462260312,NORMAL
2021-01-29,0.004299838,1.4021781936284794,HIGH
2021-02-01,0.0015674303,0.0038370588262845715,NORMAL
2021-02-02,0.0020527544,0.30419892354609734,NORMAL
2021-02-03,0.0013602893,-0.06501736186684783,NORMAL
2021-02-04,0.00082320767,-0.35675905901393024,NORMAL
2021-02-05,0.0004817797,-0.5402584189482796,NORMAL
2021-02-08,0.0013101599,-0.10569624698661935,NORMAL
2021-02-09,0.001170089,-0.1898670336112294,NORMAL
2021-02-17,0.0015901246,0.027432291098973417,NORMAL
2021-02-18,0.00088987517,-0.3567625321042038,NORMAL
2021-02-19,2.0279549e-07,-0.8349576177292489,NORMAL
2021-02-22,0.00094288914,-0.2902541405630634,NORMAL
2021-02-23,0.0010668375,-0.20398047613466574,NORMAL
2021-02-24,0.0009779162,-0.25233102339465735,NORMAL
2021-02-25,2.5583431e-05,-0.7968967327306493,NORMAL
2021-02-26,0.0002047671,-0.6853731115544955,NORMAL
2021-03-01,0.00029872207,-0.634772023188946,NORMAL
2021-03-02,0.00018171384,-0.7020499603071391,NORMAL
2021-03-03,0.00083759776,-0.32588472699671794,NORMAL
2021-03-04,0.00028160377,-0.6440727759443825,NORMAL
2021-03-05,0.00093185063,-0.27063306777523544,NORMAL
2021-03-08,0.0009770459,-0.24459724887230086,NORMAL
2021-03-09,0.0006463977,-0.4336413288144059,NORMAL
2021-03-10,0.0018950042,0.29712446638096673,NORMAL
2021-03-11,0.0010924819,-0.17725909935878195,NORMAL
2021-03-12,0.0011506821,-0.1451474094232064,NORMAL
2021-03-15,0.0006106284,-0.4372093811222539,NORMAL
2021-03-16,0.00029814802,-0.6063550692174592,NORMAL
2021-03-17,0.00044703973,-0.5076415104838938,NORMAL
2021-03-18,0.00108891,-0.14004174262312677,NORMAL
2021-03-19,0.0011384808,-0.018995241183948068,NORMAL
2021-03-22,0.0014075055,0.26213804125311846,NORMAL
2021-03-23,0.00057506165,-0.520184120091349,NORMAL
2021-03-24,0.00019157259,-0.8817463631235456,NORMAL
2021-03-25,0.0007460292,-0.35906906824328655,NORMAL
2021-03-26,0.0007566316,-0.3321475107938456,NORMAL
2021-03-29,0.0009013959,-0.18372423288750217,NORMAL
2021-03-30,0.0014481668,0.3321821279914103,NORMAL
2021-03-31,0.0021478059,0.973780675406803,NORMAL
2021-04-01,0.0011118511,-0.0016261442081556123,NORMAL
2021-04-02,0.00011427293,-0.9197349146800274,NORMAL
2021-04-05,0.0007789936,-0.29840139148164047,NORMAL
2021-04-06,0.0012405268,0.12204178710590177,NORMAL
2021-04-07,0.0007888344,-0.3065153864957235,NORMAL
2021-04-08,0.0008989852,-0.20117019036994535,NORMAL
2021-04-09,0.00092127407,-0.17606873261113706,NORMAL
2021-04-12,0.0011191091,-0.004775479461245802,NORMAL
2021-04-13,0.00035821204,-0.7163932680124407,NORMAL
2021-04-14,0.0020590427,0.8551971848317941,NORMAL
2021-04-15,0.0011268121,0.0018649414097322667,NORMAL
2021-04-16,0.0019906617,0.7899716520736452,NORMAL
2021-04-19,0.0013148908,0.13829493421550276,NORMAL
2021-04-20,0.0020900727,0.8606708831880441,NORMAL
2021-04-22,0.0005266343,-0.6613878176192927,NORMAL
2021-04-23,0.0050975867,3.0,HIGH
2021-04-26,0.00045640138,-0.70227103020456,NORMAL
2021-04-27,0.0016603791,0.5516583810563298,NORMAL
2021-04-28,0.0008823124,-0.25035219752397786,NORMAL
2021-04-29,0.00033546914,-0.86079686279717,NORMAL
2021-05-04,0.002363531,1.4243440634564624,HIGH
2021-05-05,0.0008343498,-0.2671902918279638,NORMAL
2021-05-06,0.00050477847,-0.6664389421896996,NORMAL
2021-05-07,0.0006871638,-0.409384342887846,NORMAL
2021-05-10,0.0009289407,-0.08642829517893671,NORMAL
2021-05-11,0.0012622059,0.3371672403999398,NORMAL
2021-05-12,0.0015201811,0.6501007930179796,NORMAL
2021-05-13,0.00049633905,-0.6614003572294201,NORMAL
2021-05-14,0.0005687247,-0.5533061604372296,NORMAL
2021-05-17,0.0007889583,-0.25228872192040386,NORMAL
2021-05-18,0.00088936044,-0.12180448112477057,NORMAL
2021-05-19,0.0007269867,-0.35317655431670714,NORMAL
2021-05-20,0.0010103658,0.018482592243991302,NORMAL
2021-05-21,0.0009000427,-0.1231232747210232,NORMAL
2021-05-24,0.00070459675,-0.3740233842707458,NORMAL
2021-05-25,0.00026790053,-0.9594235156092883,NORMAL
2021-05-26,0.0014182841,0.5396258545968445,NORMAL
2021-05-27,0.0011292517,0.13715185542285316,NORMAL
2021-05-28,0.0008956811,-0.19453476610827491,NORMAL
2021-05-31,0.0010621848,0.026406011530134922,NORMAL
2021-06-01,0.0007565201,-0.4026727195905266,NORMAL
2021-06-02,0.0017518587,0.9343317146938881,NORMAL
2021-06-03,0.0013544739,0.3853052582709936,NORMAL
2021-06-04,0.0031579537,2.615202903157267,HIGH
2021-06-07,0.00057080726,-0.6675481691541542,NORMAL
2021-06-08,0.0008453135,-0.30933113223720843,NORMAL
2021-06-09,0.0010090441,-0.0961210844074607,NORMAL
2021-06-10,0.0012909891,0.2519080734702085,NORMAL
2021-06-11,0.0013455134,0.3021342187418463,NORMAL
2021-06-14,0.0014432352,0.4094687552588997,NORMAL
2021-06-15,0.0005567132,-0.731961873846789,NORMAL
2021-06-16,0.00045345165,-0.8459506409077583,NORMAL
2021-06-17,0.00043682568,-0.8424129267277115,NORMAL
2021-06-18,0.00049563334,-0.764253873009852,NORMAL
2021-06-21,0.00054279645,-0.71639388576229,NORMAL
2021-06-22,0.0005170717,-0.7424674312064589,NORMAL
2021-06-23,0.00043553417,-0.8368565274590193,NORMAL
2021-06-24,0.000649079,-0.5564485768528395,NORMAL
2021-06-25,0.001048041,-0.03756314721424265,NORMAL
2021-06-28,0.000718812,-0.4354511567471664,NORMAL
2021-06-29,9.098882e-05,-1.2144068618538773,LOW
2021-06-30,0.0009905128,-0.07879642868751334,NORMAL
2021-07-01,0.0022131577,1.4540667886404193,HIGH
2021-07-02,0.0005602633,-0.6411296191451181,NORMAL
2021-07-05,0.0012011307,0.16642810265839314,NORMAL
2021-07-06,0.0026594214,1.9240762458916083,HIGH
2021-07-07,0.0007652403,-0.4092567602812495,NORMAL
2021-07-08,0.001172604,0.0917108855453278,NORMAL
2021-07-09,9.516254e-06,-1.323742308689755,LOW
2021-07-12,0.0043256627,3.0,HIGH
2021-07-13,0.0017913511,0.7108836402521743,NORMAL
2021-07-14,0.0011145581,-0.013296611724200222,NORMAL
2021-07-15,0.008205755,3.0,HIGH
2021-07-16,0.00080459146,-0.3234470788158463,NORMAL
2021-07-19,0.00073969155,-0.3772244315168789,NORMAL
2021-07-20,0.0059980038,3.0,HIGH
2021-07-21,0.00036629965,-0.6527155391212868,NORMAL
2021-07-22,0.00037360215,-0.6295535867056694,NORMAL
2021-07-23,0.0002458091,-0.7143863511020934,NORMAL
2021-07-26,0.0005310043,-0.5051358729042786,NORMAL
2021-07-27,0.001268514,0.05888671695652746,NORMAL
2021-07-28,0.0011359588,-0.04440829804344646,NORMAL
2021-07-29,0.00011033926,-0.8070701930742139,NORMAL
2021-07-30,0.0012979142,0.07435928887198617,NORMAL
2021-08-02,0.0012245292,0.01567603053895813,NORMAL
2021-08-03,0.00094448985,-0.1902405731089937,NORMAL
2021-08-04,0.0010923913,-0.07408320483656304,NORMAL
2021-08-05,0.0008234449,-0.2802963646674252,NORMAL
2021-08-06,0.0008186586,-0.2873667687008294,NORMAL
2021-08-09,8.8221626e-05,-0.8236764365660622,NORMAL
2021-08-10,0.0014628498,0.19765704074468682,NORMAL
2021-08-11,0.0011068832,-0.0735080437568811,NORMAL
2021-08-12,0.00014196872,-0.7814062361753232,NORMAL
2021-08-13,0.001961625,0.5601302506077566,NORMAL
2021-08-16,0.0012864431,0.05099209106983191,NORMAL
2021-08-17,0.00021721725,-0.7439337058062133,NORMAL
2021-08-18,0.008039123,3.0,HIGH
2021-08-19,0.0016495406,0.19500977930924357,NORMAL
2021-08-20,0.0011242657,-0.13424504367478213,NORMAL
2021-08-23,0.0012577139,-0.053215636146720334,NORMAL
2021-08-24,0.00260026,0.7606285777067402,NORMAL
2021-08-25,0.00073867245,-0.3832215009836312,NORMAL
2021-08-26,0.00054251147,-0.49535385318994296,NORMAL
2021-08-27,0.0007347497,-0.3549819807873973,NORMAL
2021-08-30,0.0004560654,-0.5275319138687957,NORMAL
2021-08-31,0.00046400237,-0.517772540489207,NORMAL
2021-09-01,0.00063434313,-0.4072532716207619,NORMAL
2021-09-06,0.00052005844,-0.46949998299094464,NORMAL
2021-09-07,0.0011865529,-0.05376694281795418,NORMAL
2021-09-08,0.00030755298,-0.586427449366828,NORMAL
2021-09-09,0.0015291239,0.1605190302885319,NORMAL
2021-09-10,0.0011047991,-0.1096820819618153,NORMAL
2021-09-13,0.0011387919,-0.09604360242817775,NORMAL
2021-09-14,0.0011097647,-0.12075046368921138,NORMAL
2021-09-15,0.0008951167,-0.25878792702387216,NORMAL
2021-09-16,0.0004944522,-0.5089918278258113,NORMAL
2021-09-17,0.0004630416,-0.5289972535808339,NORMAL
2021-09-20,0.0015524295,0.1428988171709049,NORMAL
2021-09-21,0.0018404049,0.3147290963068049,NORMAL
2021-09-22,0.0008578703,-0.3016187229046366,NORMAL
2021-09-23,0.002446562,0.6692592097600233,NORMAL
2021-09-24,0.0021442734,0.4670650246779062,NORMAL
2021-09-27,0.0004092832,-0.5997342763406569,NORMAL
2021-09-28,0.006022744,2.6780759107225647,HIGH
2021-09-29,0.00026024156,-0.6916362779937736,NORMAL
2021-09-30,0.00022468856,-0.6888817561798389,NORMAL
2021-10-01,0.0005382723,-0.5028276659405791,NORMAL
2021-10-04,0.0025255084,0.6425605454883259,NORMAL
2021-10-05,0.0010797195,-0.21058572547887444,NORMAL
2021-10-06,0.0019354417,0.32131677053932417,NORMAL
2021-10-07,0.00041956105,-0.5727293929171421,NORMAL
2021-10-08,0.0023016357,0.5402503162249319,NORMAL
2021-10-11,0.002211567,0.6434414712046901,NORMAL
2021-10-12,0.0028487672,1.058363351799528,HIGH
2021-10-13,0.0012252666,-0.07930153888046597,NORMAL
2021-10-14,0.0017112303,0.3423546667094475,NORMAL
2021-10-15,0.00010601629,-0.8901082357043112,NORMAL
2021-10-18,0.00069090514,-0.4452666143422935,NORMAL
2021-10-19,0.0014965399,0.16070797941674342,NORMAL
2021-10-20,0.000898398,-0.3083169940158997,NORMAL
2021-10-21,0.00025340845,-0.7918706099098172,NORMAL
2021-10-22,0.0010952314,-0.14097726917276357,NORMAL
2021-10-25,0.001317549,0.0153299060475602,NORMAL
2021-10-26,0.00037014345,-0.706641842114221,NORMAL
2021-10-27,0.0016254,0.2603874289957447,NORMAL
2021-10-28,0.0013061767,0.008587890375661277,NORMAL
2021-10-29,0.0010724592,-0.17219891410966778,NORMAL
2021-11-01,0.00040401332,-0.682609715452871,NORMAL
2021-11-02,0.0005439827,-0.5700060630687576,NORMAL
2021-11-03,0.0006945161,-0.46427232007192526,NORMAL
2021-11-04,0.006185745,3.0,HIGH
2021-11-05,0.00087625836,-0.3422938093552808,NORMAL
2021-11-08,0.0005194964,-0.5968522636999498,NORMAL
2021-11-09,0.00020482298,-0.7929102916702417,NORMAL
2021-11-10,0.00085123116,-0.3380784396931287,NORMAL
2021-11-11,0.00048841373,-0.5945504021984764,NORMAL
2021-11-12,0.0015382925,0.26762682635343576,NORMAL
2021-11-15,0.0010550946,-0.14891102631288472,NORMAL
2021-11-16,0.0008134176,-0.3568091283884841,NORMAL
2021-11-17,0.0011854228,-0.02848694751400367,NORMAL
2021-11-18,0.001501651,0.269102274316883,NORMAL
2021-11-19,0.0011166544,-0.07949922053450699,NORMAL
2021-11-22,0.0008888941,-0.2884411328591007,NORMAL
2021-11-23,0.00055844476,-0.5804266174553556,NORMAL
2021-11-24,0.00074116956,-0.42254566909600705,NORMAL
2021-11-25,0.00078169,-0.3920287990713181,NORMAL
2021-11-26,0.0008932883,-0.2962619464551136,NORMAL
2021-11-29,0.0008087219,-0.3774115309783124,NORMAL
2021-11-30,0.0013440179,0.10228938046591941,NORMAL
2021-12-01,0.0009401804,-0.2723139882665266,NORMAL
2021-12-02,0.0009416599,-0.2621089431590744,NORMAL
2021-12-03,0.0023723496,1.005248406678729,HIGH
2021-12-06,0.0016031608,0.3077256615312774,NORMAL
2021-12-07,0.011443977,3.0,HIGH
2021-12-08,0.0021135565,0.38333260232180816,NORMAL
2021-12-09,0.00268845,0.6944920920249652,NORMAL
2021-12-10,0.0010242297,-0.27530656286485095,NORMAL
2021-12-13,0.0002614701,-0.7025773821690632,NORMAL
2021-12-14,0.0006320551,-0.4759862890157678,NORMAL
2021-12-15,0.00022324407,-0.7035126554147356,NORMAL
2021-12-16,0.00047378894,-0.5406627216874673,NORMAL
2021-12-17,0.00069066463,-0.4019822041977651,NORMAL
2021-12-20,0.00048124255,-0.5233922978294064,NORMAL
2021-12-21,0.00058039883,-0.4413271779292269,NORMAL
2021-12-22,0.001372104,0.03319424380351643,NORMAL
2021-12-23,0.0010284735,-0.18731754334733958,NORMAL
2021-12-24,0.00088601024,-0.2793287458214009,NORMAL
2021-12-27,0.0014199207,0.06276941991665214,NORMAL
2021-12-28,8.0178725e-06,-0.7996444696505121,NORMAL
2021-12-29,0.0007580088,-0.3238495742795287,NORMAL
2021-12-30,0.0008250228,-0.28707186523320233,NORMAL
2021-12-31,0.00080451043,-0.2850919576188212,NORMAL
2022-01-04,0.0009941645,-0.15505963565954145,NORMAL
2022-01-05,0.001445558,0.14201396937122354,NORMAL
2022-01-06,0.0077161053,3.0,HIGH
2022-01-07,0.0032534022,1.0467197269290687,HIGH
2022-01-10,0.0030757557,0.9186008306546193,NORMAL
2022-01-11,0.008631165,3.0,HIGH
2022-01-12,0.00023807143,-0.6225183856637698,NORMAL
2022-01-13,0.0010245244,-0.24000919543410332,NORMAL
2022-01-14,0.007685411,2.7582644228950226,HIGH
2022-01-17,0.0058499863,1.8303862832533657,HIGH
2022-01-18,0.0056863627,1.6833987547166405,HIGH
2022-01-19,0.0043853014,1.0844258537095752,HIGH
2022-01-20,0.0013479153,-0.217481335449786,NORMAL
2022-01-21,0.0008215003,-0.4394113955357858,NORMAL
2022-01-24,0.0007471298,-0.4685233401695494,NORMAL
2022-01-25,0.0029030219,0.43761278756455024,NORMAL
2022-01-26,0.0019213613,0.006704942177036537,NORMAL
2022-01-27,0.0012861909,-0.27123247770179676,NORMAL
2022-01-28,0.0021157917,0.11898819211979696,NORMAL
2022-02-07,0.0015598657,-0.1330978094069852,NORMAL
2022-02-08,0.0010734063,-0.3542098170496055,NORMAL
2022-02-09,0.0008890922,-0.44276408207705603,NORMAL
2022-02-10,7.7072065e-05,-0.796953504417749,NORMAL
2022-02-11,0.00011899229,-0.774048930251698,NORMAL
2022-02-14,0.00033548963,-0.6664808277457509,NORMAL
2022-02-15,0.0010209377,-0.36269669454535775,NORMAL
2022-02-16,0.00071915914,-0.49544244267098697,NORMAL
2022-02-17,0.0011973535,-0.2838957698006618,NORMAL
2022-02-18,0.0007084727,-0.49347792402481855,NORMAL
2022-02-21,0.0005849942,-0.5431843825213426,NORMAL
2022-02-22,0.0007153461,-0.4841430878611213,NORMAL
2022-02-23,0.000861424,-0.4224521537004883,NORMAL
2022-02-24,0.0014118494,-0.18482515799332755,NORMAL
2022-02-25,0.0008524854,-0.4326682578333254,NORMAL
2022-02-28,0.0028662914,0.4429435316403255,NORMAL
2022-03-01,0.0007949838,-0.4724014473731729,NORMAL
2022-03-02,0.0016667717,-0.0895223477825152,NORMAL
2022-03-03,0.00029427698,-0.6897403514338901,NORMAL
2022-03-04,5.962432e-05,-0.7836580673925274,NORMAL
2022-03-07,0.002527711,0.2991703564126247,NORMAL
2022-03-08,0.0005811213,-0.5467280180521646,NORMAL
2022-03-09,0.003043078,0.7085207755628327,NORMAL
2022-03-10,0.00037483033,-0.6704835138680988,NORMAL
2022-03-11,0.00018156855,-0.7477257152928736,NORMAL
2022-03-14,0.00064561516,-0.5023003719716866,NORMAL
2022-03-15,0.0024988586,0.44246840737121007,NORMAL
2022-03-16,0.001359255,-0.15789785644389567,NORMAL
2022-03-17,0.00012542575,-0.8007247871546662,NORMAL
2022-03-18,0.0001792803,-0.7686744075309845,NORMAL
2022-03-21,0.0005469066,-0.5755599763376215,NORMAL
2022-03-22,0.00056326436,-0.5679996281207657,NORMAL
2022-03-23,0.000549285,-0.574919172338454,NORMAL
2022-03-24,0.00071192626,-0.48362829801373747,NORMAL
2022-03-25,0.000764593,-0.4535663645015805,NORMAL
2022-03-28,0.0001463946,-0.7652546275946349,NORMAL
2022-03-29,0.0018938892,0.13454849868784757,NORMAL
2022-03-30,0.0011131181,-0.28033522395119603,NORMAL
2022-03-31,0.0016463306,-0.010757002819329975,NORMAL
2022-04-01,0.00053742086,-0.5852654830025391,NORMAL
2022-04-04,0.00061442587,-0.5430973230719656,NORMAL
2022-04-05,0.00031420542,-0.6911463663737957,NORMAL
2022-04-06,0.0005087075,-0.5806032045177726,NORMAL
2022-04-07,0.0013996337,-0.07215486690215484,NORMAL
2022-04-08,0.0011577043,-0.19114232754323138,NORMAL
2022-04-12,0.00097701,-0.276273088332003,NORMAL
2022-04-13,0.0049984367,2.3479904461021257,HIGH
2022-04-14,0.00082347717,-0.38117676366520953,NORMAL
2022-04-15,0.0020754763,0.426039454608042,NORMAL
2022-04-18,0.0008828242,-0.33090423293888294,NORMAL
2022-04-19,0.0042415485,2.4448456286878946,HIGH
2022-04-20,0.000907446,-0.27860531656644805,NORMAL
2022-04-21,0.0034957314,2.25271231351629,HIGH
2022-04-22,0.0009960751,-0.1826182116523717,NORMAL
2022-04-25,0.002052697,0.8251275307769482,NORMAL
2022-04-26,0.0005340269,-0.6460034253046112,NORMAL
2022-04-27,0.0038745045,2.4954009328526396,HIGH
2022-04-28,9.4538555e-06,-1.0956263723884916,LOW
2022-04-29,0.00033973623,-0.769037808443976,NORMAL
2022-05-04,0.0016799488,0.4834216287901159,NORMAL
2022-05-05,0.0012292918,0.06855013601300602,NORMAL
2022-05-06,0.0015008114,0.31504058211449804,NORMAL
2022-05-09,0.002566577,1.2656591617223474,HIGH
2022-05-10,0.0029702433,1.5726645061911806,HIGH
2022-05-11,0.0024071801,1.0263296417389942,HIGH
2022-05-12,0.000657693,-0.5696788182747965,NORMAL
2022-05-13,0.0010775777,-0.1878259941683887,NORMAL
2022-05-16,0.0023782724,0.9671754214600073,NORMAL
2022-05-17,0.00052358187,-0.7008479055605568,NORMAL
2022-05-18,0.0017783851,0.4161130698007735,NORMAL
2022-05-19,0.00051511405,-0.7237007319171848,NORMAL
2022-05-20,0.0006484068,-0.6019957315082354,NORMAL
2022-05-23,3.8786326e-05,-1.1287544168719708,LOW
2022-05-24,0.00084647443,-0.3980218459973805,NORMAL
2022-05-25,0.0012275185,-0.06359514972978321,NORMAL
2022-05-26,0.0010771905,-0.17421866845514794,NORMAL
2022-05-27,2.0095147e-05,-1.113044512059585,LOW
2022-05-30,0.0009154286,-0.2955292452191645,NORMAL
2022-05-31,0.001238808,-0.018460170462120524,NORMAL
2022-06-01,0.00030829362,-0.8692090977519095,NORMAL
2022-06-02,0.00080229156,-0.39745025898135866,NORMAL
2022-06-03,0.00051490683,-0.660246094837744,NORMAL
2022-06-06,0.00020516617,-0.9169566485282975,NORMAL
2022-06-07,0.00024588266,-0.8754278333153723,NORMAL
2022-06-08,0.00039956835,-0.7375307050969595,NORMAL
2022-06-09,0.00079793343,-0.3674761933184444,NORMAL
2022-06-10,0.0004236477,-0.6919147170338795,NORMAL
2022-06-13,0.00053269067,-0.5743560722039889,NORMAL
2022-06-14,0.0043126447,2.7488436811338626,HIGH
2022-06-15,0.0005675338,-0.5791766766019005,NORMAL
2022-06-16,0.0021413062,0.796384037158028,NORMAL
2022-06-17,0.0009272164,-0.28801969672330796,NORMAL
2022-06-20,0.00043819007,-0.7209595372379197,NORMAL
2022-06-21,0.0021122834,0.7450062820142085,NORMAL
2022-06-22,0.00092158327,-0.31353426487976366,NORMAL
2022-06-23,0.00030782772,-0.8626576579682765,NORMAL
2022-06-24,0.0003738813,-0.7792785525363687,NORMAL
2022-06-27,0.0002928269,-0.8341282150758368,NORMAL
2022-06-28,0.00013716554,-0.9429925521948935,NORMAL
2022-06-29,0.0022895895,0.9136015318800206,NORMAL
2022-06-30,0.00032429514,-0.7947185322997955,NORMAL
2022-07-01,0.0005556417,-0.598430522031251,NORMAL
2022-07-04,0.00079357857,-0.3959002515051766,NORMAL
2022-07-05,0.0005596308,-0.5865079523625218,NORMAL
2022-07-06,0.00031345943,-0.7846554069535735,NORMAL
2022-07-07,0.00029938295,-0.7831921741116248,NORMAL
2022-07-08,0.00048930757,-0.6120044161983622,NORMAL
2022-07-11,0.00039330358,-0.6942184136538807,NORMAL
2022-07-12,1.2118835e-06,-1.0312635471752172,LOW
2022-07-13,0.00090014236,-0.1802876781647066,NORMAL
2022-07-14,0.00020908006,-0.833056988552913,NORMAL
2022-07-15,0.0009701897,-0.055422449673042405,NORMAL
2022-07-18,0.0009860052,0.0037744663042821604,NORMAL
2022-07-19,0.00014022936,-0.8920264958286175,NORMAL
2022-07-20,0.0015397593,0.630189707772339,NORMAL
2022-07-21,0.0024684863,1.572515718414529,HIGH
2022-07-22,0.0006749055,-0.30664700127455147,NORMAL
2022-07-25,0.0030183988,2.2752382452558435,HIGH
2022-07-26,0.0017265079,0.8003241283073429,NORMAL
2022-07-27,0.0017889764,0.866800836994645,NORMAL
2022-07-28,0.0006891773,-0.35257709544810495,NORMAL
2022-07-29,0.00029715453,-0.7663502881719727,NORMAL
2022-08-01,0.00023381854,-0.8111366996115151,NORMAL
2022-08-02,0.00076874485,-0.16771423900849208,NORMAL
2022-08-03,0.0002250832,-0.7920108934009791,NORMAL
2022-08-04,0.0005692721,-0.3690673756172328,NORMAL
2022-08-05,0.00071738753,-0.18074461474536294,NORMAL
2022-08-08,0.0007654908,-0.09181475557090112,NORMAL
2022-08-09,0.0005708651,-0.33820320417165994,NORMAL
2022-08-10,0.0008132821,-0.012466179323257578,NORMAL
2022-08-11,0.0010377506,0.2630763693401641,NORMAL
2022-08-12,0.0009166389,0.10273025338920379,NORMAL
2022-08-15,0.0008542896,0.005758099208092177,NORMAL
2022-08-16,0.00084438734,-0.006963113513997107,NORMAL
2022-08-17,0.0008698304,0.03359220136590911,NORMAL
2022-08-18,0.0004549073,-0.488398886426636,NORMAL
2022-08-19,0.0016073375,0.9657501711289754,NORMAL
2022-08-22,0.00018669898,-0.8488774933668507,NORMAL
2022-08-23,0.0002083357,-0.7963926136005307,NORMAL
2022-08-24,0.002358938,1.8615102906787926,HIGH
2022-08-25,0.0014463351,0.7081294664042973,NORMAL
2022-08-26,0.007107286,3.0,HIGH
2022-08-29,0.0020044162,0.8674783958651668,NORMAL
2022-08-30,0.010027486,3.0,HIGH
2022-08-31,0.002260864,0.646138535627502,NORMAL
2022-09-05,0.0005918385,-0.37714345771012636,NORMAL
2022-09-06,0.0013061033,0.05256062427286217,NORMAL
2022-09-07,0.00019100029,-0.628894798651547,NORMAL
2022-09-08,0.002451669,0.7996141616177732,NORMAL
2022-09-09,0.0009925072,-0.12538227537697647,NORMAL
2022-09-12,0.0009962316,-0.1113125701937926,NORMAL
2022-09-13,0.0010908553,-0.053115093142268616,NORMAL
2022-09-14,0.00081173936,-0.23421292860949477,NORMAL
2022-09-15,0.0008553793,-0.1937589041990247,NORMAL
2022-09-16,0.0009129341,-0.15705321908885767,NORMAL
2022-09-19,0.000914674,-0.16275559011191362,NORMAL
2022-09-20,0.0017361064,0.3469101665491676,NORMAL
2022-09-21,0.0009942511,-0.13446886102344408,NORMAL
2022-09-22,0.0006652933,-0.35169894468251023,NORMAL
2022-09-23,0.00067281583,-0.33062409080849586,NORMAL
2022-09-26,0.00057641044,-0.39593498670419863,NORMAL
2022-09-27,0.00028666155,-0.5790501519900029,NORMAL
2022-09-28,0.0009250692,-0.16942640697204361,NORMAL
2022-09-29,0.0003346525,-0.546671210112073,NORMAL
2022-09-30,0.0020027887,0.5086822742725101,NORMAL
2022-10-03,0.0040616263,1.7507431573328673,HIGH
2022-10-04,0.002185566,0.5539216809358531,NORMAL
2022-10-05,7.181638e-05,-0.7683275280035546,NORMAL
2022-10-06,0.0007644242,-0.3439674319802366,NORMAL
2022-10-07,0.00077946694,-0.3331052614203652,NORMAL
2022-10-10,0.008285976,3.0,HIGH
2022-10-11,0.00034841336,-0.5945650416977001,NORMAL
2022-10-12,0.0046110684,1.6682638498044373,HIGH
2022-10-13,0.0021900283,0.35566456088972764,NORMAL
2022-10-14,0.0003822362,-0.6028040020242279,NORMAL
2022-10-17,0.00014558248,-0.7073065396577772,NORMAL
2022-10-18,0.00030955346,-0.6154038903082368,NORMAL
2022-10-19,0.00065856846,-0.4101559175276662,NORMAL
2022-10-20,0.0008378648,-0.30599875277480254,NORMAL
2022-10-21,0.0010703378,-0.1751439477606631,NORMAL
2022-10-24,0.0043665413,1.527163529447499,HIGH
2022-10-25,0.0016241644,0.07550122745760095,NORMAL
2022-10-26,0.0020631421,0.2915926280161469,NORMAL
2022-10-27,0.0014395467,-0.043909690952142366,NORMAL
2022-10-28,0.00041401247,-0.5888636247961243,NORMAL
2022-10-31,0.00048762723,-0.5489357777937728,NORMAL
2022-11-01,0.0010058212,-0.27734645566817084,NORMAL
2022-11-02,0.0026251152,0.5636872261095954,NORMAL
2022-11-03,0.0011895336,-0.2020099008262285,NORMAL
2022-11-04,0.001725568,0.07431397665792994,NORMAL
2022-11-07,0.0007692897,-0.43078224334221454,NORMAL
2022-11-08,0.0007556705,-0.4363359666328688,NORMAL
2022-11-09,0.00062319497,-0.5040804870858823,NORMAL
2022-11-10,0.00034961477,-0.6431856373427967,NORMAL
2022-11-11,0.0015351162,-0.022413333875703653,NORMAL
2022-11-14,0.0013228799,-0.1427986819831906,NORMAL
2022-11-15,0.0007230155,-0.452549538916022,NORMAL
2022-11-16,0.00059081893,-0.5273662684355764,NORMAL
2022-11-17,0.0019496549,0.1795749747408908,NORMAL
2022-11-18,0.004266241,1.3769802120633157,HIGH
2022-11-21,0.00016297435,-0.7632941441148658,NORMAL
2022-11-22,0.00021075306,-0.7286972287686886,NORMAL
2022-11-23,1.7978717e-05,-0.8142135546419434,NORMAL
2022-11-24,0.00028290134,-0.7354854089899463,NORMAL
2022-11-25,9.203178e-05,-0.8440971982366124,NORMAL
2022-11-28,0.00096626487,-0.22602560100558095,NORMAL
2022-11-29,0.0016110612,0.23039660983462645,NORMAL
2022-11-30,0.00036765903,-0.6596608686483988,NORMAL
2022-12-01,0.00013947953,-0.7955246080669982,NORMAL
2022-12-02,0.00032843684,-0.6503652278010114,NORMAL
2022-12-05,0.000102892285,-0.7962517198121014,NORMAL
2022-12-06,0.0002864732,-0.6542828237336213,NORMAL
2022-12-07,0.0011474439,-0.050352047507602325,NORMAL
2022-12-08,0.0016018085,0.2618855331221019,NORMAL
2022-12-09,0.0003938973,-0.5839695976988463,NORMAL
2022-12-12,0.0005222603,-0.4880876044573591,NORMAL
2022-12-13,0.0004939069,-0.49300488144386917,NORMAL
2022-12-14,0.00013153988,-0.7343103333320641,NORMAL
2022-12-15,0.0010118727,-0.1224298198660536,NORMAL
2022-12-16,0.00064508617,-0.37898720437030603,NORMAL
2022-12-19,0.0058291755,2.9467976532250435,HIGH
2022-12-20,0.001507404,0.13845722931023496,NORMAL
2022-12-21,0.00015203375,-0.7298748915144259,NORMAL
2022-12-22,0.00016245968,-0.720375402982334,NORMAL
2022-12-23,0.00014992151,-0.7068101609799701,NORMAL
2022-12-26,8.062017e-05,-0.7263414682545799,NORMAL
2022-12-27,0.00013583922,-0.667314256370016,NORMAL
2022-12-28,0.00023045507,-0.6073232894757756,NORMAL
2022-12-29,0.0009771208,-0.11634761741923018,NORMAL
2022-12-30,0.0011560458,-0.0022184258954605373,NORMAL
2023-01-03,0.00041301455,-0.5167731440820612,NORMAL
2023-01-04,4.8023066e-05,-0.8167539864132787,NORMAL
2023-01-05,0.0001983603,-0.6820358858574961,NORMAL
2023-01-06,0.0011463026,0.19643173560203206,NORMAL
2023-01-09,0.00012984371,-0.7306625630320823,NORMAL
2023-01-10,7.6502096e-05,-0.7778149154642314,NORMAL
2023-01-11,0.000107807806,-0.744580297866934,NORMAL
2023-01-12,0.00036725402,-0.5024823935961082,NORMAL
2023-01-13,0.00060000154,-0.2865836220439493,NORMAL
2023-01-16,2.4864217e-05,-0.7903244515566652,NORMAL
2023-01-17,0.000446085,-0.3832456960693349,NORMAL
2023-01-18,0.00036873284,-0.4409162635796017,NORMAL
2023-01-19,0.0015748551,0.7761023976435169,NORMAL
2023-01-27,0.0008525087,0.05995033323957435,NORMAL
2023-01-30,0.00079750293,-0.001994051675928853,NORMAL
2023-01-31,0.0007627087,-0.041807573995322235,NORMAL
2023-02-01,0.0003072985,-0.4896156896772974,NORMAL
2023-02-02,0.0026157578,1.840932373021353,HIGH
2023-02-03,0.0031814324,2.2732537907490755,HIGH
2023-02-06,0.00048798765,-0.3074798253101154,NORMAL
2023-02-07,0.0021385346,1.2547530469355228,HIGH
2023-02-08,0.00064133736,-0.17647763954686205,NORMAL
2023-02-09,0.0042856312,2.9920830456269383,HIGH
2023-02-10,0.0019049458,0.8694544941194638,NORMAL
2023-02-13,0.0016596161,0.6519416576711637,NORMAL
2023-02-14,0.009318073,3.0,HIGH
2023-02-15,0.0032641208,1.3583486734751506,HIGH
2023-02-16,0.0020046441,0.555568930811891,NORMAL
2023-02-17,0.0011131406,0.008206108229725825,NORMAL
2023-02-20,0.00030440465,-0.4714740141619011,NORMAL
2023-02-21,0.00017909799,-0.5526785944996928,NORMAL
2023-02-22,0.00067873276,-0.23527342673263765,NORMAL
2023-02-23,0.00046359724,-0.3803680084918403,NORMAL
2023-02-24,0.0012847546,0.1421839825517847,NORMAL
2023-02-27,0.0007767938,-0.19628331798861703,NORMAL
2023-02-28,0.0024475968,0.8721459360636576,NORMAL
2023-03-01,0.003352255,1.4160352522423059,HIGH
2023-03-02,0.0019126222,0.4817587147336813,NORMAL
2023-03-03,0.00015270151,-0.6405778294948107,NORMAL
2023-03-06,0.0010128638,-0.09958761981294885,NORMAL
2023-03-07,0.00096085714,-0.1425134584219082,NORMAL
2023-03-08,0.00086465897,-0.21093968620145648,NORMAL
2023-03-09,0.00022609672,-0.6098272383081392,NORMAL
2023-03-10,0.0012479713,0.04914975736662216,NORMAL
2023-03-13,0.001081716,-0.06500073645012887,NORMAL
2023-03-14,0.0013345976,0.08900355352901984,NORMAL
2023-03-15,0.00059833913,-0.38634280373907615,NORMAL
2023-03-16,0.0015353984,0.20295632905626615,NORMAL
2023-03-17,0.0018859031,0.41959060331251025,NORMAL
2023-03-20,0.001972951,0.46123876659510926,NORMAL
2023-03-21,0.0001245233,-0.7236541265122629,NORMAL
2023-03-22,0.00020390097,-0.6511414556989444,NORMAL
2023-03-23,0.0007517715,-0.27850780448922247,NORMAL
2023-03-24,0.0007414818,-0.2933912629219031,NORMAL
2023-03-27,0.0019000778,0.49748701822419217,NORMAL
2023-03-28,0.00083512114,-0.25886922612914065,NORMAL
2023-03-29,0.0005023789,-0.49881546990015335,NORMAL
2023-03-30,0.00060881604,-0.42920930379157773,NORMAL
2023-03-31,0.0020467094,0.5744386032830593,NORMAL
2023-04-03,0.0026557087,0.9785784497599853,NORMAL
2023-04-04,0.00214152,0.5983621825217611,NORMAL
2023-04-05,0.00031968416,-0.681964423328514,NORMAL
2023-04-06,0.00039431313,-0.6329113986293088,NORMAL
2023-04-07,0.0005780251,-0.4960959899727232,NORMAL
2023-04-10,0.0008666264,-0.30372239973395004,NORMAL
2023-04-11,0.00029002503,-0.7141764679388123,NORMAL
2023-04-12,0.0011616899,-0.11148729516106107,NORMAL
2023-04-13,0.0013743511,0.027835493177755723,NORMAL
2023-04-14,0.000938724,-0.2875047051224432,NORMAL
2023-04-17,0.00040395674,-0.6767437840938163,NORMAL
2023-04-18,0.0028859721,1.0678861393414754,HIGH
2023-04-19,0.0088822,3.0,HIGH
2023-04-20,0.0023291786,0.4626115397550638,NORMAL
2023-04-21,0.0010685138,-0.2809909817169755,NORMAL
2023-04-24,0.003841971,1.303846874109205,HIGH
2023-04-25,5.428423e-05,-0.8846823651371707,NORMAL
2023-04-26,0.0002702328,-0.7593078631581118,NORMAL
2023-04-27,0.000111070694,-0.8248171663196081,NORMAL
2023-04-28,0.00055770413,-0.5450958210473974,NORMAL
2023-05-04,0.00063271634,-0.503437615294842,NORMAL
2023-05-05,0.0018458297,0.20269711376232322,NORMAL
2023-05-08,0.0038464172,1.3150238224671493,HIGH
2023-05-09,0.0003308605,-0.6720275234653089,NORMAL
2023-05-10,0.00023979088,-0.7062428545151839,NORMAL
2023-05-11,0.0006185218,-0.4753999570456007,NORMAL
2023-05-12,0.0009484906,-0.25389709488716006,NORMAL
2023-05-15,0.0031139012,1.3183794623467924,HIGH
2023-05-16,0.0012350425,-0.03559123553128403,NORMAL
2023-05-17,0.001176314,-0.07907003375213377,NORMAL
2023-05-18,0.0009907503,-0.22322531451197794,NORMAL
2023-05-19,0.0011698967,-0.10507420128180173,NORMAL
2023-05-22,2.401031e-05,-0.933161606614395,NORMAL
2023-05-23,0.002344421,0.7370820680839981,NORMAL
2023-05-24,0.00090986444,-0.3040100770797465,NORMAL
2023-05-25,0.0003367674,-0.7140011714104717,NORMAL
2023-05-26,0.001840686,0.3873771695916947,NORMAL
2023-05-29,0.0014857491,0.15406378778030905,NORMAL
2023-05-30,0.0042682244,2.1124557926591288,HIGH
2023-05-31,0.00043175556,-0.63939431469794,NORMAL
2023-06-01,0.00015780819,-0.8213377172732694,NORMAL
2023-06-02,0.00084039,-0.33245936754048805,NORMAL
2023-06-05,0.0014612521,0.10357847614119953,NORMAL
2023-06-06,0.0016280557,0.20702355775503622,NORMAL
2023-06-07,0.0015156344,0.12313124484896827,NORMAL
2023-06-08,0.0056288876,2.8084114018947566,HIGH
2023-06-09,0.0017931778,0.24389146304174272,NORMAL
2023-06-12,0.002389857,0.6214742075080909,NORMAL
2023-06-13,0.004434417,1.8908021941823119,HIGH
2023-06-14,0.0005788449,-0.5828662522111874,NORMAL
2023-06-15,0.0072803358,3.0,HIGH
2023-06-16,0.00053915964,-0.6054631345773694,NORMAL
2023-06-19,0.00032821996,-0.7301504802177667,NORMAL
2023-06-20,0.00066805165,-0.531100419633738,NORMAL
2023-06-21,0.00097575854,-0.35449961746148,NORMAL
2023-06-22,0.0014327415,-0.0835536217718475,NORMAL
2023-06-23,0.0008586915,-0.41857753552390126,NORMAL
2023-06-26,0.0006707264,-0.5303457576005584,NORMAL
2023-06-27,7.129996e-05,-0.8717038414663576,NORMAL
2023-06-28,0.00080554374,-0.4322722339258982,NORMAL
2023-06-29,0.0017064968,0.10070974757020706,NORMAL
2023-06-30,0.0013033685,-0.12629453204376848,NORMAL
2023-07-03,0.00094893365,-0.3403532562902628,NORMAL
2023-07-04,0.001108034,-0.2550017556047707,NORMAL
2023-07-05,0.00070821703,-0.4914565210892949,NORMAL
2023-07-06,0.00028834376,-0.7302096498714111,NORMAL
2023-07-07,0.00024765125,-0.753401585362643,NORMAL
2023-07-10,0.002310338,0.4429157406188336,NORMAL
2023-07-11,0.001067962,-0.28064910857157316,NORMAL
2023-07-12,0.0018551475,0.17075324643694215,NORMAL
2023-07-13,3.8824975e-05,-0.8858920024167461,NORMAL
2023-07-14,0.001496485,-0.022039231730105427,NORMAL
2023-07-17,0.0021286616,0.5018916778041382,NORMAL
2023-07-18,0.001282159,-0.08681847160989924,NORMAL
2023-07-19,0.0055643003,2.719303613826881,HIGH
2023-07-20,0.0018432564,0.2703026181610224,NORMAL
2023-07-21,0.0045658033,2.012176277499129,HIGH
2023-07-24,0.0015421124,3.335278768566968e-05,NORMAL
2023-07-25,0.0005426025,-0.6718247051123727,NORMAL
2023-07-26,0.0003686566,-0.7845974191601617,NORMAL
2023-07-27,0.0004152658,-0.7498731166543119,NORMAL
2023-07-28,0.00061602704,-0.6010142475177054,NORMAL
2023-07-31,0.00049051153,-0.6583877503446973,NORMAL
2023-08-01,0.0007569976,-0.48480930154937557,NORMAL
2023-08-02,0.0006277703,-0.5784890428121907,NORMAL
2023-08-03,0.0007187431,-0.518173590079679,NORMAL
2023-08-04,0.007127133,3.0,HIGH
2023-08-07,0.0006784387,-0.530225551526439,NORMAL
2023-08-08,0.0013771246,-0.1035379156159152,NORMAL
2023-08-09,0.00086564734,-0.41344280820172413,NORMAL
2023-08-10,0.0011958235,-0.21349080345812435,NORMAL
2023-08-11,0.00029962102,-0.7503530398314855,NORMAL
2023-08-14,0.002512794,0.576862306704906,NORMAL
2023-08-15,0.0013592248,-0.1200674385706231,NORMAL
2023-08-16,0.00025719334,-0.7866520337550459,NORMAL
2023-08-17,2.9840972e-05,-0.9200879231070305,NORMAL
2023-08-18,0.00094113476,-0.3550195876034279,NORMAL
2023-08-21,0.013459872,3.0,HIGH
2023-08-22,0.0057634288,1.7549113096440447,HIGH
2023-08-23,0.0063497694,1.9106158783618545,HIGH
2023-08-24,2.5418354e-05,-0.7714368220743059,NORMAL
2023-08-25,0.00048137247,-0.5748249637122346,NORMAL
2023-08-28,0.0011489931,-0.28975725813824216,NORMAL
2023-08-29,0.0012246699,-0.25475489884399427,NORMAL
2023-08-30,0.0018402622,0.0033819778858011663,NORMAL
2023-08-31,0.0014925185,-0.1172059450433576,NORMAL
2023-09-05,0.0019179876,0.06603268102450166,NORMAL
2023-09-06,0.0024197833,0.2829669331377195,NORMAL
2023-09-07,0.000928757,-0.34059607419746846,NORMAL
2023-09-08,0.0010058754,-0.3103741791084453,NORMAL
2023-09-11,0.0006174878,-0.45498489020862953,NORMAL
2023-09-12,0.0011488702,-0.21484726010932081,NORMAL
2023-09-13,0.0014639678,-0.07819413409147304,NORMAL
2023-09-14,0.0005451313,-0.5029697893228785,NORMAL
2023-09-15,0.0007021283,-0.42777285141787086,NORMAL
2023-09-18,0.0010613264,-0.25846487844179605,NORMAL
2023-09-19,0.0011764015,-0.20780693299212585,NORMAL
2023-09-20,0.0012422365,-0.18198494106266866,NORMAL
2023-09-21,0.0015171003,-0.0659904938916535,NORMAL
2023-09-22,0.00014908751,-0.6961962377504876,NORMAL
2023-09-25,0.000117753865,-0.69553763596698,NORMAL
2023-09-26,0.003037565,0.6396087428839125,NORMAL
2023-09-27,0.002212679,0.24968510371648234,NORMAL
2023-09-28,3.4314813e-05,-0.7436020730499905,NORMAL
2023-09-29,0.000610529,-0.4780504756006237,NORMAL
2023-10-02,7.617753e-05,-0.7209520344313378,NORMAL
2023-10-03,0.00047637732,-0.5397353579067111,NORMAL
2023-10-04,0.0003000435,-0.6038759071318389,NORMAL
2023-10-05,0.0007032596,-0.41602586431240407,NORMAL
2023-10-06,0.0008896687,-0.32311176309892486,NORMAL
2023-10-09,0.00062906975,-0.4479448386272789,NORMAL
2023-10-10,0.0011985849,-0.18454176416075013,NORMAL
2023-10-11,0.0010836616,-0.22924017232901772,NORMAL
2023-10-12,0.00092618447,-0.29851534569679394,NORMAL
2023-10-13,0.00081988703,-0.32004238789076794,NORMAL
2023-10-16,0.00070303865,-0.3658251794160282,NORMAL
2023-10-17,0.00089069176,-0.25311757958919096,NORMAL
2023-10-18,0.0015496747,0.0628000835600111,NORMAL
2023-10-19,0.00025751954,-0.5538749557199664,NORMAL
2023-10-20,0.0013324537,-0.04682730458675114,NORMAL
2023-10-23,0.0016052597,0.07474409859772004,NORMAL
2023-10-24,0.00037758506,-0.5133284935083366,NORMAL
2023-10-25,0.0016483376,0.08816872609590085,NORMAL
2023-10-26,0.0012252587,-0.1193451586759978,NORMAL
2023-10-27,0.000494536,-0.470099486594242,NORMAL
2023-10-30,0.00112284,-0.17093229383784644,NORMAL
2023-10-31,0.00077983364,-0.30520597156797363,NORMAL
2023-11-01,0.0007257976,-0.3335252400892048,NORMAL
2023-11-02,0.00083009317,-0.27485466421779553,NORMAL
2023-11-03,0.00082843006,-0.275368328900323,NORMAL
2023-11-06,0.00066696317,-0.3536799207291364,NORMAL
2023-11-07,0.0007281038,-0.3264096653717514,NORMAL
2023-11-08,0.0010922302,-0.12679839300723705,NORMAL
2023-11-09,0.0009323016,-0.20575506100069546,NORMAL
2023-11-10,0.0008769212,-0.24024484200741628,NORMAL
2023-11-13,0.001772559,0.20949926746490793,NORMAL
2023-11-14,0.0006310991,-0.38103938632971357,NORMAL
2023-11-15,0.000849892,-0.2797249938044112,NORMAL
2023-11-16,0.000659473,-0.45220204688044635,NORMAL
2023-11-17,0.00071721966,-0.4416230445717313,NORMAL
2023-11-20,0.000987312,-0.0071909491299977524,NORMAL
2023-11-21,0.0017290434,1.2467799709393923,HIGH
2023-11-22,0.00079743564,-0.3631353260226282,NORMAL
2023-11-23,0.0013405746,0.5766317572413459,NORMAL
2023-11-24,0.00068819127,-0.5304999161846582,NORMAL
2023-11-27,0.0018227601,1.4435074738151699,HIGH
2023-11-28,0.0016354751,1.1383419958460472,HIGH
2023-11-29,0.0012620531,0.5432465010659138,NORMAL
2023-11-30,0.0018428382,1.5634058196652176,HIGH
2023-12-01,0.00020818692,-1.371557249851321,LOW
2023-12-04,0.00035383762,-1.0947028729254116,LOW
2023-12-05,0.0003474492,-1.0724617651241308,LOW
2023-12-06,0.00052817864,-0.727542633228706,NORMAL
2023-12-07,0.00080868346,-0.23966193219290216,NORMAL
2023-12-08,0.00095727155,0.01681661039054925,NORMAL
2023-12-11,0.00083890127,-0.1872466108176739,NORMAL
2023-12-12,0.0013933987,0.7900326515733451,NORMAL
2023-12-13,0.002376238,2.3793509386488454,HIGH
2023-12-14,0.0010574143,0.1673794162680084,NORMAL
2023-12-15,0.0010366135,0.10864202754333845,NORMAL
2023-12-18,0.00040158676,-1.0076438741405975,LOW
2023-12-19,0.0029608617,3.0,HIGH
2023-12-20,0.000627598,-0.5920284975326443,NORMAL
2023-12-21,0.007863207,3.0,HIGH
2023-12-22,0.00036536902,-0.6845547158667786,NORMAL
2023-12-25,0.00020604255,-0.841466199836003,NORMAL
2023-12-26,0.010073032,3.0,HIGH
2023-12-27,0.000938111,-0.2011816362768088,NORMAL
2023-12-28,0.00043472787,-0.5223941231926343,NORMAL
2023-12-29,0.0005414982,-0.44927799006680197,NORMAL
2024-01-02,0.0008696129,-0.24091025002314226,NORMAL
2024-01-03,0.0040653897,1.7393766986671018,HIGH
2024-01-04,0.0029315348,1.0004949033758666,HIGH
2024-01-05,0.0012437063,-0.052142609658810256,NORMAL
2024-01-08,0.002360179,0.6247726691370392,NORMAL
2024-01-09,0.0037785517,1.4481590465365697,HIGH
2024-01-10,0.0011651409,-0.14887254237775613,NORMAL
2024-01-11,0.00026006182,-0.6854521936750418,NORMAL
2024-01-12,0.0007857466,-0.37228900714278856,NORMAL
2024-01-15,0.00091871945,-0.286810500089974,NORMAL
2024-01-16,0.0009528275,-0.25929210168104966,NORMAL
2024-01-17,0.00015357812,-0.7426160304108663,NORMAL
2024-01-18,0.0012248787,-0.08691471110855718,NORMAL
2024-01-19,0.00058218814,-0.4703953427530467,NORMAL
2024-01-22,0.00046357443,-0.5419948985764929,NORMAL
2024-01-23,0.0020986423,0.43987945872549883,NORMAL
2024-01-24,0.000879006,-0.30037410894125627,NORMAL
2024-01-25,0.0028501912,0.8686453092308246,NORMAL
2024-01-26,0.00019909558,-0.721381206853551,NORMAL
2024-01-29,0.0010721665,-0.19922581407836487,NORMAL
2024-01-30,0.0006498976,-0.452981535539277,NORMAL
2024-01-31,0.00041994406,-0.5872651808913738,NORMAL
2024-02-01,0.00044924207,-0.5618676555190617,NORMAL
2024-02-02,0.00089236815,-0.2960124619802222,NORMAL
2024-02-05,0.00092130946,-0.27915910527256216,NORMAL
2024-02-06,0.00052248896,-0.5046884070924877,NORMAL
2024-02-07,0.0007638112,-0.3619086372544187,NORMAL
2024-02-15,0.0010520695,-0.19156752846959166,NORMAL
2024-02-16,0.00088377343,-0.29478511250975986,NORMAL
2024-02-19,0.00068763737,-0.41193857852546545,NORMAL
2024-02-20,0.00027654553,-0.6490190901744707,NORMAL
2024-02-21,0.00012967933,-0.7178821556364118,NORMAL
2024-02-22,0.0002680472,-0.6287569867803886,NORMAL
2024-02-23,0.00015063863,-0.6838642840475123,NORMAL
2024-02-26,0.000310692,-0.5845399405022804,NORMAL
2024-02-27,0.0008727475,-0.243819406394747,NORMAL
2024-02-28,0.0009020625,-0.21930521423470684,NORMAL
2024-02-29,0.0003530716,-0.5328939930078458,NORMAL
2024-03-01,0.00069273077,-0.32179102740449167,NORMAL
2024-03-04,0.0008395072,-0.2422533751330387,NORMAL
2024-03-05,0.00082043116,-0.2585737431938023,NORMAL
2024-03-06,0.0010046796,-0.15648614277012227,NORMAL
2024-03-07,0.0009922995,-0.16864380548968197,NORMAL
2024-03-08,0.0007664501,-0.30219933250102804,NORMAL
2024-03-11,0.00039436552,-0.5163555464232866,NORMAL
2024-03-12,0.00046260701,-0.47159042788172967,NORMAL
2024-03-13,0.0007265797,-0.3086954424956077,NORMAL
2024-03-14,0.0007701728,-0.26798423307564795,NORMAL
2024-03-15,0.00046204077,-0.44402700741426276,NORMAL
2024-03-18,0.00038289977,-0.4834822181725,NORMAL
2024-03-19,0.00037695258,-0.48669485847137905,NORMAL
2024-03-20,0.0005037389,-0.39077641434248767,NORMAL
2024-03-21,0.00052465824,-0.3771642175729677,NORMAL
2024-03-22,0.00034943386,-0.4767887185778877,NORMAL
2024-03-25,0.00014011282,-0.6192455341736821,NORMAL
2024-03-26,0.00069597457,-0.23842223200826151,NORMAL
2024-03-27,0.0015107025,0.7626903461604037,NORMAL
2024-03-28,1.7851358e-05,-1.0568355771740003,LOW
2024-03-29,0.00015036645,-0.8847510979450425,NORMAL
2024-04-01,0.00029558735,-0.7004074452372202,NORMAL
2024-04-02,0.00015798816,-0.8482352036981279,NORMAL
2024-04-03,6.386649e-05,-1.0152416919931606,LOW
2024-04-04,0.00019712537,-0.8274783912449496,NORMAL
2024-04-05,7.877895e-05,-0.9731849578835158,NORMAL
2024-04-08,6.033969e-05,-0.9879130165526885,NORMAL
2024-04-09,0.00020750961,-0.8552515569052295,NORMAL
2024-04-10,0.0006110503,-0.018454405162260455,NORMAL
2024-04-11,0.00054603256,-0.16214233668828965,NORMAL
2024-04-12,0.00059985137,-0.04505723175678208,NORMAL
2024-04-15,0.0006598616,0.08771367479386609,NORMAL
2024-04-16,0.0046718046,3.0,HIGH
2024-04-17,0.0018215585,1.539941842497393,HIGH
2024-04-19,0.0014907548,1.070721843587173,HIGH
2024-04-22,0.0016397187,1.2349946446380877,HIGH
2024-04-23,0.00027278299,-0.6135480356751569,NORMAL
2024-04-24,6.47034e-05,-0.8700285285830571,NORMAL
2024-04-25,0.0004231101,-0.36233704197353606,NORMAL
2024-04-26,0.00060684653,-0.060819557530435574,NORMAL
2024-05-02,3.1691743e-05,-0.9206421731271696,NORMAL
2024-05-03,0.00017066114,-0.6888840388199349,NORMAL
2024-05-06,6.288616e-05,-0.8310619686385508,NORMAL
2024-05-07,0.00035895547,-0.3873569868966339,NORMAL
2024-05-08,0.00027637533,-0.505433858858949,NORMAL
2024-05-09,0.0060691517,3.0,HIGH
2024-05-10,0.0018114026,1.1138576102672484,HIGH
2024-05-13,0.0011370583,0.4167412156116856,NORMAL
2024-05-14,0.00069628214,-0.03012535739074291,NORMAL
2024-05-15,3.8040802e-05,-0.6799166428515623,NORMAL
2024-05-16,0.0003270898,-0.3772545788800179,NORMAL
2024-05-17,0.000615017,-0.08454129816200019,NORMAL
2024-05-20,8.558668e-05,-0.6162022187365072,NORMAL
2024-05-21,0.00038889097,-0.31467998526424934,NORMAL
2024-05-22,0.0013476147,0.6366770835936965,NORMAL
2024-05-23,0.0006144324,-0.11245089113394495,NORMAL
2024-05-24,0.0013237218,0.5883943499512544,NORMAL
2024-05-27,0.001466623,0.7198591702112613,NORMAL
2024-05-28,0.0009982774,0.24627088538951522,NORMAL
2024-05-29,0.0004600929,-0.2977995401957216,NORMAL
2024-05-30,0.00044428883,-0.309310276267113,NORMAL
2024-05-31,0.0005752845,-0.17291765488103375,NORMAL
2024-06-03,0.0012721522,0.5199876122629784,NORMAL
2024-06-04,0.0021879817,1.396889960994911,HIGH
2024-06-05,0.0006256681,-0.14082519067220395,NORMAL
2024-06-06,0.0023963049,1.5492186785942217,HIGH
2024-06-07,0.0008645349,0.059468583762656846,NORMAL
2024-06-10,0.00092073274,0.10661010298785846,NORMAL
2024-06-11,0.0011316496,0.3043659044836004,NORMAL
2024-06-12,0.0006857603,-0.12631871931483066,NORMAL
2024-06-13,0.00071289996,-0.10417060317576816,NORMAL
2024-06-14,0.0006720973,-0.14861642333677044,NORMAL
2024-06-17,0.0012636723,0.41157712583221856,NORMAL
2024-06-18,0.0012792016,0.41387585428354423,NORMAL
2024-06-19,0.00074068015,-0.11245746899336254,NORMAL
2024-06-20,0.00051086163,-0.3387052842856477,NORMAL
2024-06-21,0.0005188519,-0.33816916348932863,NORMAL
2024-06-24,0.0008164977,-0.049727369274301596,NORMAL
2024-06-25,0.0006258781,-0.22202386656474676,NORMAL
2024-06-26,0.001307539,0.4259561560271023,NORMAL
2024-06-27,0.0009084705,0.021359718301991144,NORMAL
2024-06-28,0.00079555064,-0.09863196961098486,NORMAL
2024-07-01,0.00045401254,-0.4429666994199735,NORMAL
2024-07-02,0.00066317525,-0.24652767609516688,NORMAL
2024-07-03,0.0011894973,0.2634507451106206,NORMAL
2024-07-04,0.0015788435,0.6303830474843904,NORMAL
2024-07-05,0.00102869,0.061653578413962004,NORMAL
2024-07-08,0.0010559778,0.07534031203482221,NORMAL
2024-07-09,0.00092099886,-0.0672947818219327,NORMAL
2024-07-10,0.0013368689,0.34305702702395596,NORMAL
2024-07-11,0.0009729469,-0.034220013660688796,NORMAL
2024-07-12,0.00087025226,-0.14273841991352676,NORMAL
2024-07-15,0.00083844573,-0.1262194239199676,NORMAL
2024-07-16,0.00077952025,-0.17651073007593646,NORMAL
2024-07-17,0.0081660645,3.0,HIGH
2024-07-18,0.0035227733,1.8903052384390526,HIGH
2024-07-19,0.002108948,0.7749993577413742,NORMAL
2024-07-22,0.0011917633,0.05495315082861619,NORMAL
2024-07-23,0.00043381518,-0.5317778837234676,NORMAL
2024-07-24,3.9788894e-05,-0.8256512973002111,NORMAL
2024-07-25,0.00028509274,-0.6414822059915889,NORMAL
2024-07-26,0.00066138525,-0.35844080979093096,NORMAL
2024-07-29,0.00069431914,-0.3427303520724558,NORMAL
2024-07-30,0.0007192383,-0.32872941734980626,NORMAL
2024-07-31,0.0010146187,-0.1081993874779037,NORMAL
2024-08-01,0.000996544,-0.06505048875854255,NORMAL
2024-08-02,0.0014044999,0.3125739666266702,NORMAL
2024-08-05,0.0011101542,0.04483429120698194,NORMAL
2024-08-06,0.0011426588,0.06773083908361353,NORMAL
2024-08-07,0.0009942004,-0.08280033634236707,NORMAL
2024-08-08,0.001072668,-0.022213246733046206,NORMAL
2024-08-09,0.00028280518,-0.743591776370958,NORMAL
2024-08-12,0.00045343162,-0.594877430440255,NORMAL
2024-08-13,0.00056764344,-0.4929058254780115,NORMAL
2024-08-14,7.983472e-05,-0.9184125122986287,NORMAL
2024-08-15,0.0006844917,-0.3639578909698736,NORMAL
2024-08-16,0.0067644175,3.0,HIGH
2024-08-19,0.0003704424,-0.5947374525464025,NORMAL
2024-08-20,0.0007191319,-0.3258591242207638,NORMAL
2024-08-21,0.0006460445,-0.38414875664157355,NORMAL
2024-08-22,0.00066701835,-0.37150706232177144,NORMAL
2024-08-23,0.0011358273,-0.021689027396996238,NORMAL
2024-08-26,0.0007037958,-0.3436505768950038,NORMAL
2024-08-27,0.00065444317,-0.3633150175485598,NORMAL
2024-08-28,0.0010810515,-0.04273042875839626,NORMAL
2024-08-29,0.00040005287,-0.5420090940001671,NORMAL
2024-08-30,0.00030000345,-0.6100556680650165,NORMAL
2024-09-04,0.00049990695,-0.45038189725266725,NORMAL
2024-09-05,0.0005456107,-0.4072579100398949,NORMAL
2024-09-06,0.00084241387,-0.18203070057514248,NORMAL
2024-09-09,0.00075025065,-0.25316123211360647,NORMAL
2024-09-10,0.0008270347,-0.1963969301126379,NORMAL
2024-09-11,0.0007629711,-0.23904079599781797,NORMAL
2024-09-12,0.0006454489,-0.32080817168940334,NORMAL
2024-09-13,0.0006504115,-0.31575023696056315,NORMAL
2024-09-16,0.0006181882,-0.3419763203679876,NORMAL
2024-09-17,0.0003654355,-0.5331548982491787,NORMAL
2024-09-18,0.0020008069,0.7006968759162959,NORMAL
2024-09-19,0.00092187757,-0.12574990125716004,NORMAL
2024-09-20,0.0064243386,3.0,HIGH
2024-09-23,0.0007786687,-0.2640849479336151,NORMAL
2024-09-24,0.0014188094,0.1611819276134653,NORMAL
2024-09-25,0.00014618435,-0.6934730842442647,NORMAL
2024-09-26,0.00026146136,-0.609924211378244,NORMAL
2024-09-27,0.0002630276,-0.5966479730284193,NORMAL
2024-09-30,0.0010104179,-0.08924041403196668,NORMAL
2024-10-01,0.0008848007,-0.1718741035456141,NORMAL
2024-10-02,0.00094235037,-0.13198499295010568,NORMAL
2024-10-03,0.0005159676,-0.4128963783715332,NORMAL
2024-10-04,0.0006080114,-0.3428138632466177,NORMAL
2024-10-07,0.0006305906,-0.32361848420395145,NORMAL
2024-10-08,0.00095498934,-0.10764873558655019,NORMAL
2024-10-09,0.0005997089,-0.34235298119987284,NORMAL
2024-10-10,0.000439832,-0.44484692794564507,NORMAL
2024-10-11,0.00046834955,-0.43228281743816366,NORMAL
2024-10-14,0.0004408746,-0.4289486418558456,NORMAL
2024-10-15,0.00045006583,-0.3996445029839142,NORMAL
2024-10-16,0.0007849694,-0.09552364903422186,NORMAL
2024-10-17,0.00058247265,-0.2783003968721006,NORMAL
2024-10-18,0.0008869094,-0.019624926967886397,NORMAL
2024-10-21,0.0014459679,0.4642564454555008,NORMAL
2024-10-22,0.0049913656,3.0,HIGH
2024-10-23,0.0019487713,0.7497384010272216,NORMAL
2024-10-24,0.0002220599,-0.6373743453305295,NORMAL
2024-10-25,0.00064528966,-0.2911228061843392,NORMAL
2024-10-28,0.0011963567,0.14994309912842088,NORMAL
2024-10-29,0.0040919604,2.33007140308395,HIGH
2024-10-30,0.0005908436,-0.34904332590949155,NORMAL
2024-10-31,0.00165378,0.45827653621613124,NORMAL
2024-11-01,0.0001036427,-0.7131982711150916,NORMAL
2024-11-04,0.0003656859,-0.503517323252505,NORMAL
2024-11-05,0.0037477412,1.9604289846532477,HIGH
2024-11-06,0.0010068789,-0.06511473817559017,NORMAL
2024-11-07,1.0260846e-06,-0.7969624024177565,NORMAL
2024-11-08,0.00030509592,-0.5773692073931793,NORMAL
2024-11-11,0.00078653963,-0.22429633974541868,NORMAL
2024-11-12,0.00092891464,-0.05721053825019396,NORMAL
2024-11-13,0.0005850061,-0.3637411934976326,NORMAL
2024-11-14,0.0006481074,-0.30695815993841147,NORMAL
2024-11-15,0.0005841134,-0.3623554186330762,NORMAL
2024-11-18,0.0006256425,-0.32508346766412183,NORMAL
2024-11-19,0.001607914,0.5323283354970911,NORMAL
2024-11-20,0.00061587035,-0.33841900026162225,NORMAL
2024-11-21,0.00076323096,-0.21059717183048388,NORMAL
2024-11-22,0.00038227462,-0.5339936752372533,NORMAL
2024-11-25,0.00037167617,-0.5427528471581757,NORMAL
2024-11-26,0.00038668257,-0.5312501047402967,NORMAL
2024-11-27,0.0010559,0.04793540284056329,NORMAL
2024-11-28,0.0008464295,-0.14074554636373895,NORMAL
2024-11-29,0.000762549,-0.21334094821448135,NORMAL
2024-12-02,0.0007538558,-0.2210445641390736,NORMAL
2024-12-03,0.00043430412,-0.4954779810337056,NORMAL
2024-12-04,0.0007719961,-0.1990836282687228,NORMAL
2024-12-05,0.0011383491,0.1154932863160183,NORMAL
2024-12-06,0.0019141352,0.7753299978546864,NORMAL
2024-12-09,0.0004772772,-0.47936203605311617,NORMAL
2024-12-10,0.00026081875,-0.6664182867736593,NORMAL
2024-12-11,0.00046976376,-0.4637161074563875,NORMAL
2024-12-12,0.0006216327,-0.32581579415290657,NORMAL
2024-12-13,0.001032223,0.14448948645281964,NORMAL
2024-12-16,0.00021836744,-0.754975889244419,NORMAL
2024-12-17,0.0009844562,0.10927157298336111,NORMAL
2024-12-18,0.0020647887,1.2733338069267868,HIGH
2024-12-19,0.0011711866,0.2645568588766665,NORMAL
2024-12-20,0.0011799415,0.2583778167336471,NORMAL
2024-12-23,0.00096684555,0.02042299531959573,NORMAL
2024-12-24,0.0005390884,-0.4516545091731664,NORMAL
2024-12-25,0.00048878184,-0.4984008285156344,NORMAL
2024-12-26,0.0004906405,-0.49574055546326173,NORMAL
2024-12-27,0.0004936154,-0.48984016533449104,NORMAL
2024-12-30,0.0006268439,-0.3412244671834346,NORMAL
2024-12-31,0.006763122,3.0,HIGH
2025-01-02,0.0017755469,0.6188847497189665,NORMAL
2025-01-03,0.0008136388,-0.20654411720411217,NORMAL
2025-01-06,0.0009888214,-0.06450883513325667,NORMAL
2025-01-07,0.00061465846,-0.38759893207897006,NORMAL
2025-01-08,0.00036991667,-0.5957275909233434,NORMAL
2025-01-09,0.0004930217,-0.4854241163659804,NORMAL
2025-01-10,0.00057053845,-0.41896320502772477,NORMAL
2025-01-13,0.00047613843,-0.4928573118800641,NORMAL
2025-01-14,0.000869873,-0.1488846506770228,NORMAL
2025-01-15,0.00057773525,-0.37365400958247413,NORMAL
2025-01-16,0.0006973017,-0.2418180859771541,NORMAL
2025-01-17,0.0020294338,1.000408532292038,HIGH
2025-01-20,0.00012410176,-0.8037670026640691,NORMAL
2025-01-21,0.00024699513,-0.6698178431964464,NORMAL
2025-01-22,0.00041902205,-0.4867859606249978,NORMAL
2025-01-23,0.00068596983,-0.21505667338084355,NORMAL
2025-01-24,0.00053810375,-0.3489872332317186,NORMAL
2025-02-03,0.0005894818,-0.3058775891277969,NORMAL
2025-02-04,0.0005691375,-0.33092991260338794,NORMAL
2025-02-05,0.0005384757,-0.33319856533501774,NORMAL
2025-02-06,0.0026168684,1.908097534768868,HIGH
2025-02-07,0.0012434977,0.3947044277516545,NORMAL
2025-02-10,0.0012575614,0.393556044593939,NORMAL
2025-02-11,0.00064721727,-0.27300810385728935,NORMAL
2025-02-12,0.0012369424,0.36725183595546823,NORMAL
2025-02-13,0.0008764388,-0.03273801850461514,NORMAL
2025-02-14,0.00063026906,-0.30213877139562895,NORMAL
2025-02-17,0.0006215342,-0.3124652031299315,NORMAL
2025-02-18,0.00061509525,-0.31930975386381205,NORMAL
2025-02-19,0.00074547064,-0.16146829242512714,NORMAL
2025-02-20,0.00067726616,-0.23778047768718388,NORMAL
2025-02-21,0.007088246,3.0,HIGH
2025-02-24,0.0019595504,0.770569052459744,NORMAL
2025-02-25,0.0018961066,0.696145539317346,NORMAL
2025-02-26,0.0001351037,-0.7479811846236005,NORMAL
2025-02-27,0.0004899739,-0.4480687417238148,NORMAL
2025-02-28,0.00012145331,-0.7369213958017439,NORMAL
2025-03-03,0.0010850984,0.04506501330511759,NORMAL
2025-03-04,0.00050484855,-0.4247467098822781,NORMAL
2025-03-05,0.0010635909,0.022353672702103287,NORMAL
2025-03-06,0.00075543206,-0.22919102669011823,NORMAL
2025-03-07,0.0006983441,-0.26968809831698864,NORMAL
2025-03-10,0.0008619991,-0.1222738153326101,NORMAL
2025-03-11,0.0017819945,0.6134410124145722,NORMAL
2025-03-12,0.0006335913,-0.3328312442206747,NORMAL
2025-03-13,0.00071148784,-0.27253333344228153,NORMAL
2025-03-14,0.0008192144,-0.18683564241533251,NORMAL
2025-03-17,0.0015531445,0.40909887979047854,NORMAL
2025-03-18,0.00060864515,-0.37306029630955917,NORMAL
2025-03-19,0.000770445,-0.23674164706853168,NORMAL
2025-03-20,0.00081954594,-0.18024833133170137,NORMAL
2025-03-21,0.0006776402,-0.29075645361781144,NORMAL
2025-03-24,0.0020138077,0.7990977103527918,NORMAL
2025-03-25,0.00118842,0.11671666003104011,NORMAL
2025-03-26,0.0012004608,0.11771746361689325,NORMAL
2025-03-27,0.0012717,0.16594866678330103,NORMAL
2025-03-28,0.0015889923,0.4129679891988079,NORMAL
2025-03-31,0.00085010333,-0.20254379088337288,NORMAL
2025-04-01,0.0017998479,0.5662075223591523,NORMAL
2025-04-02,0.0012169883,0.20370741740334633,NORMAL
2025-04-03,0.0015279839,0.5345214681792327,NORMAL
2025-04-04,0.008529877,3.0,HIGH
2025-04-08,0.0012704576,0.0876928882251488,NORMAL
2025-04-09,0.006782554,3.0,HIGH
2025-04-10,0.004969221,2.262656872216005,HIGH
2025-04-11,0.006892575,3.0,HIGH
2025-04-14,0.0019783045,0.29496011271069167,NORMAL
2025-04-15,0.0008087257,-0.37535608174764556,NORMAL
2025-04-16,0.00046615035,-0.5660553179516574,NORMAL
2025-04-17,0.00017881859,-0.7242744547503475,NORMAL
2025-04-18,0.0005528014,-0.5099819577477058,NORMAL
2025-04-21,0.000662833,-0.4342348401290517,NORMAL
2025-04-22,0.00062220707,-0.4633468511537318,NORMAL
2025-04-23,0.0020961636,0.35928972105634566,NORMAL
2025-04-24,0.0009804042,-0.2837757802175169,NORMAL
2025-04-25,0.0010072459,-0.2717849316457209,NORMAL
2025-04-28,0.000914542,-0.3290192503507657,NORMAL
2025-04-29,0.00090583926,-0.33748244969390073,NORMAL
2025-05-05,0.0010756531,-0.2452220837022193,NORMAL
2025-05-06,0.00085789757,-0.37419899212416646,NORMAL
2025-05-07,0.00084942416,-0.36297229190083136,NORMAL
2025-05-08,2.6182504e-05,-0.8223435465231052,NORMAL
2025-05-09,0.0011928477,-0.1512592286577176,NORMAL
2025-05-12,0.00027656346,-0.6728478715919779,NORMAL
2025-05-13,0.000503332,-0.5345441472562908,NORMAL
2025-05-14,0.0004510443,-0.5593860683999488,NORMAL
2025-05-15,0.0027576298,0.7354668704684095,NORMAL
2025-05-16,0.0013838671,-0.05413325098530767,NORMAL
2025-05-19,0.0010737136,-0.23583405391250054,NORMAL
2025-05-20,0.0012833518,-0.12132635794898641,NORMAL
2025-05-21,0.0006949154,-0.4582858943067306,NORMAL
2025-05-22,0.00063334405,-0.4750972359003974,NORMAL
2025-05-23,0.0007094401,-0.4139291632280906,NORMAL
2025-05-26,0.0005471462,-0.5012988826565371,NORMAL
2025-05-27,0.0019956788,0.3910634109724085,NORMAL
2025-05-28,0.0010703318,-0.1992424209552708,NORMAL
2025-05-29,0.0011331099,-0.1711098856526175,NORMAL
2025-05-30,0.001821842,0.258829449551552,NORMAL
2025-06-02,0.00043980242,-0.6185381607465203,NORMAL
2025-06-03,0.00072210236,-0.4350642548195182,NORMAL
2025-06-04,0.0062735816,2.818150243451876,HIGH
2025-06-05,0.0030617635,0.8943579415232816,NORMAL
2025-06-06,0.0024326872,0.5090266487336895,NORMAL
2025-06-09,0.004220613,1.5044398928704314,HIGH
2025-06-10,0.000994849,-0.35567571928258196,NORMAL
2025-06-11,0.0013599789,-0.15179537932573728,NORMAL
2025-06-12,0.0014354773,-0.11432297694193497,NORMAL
2025-06-13,0.001918074,0.16133540740862284,NORMAL
2025-06-16,0.0003347355,-0.7505322780650575,NORMAL
2025-06-17,3.4457655e-05,-0.91218952654339,NORMAL
2025-06-18,0.0019116453,0.15600266371031787,NORMAL
2025-06-19,0.005683802,2.1882660767344326,HIGH
2025-06-20,0.0011314277,-0.31910847579273655,NORMAL
2025-06-23,0.0011259494,-0.3215016290644613,NORMAL
2025-06-24,0.0006906423,-0.5560565729936633,NORMAL
2025-06-25,0.00029056752,-0.7640040676995644,NORMAL
2025-06-26,0.00093568885,-0.403599437049953,NORMAL
2025-06-27,0.0007205396,-0.519967495860583,NORMAL
2025-06-30,0.0017940139,0.06777062187781453,NORMAL
2025-07-01,0.0016325787,-0.02441391782957281,NORMAL
2025-07-02,0.0011597918,-0.27984884656200454,NORMAL
2025-07-03,0.0014598472,-0.058719460870243295,NORMAL
2025-07-04,0.0012277667,-0.2042659772068958,NORMAL
2025-07-07,0.00058941566,-0.5979015707897929,NORMAL
2025-07-08,0.00082395086,-0.4078488928776271,NORMAL
2025-07-09,0.0021278625,0.7124234238858175,NORMAL
2025-07-10,0.0011427295,-0.12446254008425167,NORMAL
2025-07-11,0.00047429814,-0.6951271162043832,NORMAL
2025-07-14,0.0029833843,1.4113637371590952,HIGH
2025-07-15,0.0012202756,-0.10309269786904217,NORMAL
2025-07-16,0.0015490393,0.16506066819752288,NORMAL
2025-07-17,0.00097091333,-0.3373998117810251,NORMAL
2025-07-18,0.0019195951,0.462557045768244,NORMAL
2025-07-21,0.0011943451,-0.15118675854141747,NORMAL
2025-07-22,4.071358e-05,-1.1254764834861424,LOW
2025-07-23,0.0015521478,0.1628691165575561,NORMAL
2025-07-24,0.007935802,3.0,HIGH
2025-07-25,0.0022146367,0.49510616162910637,NORMAL
2025-07-28,0.0019545518,0.3044483271194854,NORMAL
2025-07-29,0.002025992,0.34078271952323064,NORMAL
2025-07-30,0.0013962485,-0.10305901621737748,NORMAL
2025-07-31,0.0019958634,0.2939001819595169,NORMAL
2025-08-01,0.00058244844,-0.6887828289065886,NORMAL
2025-08-04,0.00056359614,-0.707255984581416,NORMAL
2025-08-05,0.0008941726,-0.481306286351684,NORMAL
2025-08-06,0.0018455358,0.17252336724494383,NORMAL
2025-08-07,0.0007874435,-0.5542393352272614,NORMAL
2025-08-08,0.0013580588,-0.1491395649626867,NORMAL
2025-08-11,0.00083645084,-0.5157038217410244,NORMAL
2025-08-12,0.0013465572,-0.15506968401335422,NORMAL
2025-08-13,0.0011023108,-0.33372467646018494,NORMAL
2025-08-14,0.0006296295,-0.6693729695533499,NORMAL
2025-08-15,0.0030214502,0.9965677764482512,NORMAL
2025-08-18,0.0009222054,-0.492112622690516,NORMAL
2025-08-19,0.0004664117,-0.7930890600397036,NORMAL
2025-08-20,0.00086460426,-0.5094140414097761,NORMAL
2025-08-21,0.003275514,1.1508646233321183,HIGH
2025-08-22,0.0012363298,-0.26298426643609635,NORMAL
2025-08-25,0.004887888,2.1502268561191342,HIGH
2025-08-26,0.00045222556,-0.8255855237514059,NORMAL
2025-08-27,0.00018245867,-1.0166695705477784,LOW
2025-08-28,0.0016943053,0.09906863036917621,NORMAL
2025-08-29,0.0005691468,-0.7031347550133059,NORMAL
2025-09-03,0.0010705036,-0.30733482324308975,NORMAL
2025-09-04,0.00089603895,-0.4381862916778707,NORMAL
2025-09-05,5.4729055e-05,-1.0494311227513962,LOW
2025-09-08,0.00061580935,-0.6158418432260103,NORMAL
2025-09-09,0.00087107765,-0.4115861447275606,NORMAL
2025-09-10,0.001157681,-0.20853317110228203,NORMAL
2025-09-11,0.001219053,-0.1788908536598405,NORMAL
2025-09-12,0.005246378,2.660795009781596,HIGH
2025-09-15,0.004552895,2.261314705638212,HIGH
2025-09-16,0.0006622332,-0.6051154576655143,NORMAL
2025-09-17,0.0011248416,-0.26427729148792883,NORMAL
2025-09-18,0.0010222857,-0.3445694354925308,NORMAL
2025-09-19,0.0027857013,0.9258146376149085,NORMAL
2025-09-22,0.0032824161,1.2483694312229632,HIGH
2025-09-23,0.0015549078,-0.02104519186765784,NORMAL
2025-09-24,0.0036521228,1.4626358239968378,HIGH
2025-09-25,0.0042302124,1.7945688769774157,HIGH
2025-09-26,0.0033948775,1.1728784032784634,HIGH
2025-09-29,0.0018234295,0.08431962905105098,NORMAL
2025-09-30,0.00047524902,-0.8332431879016462,NORMAL
2025-10-01,0.0009769965,-0.4945411892385681,NORMAL
2025-10-02,0.0011668357,-0.3684664457505703,NORMAL
2025-10-03,0.002290674,0.40477462623238464,NORMAL
2025-10-06,0.0033945516,1.1288684867935277,HIGH
2025-10-07,0.00121805,-0.36754977851684195,NORMAL
2025-10-08,0.0011842377,-0.37202632064905206,NORMAL
2025-10-09,0.0010412512,-0.4682039438336605,NORMAL
2025-10-10,0.00087131443,-0.5759609987984093,NORMAL
2025-10-13,0.0013712351,-0.23734149805880764,NORMAL
2025-10-14,0.00014530867,-1.0511072978312759,LOW
2025-10-15,0.0012398253,-0.3051397902746408,NORMAL
2025-10-16,0.001684288,-0.02084930543078917,NORMAL
2025-10-17,0.0019962213,0.18915498517801818,NORMAL
2025-10-20,0.0012311549,-0.3158629655472439,NORMAL
2025-10-21,0.0009319391,-0.5471880563586661,NORMAL
2025-10-22,0.0006004493,-0.8007152309033587,NORMAL
2025-10-23,0.00053117075,-0.8335124432995058,NORMAL
2025-10-24,0.00083302194,-0.5751209636310989,NORMAL
2025-10-27,0.00025356538,-1.0200753598418069,LOW
2025-10-28,0.002092123,0.46197419776722665,NORMAL
2025-10-29,0.0012234421,-0.2597288804799804,NORMAL
2025-10-30,8.5282605e-05,-1.1739798795964143,LOW
2025-10-31,9.5617375e-05,-1.1298150232180175,LOW
2025-11-03,0.00036313536,-0.9044674357703127,NORMAL
2025-11-04,0.00146638,-0.019881749884582134,NORMAL
2025-11-05,0.0008796053,-0.49190032181132703,NORMAL
2025-11-06,0.00059622293,-0.7065556407499552,NORMAL
2025-11-07,0.0014033793,-0.06484212459317931,NORMAL
2025-11-10,0.00013115047,-1.0704590065285011,LOW
2025-11-11,0.00020413566,-0.9797542318824523,NORMAL
2025-11-12,0.0010019315,-0.34286131056682684,NORMAL
2025-11-13,0.00048526796,-0.7566664420884287,NORMAL
2025-11-14,0.00091116154,-0.41655854623494376,NORMAL
2025-11-17,0.00046110107,-0.7499176366553116,NORMAL
2025-11-18,0.001410635,0.018773265947961134,NORMAL
2025-11-19,0.0011964268,-0.11340813451425036,NORMAL
2025-11-20,0.0020648856,0.6242701643443023,NORMAL
2025-11-21,0.00092997705,-0.38472424410749323,NORMAL
2025-11-24,0.002147697,0.6824466316290282,NORMAL
2025-11-25,0.0003418331,-0.9023421137826415,NORMAL
2025-11-26,7.1950955e-05,-1.1133650363117087,LOW
2025-11-27,0.00045210076,-0.7734390720962484,NORMAL
2025-11-28,0.00037066452,-0.8524320579450001,NORMAL
2025-12-01,0.0009242338,-0.37609517706327505,NORMAL
2025-12-02,0.00042809825,-0.7991605677055909,NORMAL
2025-12-03,0.0006488699,-0.5983035372995801,NORMAL
2025-12-04,0.0006795777,-0.5624300121266456,NORMAL
2025-12-05,0.00024539535,-0.958341850365547,NORMAL
2025-12-08,0.00022924156,-0.9862464487018131,NORMAL
2025-12-09,0.000863004,-0.3294850030445471,NORMAL
2025-12-10,0.00066708797,-0.5248564701424272,NORMAL
2025-12-11,0.00037861057,-0.809752167748951,NORMAL
2025-12-12,0.0005163781,-0.6414786398339816,NORMAL
2025-12-15,0.00075519714,-0.36031906188010554,NORMAL
2025-12-16,0.00017814082,-0.9689534174304129,NORMAL
2025-12-17,7.056678e-05,-1.0910121439560307,LOW
2025-12-18,8.553197e-05,-1.132451323233732,LOW
2025-12-19,0.0005344581,-0.5156042715492798,NORMAL
2025-12-22,0.00047843833,-0.573833421693907,NORMAL
2025-12-23,0.00053075654,-0.49660459359477926,NORMAL
2025-12-24,0.0018803002,1.4911251063621664,HIGH
2025-12-25,0.00023887912,-0.9140386275115099,NORMAL
2025-12-26,0.0008101254,-0.037050785305917655,NORMAL
2025-12-29,0.0011753002,0.6741987819943245,NORMAL
2025-12-30,0.00068802387,-0.17994875490528522,NORMAL
2025-12-31,0.00053353887,-0.4384966725613074,NORMAL
2026-01-05,0.00013948139,-1.1096597251879494,LOW
2026-01-06,0.00054332614,-0.3803768828393926,NORMAL
2026-01-07,0.0034157531,3.0,HIGH
2026-01-08,8.947181e-05,-1.0694392528739896,LOW
2026-01-09,0.000473161,-0.4654331012249446,NORMAL
2026-01-12,0.002851775,2.947183283644963,HIGH
2026-01-13,0.00067403447,-0.1484802472777926,NORMAL
2026-01-14,0.00044311048,-0.47000836903853954,NORMAL
2026-01-15,0.00040829647,-0.5076302936335966,NORMAL
2026-01-16,0.0006241766,-0.19035655713486418,NORMAL
2026-01-19,0.00051685097,-0.3480174777167154,NORMAL
2026-01-20,0.0002647622,-0.7023472595965464,NORMAL
2026-01-21,0.0005566643,-0.2827815495140104,NORMAL
2026-01-22,0.00057562813,-0.22529332109675027,NORMAL
2026-01-23,0.00024003349,-0.7120642107947611,NORMAL
2026-01-26,0.0002843584,-0.6522344927402854,NORMAL
2026-01-27,0.00054663885,-0.2641079414677393,NORMAL
2026-01-28,0.00083753,0.1725701516549277,NORMAL
2026-01-29,0.00073399534,0.03180199792484878,NORMAL
2026-01-30,0.0005411748,-0.26076234969802514,NORMAL
2026-02-02,0.0004969314,-0.32711271712158607,NORMAL
2026-02-03,0.00044851447,-0.38132271444755117,NORMAL
2026-02-04,0.0014278665,1.1234810242874327,HIGH
2026-02-05,0.0022669593,2.2887659583031925,HIGH
2026-02-06,0.00016825704,-0.8452113261778597,NORMAL
2026-02-09,0.0009775447,0.3547326220619543,NORMAL
2026-02-10,0.0006304332,-0.158288174703442,NORMAL
2026-02-11,0.00043540727,-0.44977099129320175,NORMAL
2026-02-12,0.00027310057,-0.667873192697552,NORMAL
2026-02-13,0.002603449,2.643112533154216,HIGH
2026-02-23,0.0003101934,-0.5847713776931721,NORMAL
2026-02-24,0.00048698357,-0.3159915952957362,NORMAL
2026-02-25,6.196508e-05,-0.9148655098033373,NORMAL
2026-02-26,0.00039509102,-0.4141848525865393,NORMAL
