date,latent_0,latent_1,latent_2
2018-04-03,-0.6710984,1.0126593,-0.027870536
2018-04-04,-0.66015404,1.0638146,-0.1163733
2018-04-05,-0.6715016,1.0201955,-0.039864004
2018-04-06,-0.6609861,-0.62125313,3.0598226
2018-04-09,-0.6402696,0.9612942,0.039069116
2018-04-10,-0.62636393,1.0290604,-0.077986
2018-04-11,-0.6374783,-0.5892712,2.6579745
2018-04-12,-0.6179121,0.82422084,0.07687348
2018-04-13,-0.61968094,0.89026105,-0.012551904
2018-04-16,-0.6147006,0.92066634,-0.020922542
2018-04-17,-0.60617775,0.9546584,-0.015491188
2018-04-18,-0.6129001,0.8458011,0.11172119
2018-04-19,-0.61911887,0.38941595,0.8002243
2018-04-20,-0.5725792,0.49426675,0.87785804
2018-04-23,-0.56002945,1.0156128,-0.090786815
2018-04-24,-0.48766285,1.4305992,-0.8373069
2018-04-26,-0.58907276,0.6769973,0.43494785
2018-04-27,-0.5867018,0.89289,0.056586027
2018-05-02,-0.59316665,0.6081509,0.44530368
2018-05-03,-0.49050575,1.4576929,-1.0956161
2018-05-04,-0.61026627,0.84646577,0.055790722
2018-05-07,-0.60320073,0.8607346,0.09741795
2018-05-08,-0.60598534,0.89407754,0.0378114
2018-05-09,-0.47974092,2.6847854,-3.388642
2018-05-10,-0.650989,0.80240554,0.16186014
2018-05-11,-0.6675094,0.8943601,-0.040719807
2018-05-14,-0.51806337,2.3621044,-2.7472744
2018-05-15,-0.67225975,-0.9596391,3.7537744
2018-05-16,-0.6234159,0.90568155,0.10768095
2018-05-17,-0.6234744,0.95009357,0.049240053
2018-05-18,-0.6192569,0.9843072,-0.009550095
2018-05-21,-0.6322127,0.4663395,0.7709617
2018-05-22,-0.56980723,1.2297459,-0.6780415
2018-05-23,-0.46814758,1.8000264,-1.573973
2018-05-24,-0.6508387,0.80209804,0.16617253
2018-05-25,-0.65765995,0.60473114,0.41897255
2018-05-28,-0.66089565,-0.37617576,1.9527445
2018-05-29,-0.6402696,0.54407066,0.32787862
2018-05-30,-0.60669464,0.96320957,-0.43252593
2018-05-31,-0.6214444,0.50719714,0.5572213
2018-06-01,-0.608282,0.7650383,0.16261232
2018-06-04,-0.59726995,0.83269465,0.12819445
2018-06-05,-0.59904295,0.8794535,0.042467296
2018-06-06,-0.59793,0.8910264,0.04396385
2018-06-07,-0.5759377,0.57484955,0.72556263
2018-06-08,-0.56947345,0.98053664,-0.030294597
2018-06-11,-0.57868177,0.93675035,0.046287417
2018-06-12,-0.4291082,2.224612,-2.4411938
2018-06-13,-0.61076885,0.9254869,0.01753509
2018-06-14,-0.6159727,0.81628346,0.14770254
2018-06-15,-0.61832076,0.84727335,0.06294221
2018-06-18,-0.6343033,0.817888,-0.051650286
2018-06-19,-0.6420327,0.14484781,0.9914061
2018-06-29,-0.59806234,0.25803047,1.0215836
2018-07-02,-0.60477227,0.35412136,0.6342599
2018-07-03,-0.6068348,-0.818834,2.40613
2018-07-04,-0.5103989,1.1379657,-1.2162213
2018-07-05,-0.6172033,0.61722946,-0.30967402
2018-07-06,-0.6070128,0.35790357,0.2780889
2018-07-09,-0.5875183,0.7956816,-0.5311009
2018-07-10,-0.61917144,0.6485926,-0.26204944
2018-07-11,-0.6399507,0.5651088,-0.20812297
2018-07-12,-0.6278947,0.42843395,0.087937385
2018-07-13,-0.63123006,0.46843177,0.0865016
2018-07-16,-0.53952557,1.1759505,-1.1728492
2018-07-17,-0.649324,0.60801417,-0.09737599
2018-07-18,-0.6440869,0.5511924,0.03169787
2018-07-19,-0.653393,0.6107985,-0.08089787
2018-07-20,-0.6603381,0.613647,-0.113559544
2018-07-23,-0.64261895,0.5176842,0.11282644
2018-07-24,-0.64338976,0.5862115,-0.015059471
2018-07-25,-0.6147463,0.8461962,-0.46644527
2018-07-26,-0.58114225,1.0763841,-0.85733026
2018-07-27,-0.51618344,1.588873,-1.7391317
2018-07-30,-0.5893851,1.2004302,-0.9700051
2018-07-31,-0.6658805,3.028406,-4.6554513
2018-08-01,-0.7758729,0.49759686,0.28687394
2018-08-02,-0.7411706,0.84900916,-0.38372606
2018-08-03,-0.6349047,1.4474819,-1.5335946
2018-08-06,-0.79981345,0.050435066,0.96326095
2018-08-07,-0.8035874,-0.2856744,1.488163
2018-08-08,-0.6600968,1.3996093,-1.6447368
2018-08-09,-0.75303274,0.843398,-0.58852094
2018-08-10,-0.72029227,1.0220425,-0.89079636
2018-08-13,-0.7978583,0.6351107,-0.18756145
2018-08-14,-0.78876823,0.6709855,-0.2092163
2018-08-15,-0.7916669,0.6617847,-0.17218304
2018-08-16,-0.8104511,0.45843086,0.2532512
2018-08-17,-0.80115896,0.35996777,0.5034218
2018-08-20,-0.80214316,0.65686715,-0.11809009
2018-08-21,-0.80038697,0.5074624,0.20601997
2018-08-22,-0.79969245,0.6767372,-0.120859206
2018-08-23,-0.8101693,0.21549104,0.6702924
2018-08-24,-0.7832338,-0.8707322,2.8769662
2018-08-27,-0.7439353,0.83770317,-0.3207894
2018-08-28,-0.77700657,0.65448415,-0.041588128
2018-08-29,-0.78125185,0.5682069,0.19974923
2018-08-30,-0.7703015,0.77373976,-0.16770011
2018-08-31,-0.7217229,1.0249743,-0.6084519
2018-09-04,-0.747845,0.92844546,-0.48484927
2018-09-05,-0.6527112,1.6828413,-1.8962686
2018-09-06,-0.80973595,0.42629015,0.39655522
2018-09-07,-0.802435,0.62377715,0.07075298
2018-09-10,-0.8014371,0.7102833,-0.09347111
2018-09-11,-0.80186194,0.6111522,0.15597355
2018-09-12,-0.7816461,0.8217735,-0.20595038
2018-09-13,-0.7907155,0.7732476,-0.07102734
2018-09-14,-0.7975009,0.67476535,0.08569941
2018-09-17,-0.7704188,0.87061906,-0.24505645
2018-09-18,-0.77579695,0.2828831,0.9959252
2018-09-19,-0.75026983,0.8915253,-0.00015884638
2018-09-20,-0.7414587,0.951059,-0.062071264
2018-09-21,-0.6379109,1.5278789,-1.0934303
2018-09-24,-0.6261018,2.9450908,-3.7523372
2018-09-25,-0.7613644,1.023641,-0.022527516
2018-09-26,-0.845831,-0.79295516,3.3607042
2018-09-27,-0.79800206,0.95242494,0.047965765
2018-09-28,-0.79678804,0.9465323,0.10952464
2018-10-01,-0.8000024,0.95498306,0.06351411
2018-10-02,-0.7378971,1.285308,-0.51501757
2018-10-03,-0.79890746,0.96306086,0.089334965
2018-10-04,-0.75824934,1.1991059,-0.34235328
2018-10-05,-0.78628415,1.0680094,-0.07124263
2018-10-08,-0.8094093,-0.21749753,2.206827
2018-10-09,-0.7602175,1.1285241,-0.28855777
2018-10-10,-0.7939995,0.95395464,0.03652209
2018-10-11,-0.7996301,0.9177083,0.08718833
2018-10-12,-0.78137034,1.0381204,-0.14129841
2018-10-15,-0.7684007,1.0942625,-0.21739489
2018-10-16,-0.62798554,1.8397298,-1.5244305
2018-10-17,-0.7621766,1.1629573,-0.29232782
2018-10-18,-0.800144,0.93348217,0.16552386
2018-10-19,-0.806063,0.12753338,1.5530674
2018-10-22,-0.7978005,0.91199183,0.09720078
2018-10-23,-0.79210037,0.9498766,0.03172171
2018-10-24,-0.65351766,2.3230283,-2.5921104
2018-10-25,-0.72937626,1.3539526,-0.70595914
2018-10-26,-0.8211605,0.8501568,0.14902484
2018-10-29,-0.8172025,0.8478659,0.1902206
2018-10-30,-0.81039935,0.72240454,0.486655
2018-10-31,-0.77690643,1.1131874,-0.23089254
2018-11-01,-0.8037476,0.73767215,0.52756506
2018-11-02,-0.79510313,0.6380107,0.74945205
2018-11-05,-0.62229675,2.1079116,-1.9941072
2018-11-06,-0.80553895,0.5785741,0.7949871
2018-11-07,-0.79499966,0.9703795,0.08388308
2018-11-08,-0.7533389,1.1848716,-0.26271164
2018-11-09,-0.77337366,1.1026537,-0.11688739
2018-11-12,-0.80354005,0.19523072,1.4789009
2018-11-13,-0.7866865,1.0198756,-0.09463519
2018-11-14,-0.7872823,0.55223763,0.8820403
2018-11-15,-0.78973275,0.6804882,0.55492866
2018-11-16,-0.6133812,1.952093,-1.7379539
2018-11-19,-0.7866393,1.0220717,-0.021017492
2018-11-20,-0.7991858,0.9275596,0.14311656
2018-11-21,-0.8016241,0.93315846,0.07908893
2018-11-22,-0.80131227,0.94533414,0.032327175
2018-11-23,-0.7357575,1.2929007,-0.57263225
2018-11-26,-0.8005397,0.9175267,0.1628049
2018-11-27,-0.76234597,1.1443983,-0.21097124
2018-11-28,-0.8025122,0.65706605,0.6219055
2018-11-29,-0.8032153,0.9481738,-0.005369544
2018-11-30,-0.8106013,0.92002857,-0.042331994
2018-12-03,-0.7168382,1.3868393,-0.8247009
2018-12-04,-0.7599599,1.1792756,-0.43678123
2018-12-05,-0.7798993,1.0786722,-0.22738725
2018-12-06,-0.8007687,0.9964295,-0.108866274
2018-12-07,-0.8213152,0.7926166,0.20849985
2018-12-10,-0.6923221,1.5612624,-1.1950192
2018-12-11,-0.8262146,0.9137857,-0.057854116
2018-12-12,-0.6768082,1.9730334,-1.9922245
2018-12-13,-0.75925595,1.2865757,-0.65229017
2018-12-14,-0.7985082,1.0976121,-0.35202432
2018-12-17,-0.847776,0.8209614,0.08358964
2018-12-18,-0.8617924,-0.7952602,2.9942613
2018-12-19,-0.84554976,0.8449296,-0.1118139
2018-12-20,-0.8375086,0.116820276,1.3450477
2018-12-21,-0.82413906,0.57103604,0.5472399
2018-12-24,-0.7606463,1.1830232,-0.5898368
2018-12-25,-0.790227,1.0431861,-0.3566242
2018-12-26,-0.7921843,1.0421762,-0.353837
2018-12-27,-0.8249641,0.88495755,-0.051369727
2018-12-28,-0.7314568,1.3548875,-0.8423162
2019-01-02,-0.8136242,0.973414,-0.10698593
2019-01-03,-0.83305985,-0.21151578,1.9764376
2019-01-04,-0.83310574,0.07919273,1.278693
2019-01-07,-0.8238203,0.68657744,0.16544667
2019-01-08,-0.82018465,0.83570045,-0.080212355
2019-01-09,-0.8177046,0.8035921,-0.020835578
2019-01-10,-0.82567805,0.14058533,1.0958066
2019-01-11,-0.8217879,0.7724595,-0.07314706
2019-01-14,-0.81070155,0.837086,-0.22751737
2019-01-15,-0.82967645,0.77533424,-0.11741024
2019-01-16,-0.826253,0.7894477,-0.12082124
2019-01-17,-0.72369367,1.3296155,-1.1827984
2019-01-18,-0.8389941,0.69460917,-0.018676162
2019-01-21,-0.8265789,0.71217006,0.041322768
2019-01-22,-0.77815074,1.0329798,-0.5338085
2019-01-23,-0.83180946,0.7742395,-0.07112658
2019-01-24,-0.8282222,0.7548541,-0.02756989
2019-01-25,-0.8286471,0.77362573,-0.04885018
2019-01-28,-0.83482784,0.69629663,0.028398395
2019-01-29,-0.8062919,0.91723734,-0.3554966
2019-01-30,-0.80285245,0.95837605,-0.43650633
2019-01-31,-0.82410175,0.59873646,0.3454696
2019-02-01,-0.85484,-1.6058484,4.2515945
2019-02-11,-0.7437752,-0.5089907,2.2942548
2019-02-12,-0.74154276,0.7306137,-0.05985123
2019-02-13,-0.7457234,0.08715266,0.94263196
2019-02-14,-0.7165968,0.4605448,0.39817888
2019-02-15,-0.7113101,0.6850553,0.019746065
2019-02-18,-0.71775526,0.7546501,-0.08003056
2019-02-19,-0.71099955,0.7298242,-0.025007188
2019-02-20,-0.71660894,0.19590212,0.78208697
2019-02-21,-0.7105728,0.7457711,-0.23623109
2019-02-22,-0.6834449,0.3030938,0.7616463
2019-02-25,-0.6737371,0.8323955,-0.21720672
2019-02-26,-0.6757522,0.7018548,0.06698996
2019-02-27,-0.67840475,-0.3241238,1.6764324
2019-02-28,-0.6564371,0.58338284,0.0955711
2019-03-01,-0.63738006,0.62055236,0.17583844
2019-03-04,-0.6293054,0.7457894,0.0225752
2019-03-05,-0.62465805,0.7528952,0.044875383
2019-03-06,-0.6309847,0.6825473,0.10327053
2019-03-07,-0.6153566,0.8901981,-0.19301587
2019-03-08,-0.48013037,2.049227,-2.2941668
2019-03-11,-0.5330915,1.5158378,-1.2889862
2019-03-12,-0.6675126,0.8254111,-0.0054144263
2019-03-13,-0.5379279,1.5446386,-1.2632129
2019-03-14,-0.59162503,1.3120061,-0.83586055
2019-03-15,-0.68232566,0.8763006,-0.057404816
2019-03-18,-0.68286234,0.86353624,-0.0009996295
2019-03-19,-0.6871713,0.6777512,0.25700957
2019-03-20,-0.56848985,1.4482939,-1.0279593
2019-03-21,-0.6821576,0.8865843,0.027747095
2019-03-22,-0.5397857,1.6606019,-1.3661461
2019-03-25,-0.6998969,0.739069,0.24167123
2019-03-26,-0.68000084,0.96378577,-0.15759832
2019-03-27,-0.624273,3.2191956,-4.586312
2019-03-28,-0.6909916,1.1535577,-0.46743995
2019-03-29,-0.6359721,1.4574157,-1.0179882
2019-04-01,-0.76556724,-0.38068986,2.2488205
2019-04-02,-0.7660373,0.20784986,1.0107436
2019-04-03,-0.69905597,1.0606756,-0.43683225
2019-04-04,-0.6726276,1.2214808,-0.70403844
2019-04-05,-0.72215766,0.98820066,-0.2772485
2019-04-08,-0.7104127,1.0531768,-0.3717572
2019-04-09,-0.7348822,0.9390422,-0.20013475
2019-04-10,-0.7236647,1.0049608,-0.32847834
2019-04-11,-0.7623188,0.8326317,-0.057647884
2019-04-12,-0.75189203,-0.70464176,3.05016
2019-04-16,-0.73747724,-0.07441729,1.6435919
2019-04-17,-0.70359164,0.12177509,1.4379985
2019-04-18,-0.6840835,0.8979402,0.09139052
2019-04-19,-0.6767768,0.9617338,0.016264558
2019-04-22,-0.6759502,0.9383796,0.07964784
2019-04-23,-0.64234394,1.1170409,-0.23003465
2019-04-24,-0.67753404,0.96923,0.022208214
2019-04-25,-0.677404,0.88945967,0.19361147
2019-04-26,-0.67246395,0.9817212,0.021453857
2019-05-02,-0.6724706,0.98171175,0.021473348
2019-05-03,-0.52558047,1.7564372,-1.3750725
2019-05-06,-0.5769618,1.5352925,-1.0056593
2019-05-07,-0.705123,0.616157,0.59570175
2019-05-08,-0.6963739,0.9464879,-0.0041061044
2019-05-09,-0.7122806,0.9517044,-0.0026046634
2019-05-10,-0.71834284,0.9678167,-0.006087959
2019-05-13,-0.6925877,1.0763988,-0.16804475
2019-05-14,-0.7302974,0.9158046,0.095090955
2019-05-15,-0.7147744,1.0367788,-0.1178571
2019-05-16,-0.5661331,2.0175145,-1.9279282
2019-05-17,-0.6222761,2.989382,-3.902951
2019-05-20,-0.6515611,3.3322392,-4.5757966
2019-05-21,-0.64261454,2.4494846,-2.8160179
2019-05-22,-0.7172368,1.3526757,-0.6728838
2019-05-23,-0.8172813,0.70308745,0.47378135
2019-05-24,-0.8791799,-1.3568821,4.323312
2019-05-27,-0.8017228,0.8135102,0.07267916
2019-05-28,-0.7441307,1.2497785,-0.74224967
2019-05-29,-0.8242807,0.65544116,0.38197586
2019-05-30,-0.8319679,0.3154196,0.918855
2019-05-31,-0.81060797,-0.22087514,2.042866
2019-06-03,-0.8079316,0.8051176,0.04863
2019-06-04,-0.7757377,-0.54856694,2.7928476
2019-06-05,-0.7579077,0.96124643,-0.046499252
2019-06-06,-0.7500647,0.6584641,0.61629516
2019-06-07,-0.7413363,0.90912485,0.20294765
2019-06-10,-0.7320177,1.0353546,-0.030228138
2019-06-11,-0.7393938,0.97884816,0.063290715
2019-06-12,-0.7464991,0.73749983,0.4406343
2019-06-13,-0.7353199,0.85733455,0.2870953
2019-06-14,-0.73774797,0.93612957,0.10019675
2019-06-17,-0.7421846,0.9331907,0.06894493
2019-06-18,-0.75093514,0.83253556,0.17512557
2019-06-19,-0.7502127,0.9320502,0.0028898716
2019-06-20,-0.73914665,0.8884766,0.161591
2019-06-21,-0.5818986,2.0945091,-2.0988934
2019-06-24,-0.75075895,0.97811365,-0.0017401576
2019-06-25,-0.7546528,0.96768355,-0.02740699
2019-06-26,-0.75658697,0.9604527,-0.02345699
2019-06-27,-0.63999754,1.5517423,-1.0611684
2019-06-28,-0.6762131,1.3982366,-0.7183035
2019-07-01,-0.7093201,1.2557592,-0.44211346
2019-07-02,-0.6484216,2.9918745,-3.8743093
2019-07-03,-0.7768342,1.0040731,-0.02037543
2019-07-04,-0.78192896,0.576132,0.8544466
2019-07-05,-0.78620297,0.09392464,1.6291823
2019-07-08,-0.7875257,0.12691289,1.4300088
2019-07-09,-0.77426237,0.8850315,0.03417754
2019-07-10,-0.71170014,1.2229218,-0.5408965
2019-07-11,-0.7143894,1.252294,-0.5891282
2019-07-12,-0.77203315,1.0070757,-0.14183176
2019-07-15,-0.7960673,0.92640924,-0.039637506
2019-07-16,-0.7193472,1.3302481,-0.7454875
2019-07-17,-0.81050485,0.8197366,0.13902795
2019-07-18,-0.731,1.29659,-0.7501195
2019-07-19,-0.8103909,0.9163761,-0.08130139
2019-07-22,-0.82517534,0.29956147,0.9668195
2019-07-23,-0.8069857,0.9113745,-0.20282418
2019-07-24,-0.82243687,0.7545278,0.10672769
2019-07-25,-0.8176952,0.8561183,-0.059268534
2019-07-26,-0.80521494,0.5533698,0.60860246
2019-07-29,-0.7990132,0.8612794,0.04894972
2019-07-30,-0.76973206,-0.27228945,2.3618548
2019-07-31,-0.7553422,0.9216724,0.15426809
2019-08-01,-0.629427,1.628546,-1.1232786
2019-08-02,-0.7029795,1.2785459,-0.58011013
2019-08-05,-0.5992591,1.8480337,-1.5894299
2019-08-06,-0.74791783,1.0950804,-0.19717848
2019-08-07,-0.76820546,0.9999417,-0.029093087
2019-08-08,-0.7675908,0.9982126,-0.016123474
2019-08-09,-0.782005,0.75316095,0.3983873
2019-08-12,-0.75063473,1.0774808,-0.19769216
2019-08-13,-0.78762466,0.64105004,0.53470284
2019-08-14,-0.75640684,-0.04376805,1.994942
2019-08-15,-0.7551473,0.8000971,0.32806197
2019-08-16,-0.7464728,0.67175734,0.6544085
2019-08-19,-0.63804954,1.5290948,-0.9169062
2019-08-20,-0.75241476,0.95743597,0.074043036
2019-08-21,-0.74490196,1.0123277,0.00082594156
2019-08-22,-0.74665767,1.01326,0.0077721477
2019-08-23,-0.7591767,0.92681986,0.11307314
2019-08-26,-0.7519062,1.0027823,-0.0038707852
2019-08-27,-0.59437805,2.1183686,-2.039484
2019-08-28,-0.74460644,1.1160803,-0.15390968
2019-08-29,-0.7698907,0.9955238,0.039319217
2019-08-30,-0.6826647,1.4601696,-0.8182623
2019-09-03,-0.77152854,1.0205672,-0.02446574
2019-09-04,-0.77076405,1.0247387,-0.023287475
2019-09-05,-0.78645605,0.8391087,0.29114056
2019-09-06,-0.77702004,1.0038371,-0.019783556
2019-09-09,-0.72001296,1.2868792,-0.48734516
2019-09-10,-0.7896252,0.80243146,0.34788743
2019-09-11,-0.6993999,1.4182326,-0.7727756
2019-09-12,-0.67294115,3.0135827,-3.931895
2019-09-13,-0.6868575,1.5838113,-1.0145073
2019-09-16,-0.6665997,2.5669243,-2.9786208
2019-09-17,-0.66376907,2.3120687,-2.4500446
2019-09-18,-0.7520881,1.3472891,-0.5744937
2019-09-19,-0.8380088,0.32868055,1.2547274
2019-09-20,-0.78770393,1.1519159,-0.25640416
2019-09-23,-0.6595169,1.8231257,-1.4533906
2019-09-24,-0.7992752,1.0977145,-0.13266832
2019-09-25,-0.83518904,0.82476896,0.35539356
2019-09-26,-0.88952714,-1.1847134,4.37147
2019-09-27,-0.8093315,0.66907394,0.69727546
2019-09-30,-0.7603186,1.2200254,-0.3197258
2019-10-01,-0.82164747,-0.41664273,2.6267302
2019-10-02,-0.8181738,-0.56190073,2.7328317
2019-10-03,-0.7937967,0.95855206,-0.09905195
2019-10-04,-0.81004983,0.6415998,0.4189053
2019-10-07,-0.80436593,0.90380406,-0.097040534
2019-10-08,-0.78398746,0.99128985,-0.24935693
2019-10-09,-0.81120235,0.8788371,-0.05538565
2019-10-10,-0.8109475,0.88566613,-0.07678455
2019-10-11,-0.79891187,0.93576854,-0.1432398
2019-10-14,-0.8081657,0.79927915,0.1439569
2019-10-15,-0.80436796,0.79304504,0.20606387
2019-10-16,-0.7991306,0.9347756,-0.057896078
2019-10-17,-0.75510484,1.1420465,-0.42599243
2019-10-18,-0.79933876,0.94452447,-0.08579916
2019-10-21,-0.81138664,0.8571435,0.031487584
2019-10-22,-0.8078726,0.8662426,0.0532766
2019-10-23,-0.7964999,0.9887724,-0.14569741
2019-10-24,-0.6665395,2.0208876,-2.10195
2019-10-25,-0.7416782,1.3222269,-0.7412804
2019-10-28,-0.7688133,1.2075809,-0.5299073
2019-10-29,-0.6816775,1.9344819,-1.9317787
2019-10-30,-0.7488027,3.2683883,-4.6346717
2019-10-31,-0.8933912,-1.2182657,4.3581448
2019-11-01,-0.6705449,1.6926023,-1.2481725
2019-11-04,-0.82561713,0.410693,1.0391736
2019-11-05,-0.8277357,0.1271745,1.4759716
2019-11-06,-0.82950085,0.20642138,1.2234249
2019-11-07,-0.8250925,0.77665055,0.19788572
2019-11-08,-0.830072,0.6638004,0.3476261
2019-11-11,-0.8023549,1.0014317,-0.26833522
2019-11-12,-0.8266855,0.8089315,0.1387026
2019-11-13,-0.8226592,0.8654897,0.055318475
2019-11-14,-0.8234032,0.9025792,-0.03452784
2019-11-15,-0.8250552,0.86259854,0.012539506
2019-11-18,-0.8159786,0.9459639,-0.09956485
2019-11-19,-0.8067655,0.9865423,-0.1826269
2019-11-20,-0.8217147,0.927305,-0.07924658
2019-11-21,-0.8191224,0.93930304,-0.09971011
2019-11-22,-0.833726,0.6155609,0.42745084
2019-11-25,-0.8280559,0.7924159,0.12828389
2019-11-26,-0.8221038,0.85825425,0.0398764
2019-11-27,-0.8282799,0.67416537,0.3135134
2019-11-28,-0.6895142,2.394854,-2.9020112
2019-11-29,-0.8214548,-0.71466315,3.2266002
2019-12-02,-0.7280739,1.2625837,-0.5280008
2019-12-03,-0.82220405,-1.0158969,3.5470302
2019-12-04,-0.7618466,0.5623779,0.63874185
2019-12-05,-0.7467472,0.9754971,-0.1300453
2019-12-06,-0.7358137,1.0275275,-0.2412858
2019-12-09,-0.7631739,0.90557843,-0.0071406364
2019-12-10,-0.7692266,0.34936935,0.88840896
2019-12-11,-0.75366,0.68650377,0.33756548
2019-12-12,-0.7423602,0.76808554,0.26217085
2019-12-13,-0.74636036,0.813548,0.11716029
2019-12-16,-0.7508673,0.7895876,0.103453904
2019-12-17,-0.737485,0.7107899,0.34354162
2019-12-18,-0.7385871,0.8663985,0.02690643
2019-12-19,-0.74685293,0.74082804,0.19347507
2019-12-20,-0.73558575,0.92655873,-0.07746291
2019-12-23,-0.7272876,0.92118216,0.039490998
2019-12-24,-0.73258847,0.9458841,-0.023174465
2019-12-25,-0.721294,1.016175,-0.18471992
2019-12-26,-0.7144621,1.0523081,-0.23869884
2019-12-27,-0.6083022,1.6416873,-1.2707443
2019-12-30,-0.7366349,0.73254174,0.4825755
2019-12-31,-0.59686595,2.7593687,-3.3762982
2020-01-02,-0.63440186,1.6027144,-1.0979898
2020-01-03,-0.7588915,0.94736695,0.1363428
2020-01-06,-0.7480349,1.0393406,-0.045334995
2020-01-07,-0.76336795,0.9158331,0.14634684
2020-01-08,-0.60703856,2.2892406,-2.4395158
2020-01-09,-0.6901699,1.3917521,-0.68486744
2020-01-10,-0.69830996,1.3654704,-0.635541
2020-01-13,-0.7116117,1.3125831,-0.551042
2020-01-14,-0.70090944,1.3742139,-0.62284225
2020-01-15,-0.65617853,1.6258497,-1.0783186
2020-01-16,-0.765111,1.0817076,-0.11094278
2020-01-17,-0.6358507,1.7600205,-1.3326058
2020-01-20,-0.69451827,1.4725928,-0.790865
2020-01-21,-0.7545807,1.1701407,-0.24020296
2020-01-22,-0.80458766,0.40765923,1.1094079
2020-01-30,-0.7666536,1.1052165,-0.22794294
2020-01-31,-0.81156355,0.8804212,0.15876177
2020-02-03,-0.77458614,1.0940195,-0.21274173
2020-02-04,-0.6466531,1.9270115,-1.7918112
2020-02-05,-0.6871765,2.7619398,-3.4784935
2020-02-06,-0.8251105,0.49849504,0.9651567
2020-02-07,-0.71611696,1.481757,-0.8645018
2020-02-10,-0.80026203,1.043791,-0.096900284
2020-02-11,-0.7589422,1.2726809,-0.46983963
2020-02-12,-0.824549,0.902452,0.231078
2020-02-13,-0.7845331,1.1402763,-0.19947988
2020-02-14,-0.81477505,0.9752093,0.07801521
2020-02-17,-0.7884353,1.1050434,-0.12919825
2020-02-18,-0.78588086,1.1358271,-0.1966024
2020-02-19,-0.8033983,1.0222161,-0.032297194
2020-02-20,-0.8275325,0.8557073,0.29267377
2020-02-21,-0.83455485,-0.18545961,2.171768
2020-02-24,-0.8298972,0.8664576,0.13258162
2020-02-25,-0.82543594,0.62003934,0.6607422
2020-02-26,-0.68039757,1.6551452,-1.2509534
2020-02-27,-0.7813471,1.1545734,-0.35172796
2020-02-28,-0.8378747,0.66901726,0.49546275
2020-03-02,-0.849341,-0.0801734,1.8176854
2020-03-03,-0.83700305,0.6837599,0.42078835
2020-03-04,-0.8179665,1.0368824,-0.20865381
2020-03-05,-0.68666476,1.7699203,-1.5374973
2020-03-06,-0.8513581,0.48995176,0.86896735
2020-03-09,-0.90881735,-1.3030092,4.2144594
2020-03-10,-0.83434874,0.6828289,0.37158635
2020-03-11,-0.84392446,0.7251259,0.21773595
2020-03-12,-0.85143834,0.5086208,0.5315246
2020-03-13,-0.840581,0.45112264,0.7095227
2020-03-16,-0.84485227,0.6742215,0.20582712
2020-03-17,-0.84354717,0.7877587,-0.013562977
2020-03-18,-0.8524352,-1.3099092,4.3032537
2020-03-19,-0.77805763,0.8780817,0.05556214
2020-03-20,-0.73889655,1.117278,-0.36864477
2020-03-23,-0.789123,0.52136564,0.60749257
2020-03-24,-0.78310555,0.88603896,-0.026162207
2020-03-25,-0.78371257,0.8890033,-0.031163752
2020-03-26,-0.7872167,0.7245343,0.1992386
2020-03-27,-0.7848031,0.8863961,-0.11919844
2020-03-30,-0.74689275,1.0720804,-0.44106227
2020-03-31,-0.77641815,0.9470784,-0.21337014
2020-04-01,-0.7941106,0.834189,0.011190772
2020-04-03,-0.788089,0.7970879,0.12970215
2020-04-06,-0.7667596,0.9950436,-0.22472012
2020-04-07,-0.682313,1.4131773,-0.87134653
2020-04-08,-0.76618737,1.0052805,-0.10824001
2020-04-09,-0.73477095,1.1617212,-0.41225684
2020-04-10,-0.7168377,1.2792135,-0.65860146
2020-04-13,-0.7806683,0.8817317,0.14396763
2020-04-14,-0.77441245,0.9849836,-0.11758053
2020-04-15,-0.7881399,0.8960442,0.022087336
2020-04-16,-0.70629865,3.2368145,-4.6151614
2020-04-17,-0.8109521,0.8974882,0.0066211224
2020-04-20,-0.8139965,0.88000983,0.02254653
2020-04-21,-0.6685166,2.02653,-2.125586
2020-04-22,-0.76986164,1.1768762,-0.5090211
2020-04-23,-0.8227897,0.91732347,-0.061020553
2020-04-24,-0.702076,1.5458905,-1.1559696
2020-04-27,-0.89225334,-1.3371874,4.1866684
2020-04-28,-0.8384382,-1.3022197,4.355781
2020-04-29,-0.7495236,0.7288451,0.46332508
2020-05-04,-0.75188905,0.8399549,0.20302793
2020-05-05,-0.7373155,1.012984,-0.09965664
2020-05-06,-0.74861103,0.9676171,-0.01196146
2020-05-07,-0.66852194,1.36206,-0.6930978
2020-05-08,-0.746515,0.96658015,0.04096812
2020-05-11,-0.73455566,1.0406649,-0.066634
2020-05-12,-0.7520885,0.9285485,0.087809294
2020-05-13,-0.74568576,0.9946791,-0.10360277
2020-05-14,-0.73138386,1.0582867,-0.23612273
2020-05-15,-0.7583161,0.8996429,0.08385873
2020-05-18,-0.7452375,0.8285303,0.31446922
2020-05-19,-0.7391096,0.9415551,0.14021376
2020-05-20,-0.73847586,1.004049,0.0024749637
2020-05-21,-0.72912055,1.0451725,-0.064377785
2020-05-22,-0.7432962,0.9623301,0.060462892
2020-05-25,-0.7473715,0.9100989,0.12902129
2020-05-26,-0.75098866,0.8586012,0.17625093
2020-05-27,-0.591615,1.8305173,-1.6640232
2020-05-28,-0.65762144,3.3023036,-4.5792027
2020-05-29,-0.7689802,0.9650889,0.09536201
2020-06-01,-0.71648914,1.2423856,-0.38480037
2020-06-02,-0.7951929,-1.4281008,4.33626
2020-06-03,-0.71139127,0.611711,0.44109747
2020-06-04,-0.7083157,0.83576095,0.06435758
2020-06-05,-0.7147288,0.79973376,0.06050557
2020-06-08,-0.7198029,0.8543439,-0.036655486
2020-06-09,-0.7188073,0.86486536,-0.041569173
2020-06-10,-0.7054556,0.9230937,-0.10935992
2020-06-11,-0.70637864,0.8415554,0.10001141
2020-06-12,-0.7140545,0.40342426,0.7561729
2020-06-15,-0.6861786,1.0162802,-0.3602144
2020-06-16,-0.71345896,0.8283161,0.035427094
2020-06-17,-0.7133114,0.8498596,0.0050631166
2020-06-18,-0.7192593,0.8368174,-0.004076183
2020-06-19,-0.72219485,0.80469805,0.0148797035
2020-06-22,-0.7131178,0.7504227,0.18257028
2020-06-23,-0.69167167,0.6035147,0.59819186
2020-06-24,-0.6719158,1.0207767,-0.17154032
2020-06-25,-0.6757806,1.0128341,-0.2068978
2020-06-26,-0.6885329,0.9529284,-0.007329941
2020-06-29,-0.6914001,0.92263377,0.020170927
2020-06-30,-0.60424,3.3086054,-4.5494514
2020-07-01,-0.7002999,1.1391788,-0.3108806
2020-07-02,-0.8022652,-1.4182814,4.337102
2020-07-03,-0.7268396,0.8553475,-0.035795987
2020-07-06,-0.7220076,0.8320904,0.030241251
2020-07-07,-0.72076815,0.86034304,0.0009351969
2020-07-08,-0.7273943,0.676216,0.25684664
2020-07-09,-0.72174186,0.85682344,-0.014800012
2020-07-10,-0.59882504,1.5154544,-1.2261679
2020-07-13,-0.736855,0.7544494,0.10497099
2020-07-14,-0.7097333,0.9574514,-0.23208112
2020-07-15,-0.7239832,0.6873179,0.34205055
2020-07-16,-0.7233905,0.8843442,-0.051361322
2020-07-17,-0.7148401,0.9193724,-0.08748752
2020-07-20,-0.69626135,0.99957484,-0.21069187
2020-07-21,-0.6085995,1.4884136,-1.1047308
2020-07-22,-0.73598796,0.89090616,-0.022004604
2020-07-23,-0.7353932,0.9271064,-0.03850043
2020-07-24,-0.6682891,1.2751123,-0.6700347
2020-07-27,-0.7535699,0.6381798,0.40190977
2020-07-28,-0.7389098,0.7642035,0.26388955
2020-07-29,-0.7247837,0.96734643,-0.13015598
2020-07-30,-0.65737826,3.250632,-4.5940824
2020-07-31,-0.7186813,1.1949879,-0.49839395
2020-08-03,-0.7630823,0.9703474,-0.08750123
2020-08-04,-0.7736618,0.8921019,0.07851547
2020-08-05,-0.6104762,1.7600057,-1.4241295
2020-08-06,-0.69746834,1.3294376,-0.6305985
2020-08-07,-0.7863032,0.64661026,0.56854784
2020-08-10,-0.7438423,1.1075592,-0.31739968
2020-08-11,-0.7981283,-0.15709943,1.9413936
2020-08-12,-0.6675871,1.4841166,-1.0872681
2020-08-13,-0.80161756,-0.2390114,1.9892204
2020-08-14,-0.8025188,0.09164655,1.2381856
2020-08-17,-0.7794035,0.0021152496,1.5210263
2020-08-18,-0.74235386,-0.37941653,2.4127092
2020-08-19,-0.72983736,0.8850031,0.039489686
2020-08-20,-0.7140488,0.98868287,-0.12514782
2020-08-21,-0.7306282,0.92953044,-0.02061379
2020-08-24,-0.6671656,1.2410494,-0.5660284
2020-08-25,-0.68346244,1.3070775,-0.68919057
2020-08-26,-0.75924546,0.95616823,-0.043479025
2020-08-27,-0.7574797,0.96510494,-0.050459564
2020-08-28,-0.76227385,0.94679713,-0.020491779
2020-08-31,-0.7713708,-0.26884353,2.0727658
2020-09-01,-0.75076693,0.9184776,-0.15875316
2020-09-03,-0.7472752,0.93549687,-0.16298723
2020-09-04,-0.76506454,0.86728793,-0.034843385
2020-09-07,-0.75736433,0.9195523,-0.1063326
2020-09-08,-0.7625428,0.8999026,-0.07183093
2020-09-09,-0.70532995,1.1950797,-0.62584275
2020-09-10,-0.7786631,0.844373,-0.031124294
2020-09-11,-0.68515426,1.3390837,-0.954259
2020-09-14,-0.72379357,1.1725157,-0.7231589
2020-09-15,-0.6991703,1.3120396,-0.909596
2020-09-16,-0.69799715,2.9095538,-4.0723457
2020-09-17,-0.8125623,0.8098819,0.06951755
2020-09-18,-0.80920345,0.8265227,0.05607611
2020-09-21,-0.80827254,0.83893144,0.04960817
2020-09-22,-0.8044241,0.85753363,0.030795813
2020-09-23,-0.7941775,0.92816436,-0.040915668
2020-09-24,-0.8038576,0.8620944,0.04775375
2020-09-25,-0.7982932,-0.17540228,2.165961
2020-09-28,-0.7957266,0.8140562,0.24016762
2020-09-29,-0.6912746,2.8568783,-3.8188465
2020-09-30,-0.812077,0.9225186,-0.054940164
2020-10-01,-0.8271987,0.7174978,0.29259336
2020-10-02,-0.8181918,0.9103279,-0.077068865
2020-10-05,-0.8140052,0.9399988,-0.119336665
2020-10-06,-0.81532544,0.36520496,1.0458484
2020-10-07,-0.7905691,1.0076566,-0.15677524
2020-10-08,-0.8194439,0.5988469,0.5265839
2020-10-09,-0.80772597,0.71372163,0.38375846
2020-10-12,-0.7044776,1.4274567,-0.91822654
2020-10-13,-0.751936,1.1970042,-0.49776882
2020-10-14,-0.8028663,0.95682216,-0.08530563
2020-10-15,-0.8086708,0.8791429,0.10781273
2020-10-16,-0.79683644,0.96325433,-0.039946377
2020-10-19,-0.80016357,0.9193464,0.07993364
2020-10-20,-0.8092043,0.59982866,0.62335926
2020-10-21,-0.8024625,0.915946,0.035563707
2020-10-22,-0.7803524,1.0469579,-0.19180375
2020-10-23,-0.6659339,2.142255,-2.3323252
2020-10-26,-0.8092888,0.26004606,1.3261766
2020-10-27,-0.67202514,1.6136141,-1.175389
2020-10-28,-0.81416374,0.7616385,0.3347143
2020-10-29,-0.7424794,1.2647334,-0.566058
2020-10-30,-0.79296786,0.99768937,-0.04285544
2020-11-02,-0.7910548,1.0040212,-0.031059802
2020-11-03,-0.6595488,1.7014005,-1.2667239
2020-11-04,-0.81657857,0.7804052,0.37147427
2020-11-05,-0.6864,1.5883347,-1.0672309
2020-11-06,-0.68220395,1.6493835,-1.1737423
2020-11-09,-0.81002337,1.0083174,-0.041267216
2020-11-10,-0.81285113,1.0093518,-0.033972442
2020-11-11,-0.8155164,1.0437512,-0.06423885
2020-11-12,-0.76311,1.3211502,-0.5252536
2020-11-13,-0.80769867,1.1022604,-0.13709146
2020-11-16,-0.8110903,1.0811319,-0.11088878
2020-11-17,-0.6914814,1.7132139,-1.2673738
2020-11-18,-0.83864254,0.96485096,0.018369496
2020-11-19,-0.8424682,0.882127,0.24511284
2020-11-20,-0.68743247,1.742769,-1.3024561
2020-11-23,-0.7375544,3.3550541,-4.6108184
2020-11-24,-0.8466061,1.0298109,-0.057248652
2020-11-25,-0.71640056,1.7205782,-1.2835329
2020-11-26,-0.8690534,0.64392495,0.7305819
2020-11-27,-0.8374478,1.0816185,-0.1169644
2020-11-30,-0.8744504,0.22526443,1.4708095
2020-12-01,-0.86179024,0.96505433,0.01202178
2020-12-02,-0.77708846,1.4049602,-0.7100436
2020-12-03,-0.74457115,1.5748994,-1.0187547
2020-12-04,-0.8646795,0.9571336,0.05008167
2020-12-07,-0.8695182,0.92960346,0.13887647
2020-12-08,-0.8713816,0.5957599,0.8234032
2020-12-09,-0.8219778,1.1921842,-0.28480494
2020-12-10,-0.87347645,0.7434486,0.5074699
2020-12-11,-0.8509018,1.0228753,-0.059107125
2020-12-14,-0.79669446,1.3275063,-0.5661264
2020-12-15,-0.8047506,1.2893195,-0.4963327
2020-12-16,-0.79091936,1.3620912,-0.6419291
2020-12-17,-0.7629927,1.5042943,-0.9006823
2020-12-18,-0.8372435,1.1198019,-0.18964952
2020-12-21,-0.8248276,1.1855344,-0.29876536
2020-12-22,-0.869132,0.9469508,0.091308266
2020-12-23,-0.8791012,0.73927706,0.4800218
2020-12-24,-0.717609,1.7416788,-1.3678908
2020-12-25,-0.88086826,-0.0066224635,1.9223914
2020-12-28,-0.70753783,2.1290898,-2.098261
2020-12-29,-0.8473535,1.0524696,-0.09434205
2020-12-30,-0.7955976,1.3367233,-0.5870599
2020-12-31,-0.94365185,-1.1476774,4.3210397
2021-01-04,-0.8638999,-0.11144394,2.206925
2021-01-05,-0.8359366,1.0545702,-0.037079513
2021-01-06,-0.82375556,1.137261,-0.15418798
2021-01-07,-0.85839516,0.93661034,0.20680508
2021-01-08,-0.8647097,0.45182008,1.0586537
2021-01-11,-0.8430658,1.0220268,-0.051733196
2021-01-12,-0.8528915,0.1726982,1.6645885
2021-01-13,-0.82885355,1.0545784,-0.037531078
2021-01-14,-0.69096273,-1.2836256,4.4258313
2021-01-15,-0.5893529,0.27573502,1.2816551
2021-01-18,-0.5865597,0.8850722,0.11487654
2021-01-19,-0.5908895,0.1810033,1.2002697
2021-01-20,-0.5844595,-0.29345256,1.7060261
2021-01-21,-0.4760254,-0.10616514,1.812429
2021-01-22,-0.47094876,0.8461363,0.07056558
2021-01-25,-0.44458348,0.6571525,0.4549793
2021-01-26,-0.45146376,0.63396275,0.38610166
2021-01-27,-0.45091158,-0.16058552,1.4393029
2021-01-28,-0.41843683,-1.1535714,2.5747132
2021-01-29,-0.3797688,0.19190669,0.2575694
2021-02-01,-0.39283937,0.18764322,0.11646503
2021-02-02,-0.3689862,0.23781185,0.22292209
2021-02-03,-0.33299875,0.29700926,0.4019683
2021-02-04,-0.33373833,0.455522,0.103345126
2021-02-05,-0.34580266,0.3438472,0.16428557
2021-02-08,-0.378519,-0.18593955,0.73677516
2021-02-09,-0.35802764,0.22431499,0.11940622
2021-02-17,-0.3310039,0.27657625,0.24959502
2021-02-18,-0.20367396,1.2665485,-1.4634101
2021-02-19,-0.32644135,0.68193877,-0.46248358
2021-02-22,-0.32517105,0.38471365,0.13902465
2021-02-23,-0.36096102,0.4218886,-0.07719821
2021-02-24,-0.35095787,0.6450009,-0.5166535
2021-02-25,-0.30013418,1.0748092,-1.3368049
2021-02-26,-0.41384172,0.33336803,-0.024331808
2021-03-01,-0.3968178,0.4834522,-0.06966525
2021-03-02,-0.3899268,0.45049977,-0.0017844439
2021-03-03,-0.3342393,0.9700607,-0.912162
2021-03-04,-0.37316597,2.3621457,-3.8840845
2021-03-05,-0.47385186,0.60166216,-0.25219995
2021-03-08,-0.46881288,0.6544871,-0.34562057
2021-03-09,-0.37714666,-0.48962307,2.2964034
2021-03-10,-0.3333925,1.025058,-0.57555157
2021-03-11,-0.3953901,0.5290093,0.21508059
2021-03-12,-0.4110257,0.25828576,0.45978034
2021-03-15,-0.34805393,1.0670733,-1.2510209
2021-03-16,-0.4280966,0.37032217,0.21414894
2021-03-17,-0.38229734,0.38304,0.50517327
2021-03-18,-0.37388176,0.6511152,0.08478537
2021-03-19,-0.38873196,0.24778353,0.5953879
2021-03-22,-0.39691538,0.43610808,0.13065583
2021-03-23,-0.41790307,0.42254832,0.0019559264
2021-03-24,-0.42062157,0.37453765,0.029230654
2021-03-25,-0.4108979,0.40319338,0.057624757
2021-03-26,-0.41161633,0.443552,0.01341933
2021-03-29,-0.38366383,0.72994816,-0.41888386
2021-03-30,-0.3874387,0.42244536,0.2945285
2021-03-31,-0.38188058,0.55887747,0.0895423
2021-04-01,-0.35610116,0.7784071,-0.037877798
2021-04-02,-0.35619593,0.7998655,-0.11310011
2021-04-05,-0.36907512,0.59933776,0.17815968
2021-04-06,-0.25890923,2.0387084,-2.7051713
2021-04-07,-0.44421262,0.58348596,0.008246899
2021-04-08,-0.43012613,0.5988128,0.07465738
2021-04-09,-0.3418519,1.1807002,-0.8973022
2021-04-12,-0.31388956,1.3950937,-1.1977797
2021-04-13,-0.38032514,1.0963646,-0.6267188
2021-04-14,-0.27849108,1.8776171,-2.0859733
2021-04-15,-0.5001605,-0.0026900768,1.159945
2021-04-16,-0.3819266,1.3339746,-1.3232734
2021-04-19,-0.47781533,0.05650893,1.2934551
2021-04-20,-0.4076708,1.1264675,-0.71381515
2021-04-22,-0.51257735,-1.3794603,3.5713341
2021-04-23,-0.45204812,0.15844372,0.8866813
2021-04-26,-0.44812292,0.6245749,0.040619493
2021-04-27,-0.43909115,0.73814577,-0.008295238
2021-04-28,-0.40148395,0.9349473,-0.2721418
2021-04-29,-0.4491598,0.7634007,0.03154522
2021-05-04,-0.39807004,1.2801813,-0.9682738
2021-05-05,-0.50620466,0.7276348,0.033285975
2021-05-06,-0.51729995,0.08768308,0.9510211
2021-05-07,-0.51063925,0.74445343,-0.37092853
2021-05-10,-0.5433144,0.53872085,-0.011290789
2021-05-11,-0.55405873,0.58574355,-0.18328828
2021-05-12,-0.56117517,0.5780962,-0.21850902
2021-05-13,-0.5740809,0.6055422,-0.2565167
2021-05-14,-0.58863515,0.5094093,-0.084611475
2021-05-17,-0.5915291,0.4734345,-0.04639101
2021-05-18,-0.5681984,0.6652286,-0.25264603
2021-05-19,-0.56585485,0.47707734,0.15851828
2021-05-20,-0.43759662,1.4130921,-1.5529523
2021-05-21,-0.5989837,0.49384865,0.033478975
2021-05-24,-0.53732353,2.873555,-4.599309
2021-05-25,-0.56508726,2.3827758,-3.6804526
2021-05-26,-0.67195934,0.63833976,-0.26210475
2021-05-27,-0.6899269,0.57821536,-0.14996165
2021-05-28,-0.69441,0.5503961,-0.09012848
2021-05-31,-0.6978,0.54779893,-0.123410225
2021-06-01,-0.6973755,0.5815344,-0.24630517
2021-06-02,-0.6955944,0.07393286,0.79525554
2021-06-03,-0.6203231,2.855036,-4.622163
2021-06-04,-0.6483999,1.1080968,-1.0631185
2021-06-07,-0.756496,0.4854736,0.027428448
2021-06-08,-0.6631842,1.0635315,-1.0069482
2021-06-09,-0.73512083,0.7399863,-0.42492014
2021-06-10,-0.7743954,0.55864155,-0.08918083
2021-06-11,-0.780083,0.58356255,-0.12380487
2021-06-14,-0.7738171,0.0031265318,1.0825491
2021-06-15,-0.71215695,0.90116894,-0.46500522
2021-06-16,-0.761931,-1.2836958,3.9877994
2021-06-17,-0.6930476,0.83882207,-0.12531275
2021-06-18,-0.66472334,1.0118101,-0.47385567
2021-06-21,-0.710687,0.7604939,0.00898689
2021-06-22,-0.681133,0.9467553,-0.38570023
2021-06-23,-0.7264549,0.49197716,0.3842799
2021-06-24,-0.7273089,0.730265,-0.061570883
2021-06-25,-0.7318736,0.59339195,0.15352291
2021-06-28,-0.7063976,0.83920145,-0.27962804
2021-06-29,-0.7122044,0.44023296,0.6640838
2021-06-30,-0.6678614,1.0091566,-0.35942847
2021-07-01,-0.7076083,0.83063626,-0.028629899
2021-07-02,-0.71908695,0.19300532,1.0478745
2021-07-05,-0.6905109,0.89509094,-0.24807525
2021-07-06,-0.7215311,0.5449809,0.328744
2021-07-07,-0.7248046,0.63567185,0.11182371
2021-07-08,-0.7265679,0.7350036,-0.054758728
2021-07-09,-0.7268463,0.4679441,0.38473266
2021-07-12,-0.6903979,0.9177552,-0.48223978
2021-07-13,-0.7046321,0.8604115,-0.26616502
2021-07-14,-0.5725977,2.1721108,-2.6250553
2021-07-15,-0.7420916,0.54739463,0.40482825
2021-07-16,-0.7180266,0.8825187,-0.11899471
2021-07-19,-0.76273257,0.39577296,0.6755258
2021-07-20,-0.7809374,0.76718,-0.08416706
2021-07-21,-0.7764037,0.7836372,-0.074085474
2021-07-22,-0.7315102,-1.3194551,4.3991866
2021-07-23,-0.65554994,0.94763887,-0.035283804
2021-07-26,-0.6394641,0.7141096,0.5060119
2021-07-27,-0.6449669,0.95739305,-0.07975733
2021-07-28,-0.6586198,0.75954443,0.1975942
2021-07-29,-0.63069934,0.42170814,1.0536138
2021-07-30,-0.57348925,-1.3444619,4.4612713
2021-08-02,-0.50319535,0.88432914,0.083081365
2021-08-03,-0.50835675,0.9101085,0.03992361
2021-08-04,-0.5062304,0.95025563,-0.02818966
2021-08-05,-0.5034686,0.87492466,0.10260609
2021-08-06,-0.50369734,0.9762117,-0.08044791
2021-08-09,-0.5108618,0.9394629,-0.0033355951
2021-08-10,-0.5062701,0.8712586,0.114026815
2021-08-11,-0.5103236,0.7691334,0.25169206
2021-08-12,-0.48704702,1.0446622,-0.18802851
2021-08-13,-0.5144114,0.9409834,-0.002701223
2021-08-16,-0.4865685,1.0985041,-0.30498737
2021-08-17,-0.5282127,0.561149,0.50593024
2021-08-18,-0.52403265,0.83099174,0.060932875
2021-08-19,-0.40896946,1.5227008,-1.0410984
2021-08-20,-0.5277397,0.77430373,0.24416658
2021-08-23,-0.53097385,0.7925808,0.16182634
2021-08-24,-0.48186368,1.1821889,-0.46259433
2021-08-25,-0.5018775,1.099125,-0.2632578
2021-08-26,-0.5411505,0.73534805,0.27530593
2021-08-27,-0.4955774,3.2422373,-4.5136495
2021-08-30,-0.6327267,0.8985714,0.14365396
2021-08-31,-0.55392915,1.3363806,-0.6596914
2021-09-01,-0.6428986,0.80322534,0.26429075
2021-09-06,-0.5959379,1.1182578,-0.24912554
2021-09-07,-0.6778931,-1.5021496,4.370834
2021-09-08,-0.5562324,0.13221955,1.4440353
2021-09-09,-0.5455232,0.8681518,0.11392042
2021-09-10,-0.54151493,0.96104485,-0.015824378
2021-09-13,-0.5555633,-0.00083720684,1.4591255
2021-09-14,-0.56226164,0.053345144,1.028942
2021-09-15,-0.526316,0.32470673,0.7124397
2021-09-16,-0.524252,0.79600227,-0.23287499
2021-09-17,-0.4829443,0.18741626,1.1927831
2021-09-20,-0.49417883,0.47243288,0.40217203
2021-09-21,-0.47828823,0.6301727,0.22071153
2021-09-22,-0.4543603,0.6354743,0.37913287
2021-09-23,-0.46205777,0.8271391,0.037131667
2021-09-24,-0.45030445,0.8144027,0.10481283
2021-09-27,-0.44922727,0.9090294,-0.057542145
2021-09-28,-0.44206387,0.7758876,0.2594544
2021-09-29,-0.451518,0.74101573,0.19816226
2021-09-30,-0.43632287,0.7761797,0.25540137
2021-10-01,-0.43719655,0.8501075,0.11728197
2021-10-04,-0.44609183,0.89611256,0.039263487
2021-10-05,-0.26758045,1.9452989,-1.8473799
2021-10-06,-0.3701052,1.5096822,-1.0460579
2021-10-07,-0.49431115,0.8984288,0.059778273
2021-10-08,-0.49587113,0.9010273,0.056081712
2021-10-11,-0.3184814,1.9119934,-1.7638285
2021-10-12,-0.36578894,2.5073626,-2.9653318
2021-10-13,-0.566101,0.376307,0.8592048
2021-10-14,-0.5277571,0.29737192,1.2089472
2021-10-15,-0.3477975,1.8836881,-1.7014744
2021-10-18,-0.3850184,2.3134637,-2.553717
2021-10-19,-0.58584756,0.59634644,0.566617
2021-10-20,-0.594883,0.06543884,1.331203
2021-10-21,-0.594443,0.7136143,0.07914233
2021-10-22,-0.5919363,0.77787316,0.012885034
2021-10-25,-0.59197086,0.79517186,0.0035312772
2021-10-26,-0.58044904,1.0475186,-0.43279153
2021-10-27,-0.6114666,0.8797847,0.010612786
2021-10-28,-0.5904487,0.5843248,0.710695
2021-10-29,-0.59189993,0.91866577,0.056777596
2021-11-01,-0.5940544,-0.56353515,2.5115678
2021-11-02,-0.5066064,-0.5297632,2.762438
2021-11-03,-0.50927144,0.46706188,0.6653802
2021-11-04,-0.43814176,-1.1633935,3.992443
2021-11-05,-0.3391136,-0.014802724,1.6877549
2021-11-08,-0.3354283,0.79671913,0.15476382
2021-11-09,-0.32027322,0.57026017,0.5720209
2021-11-10,-0.2987588,1.07267,-0.33778554
2021-11-11,-0.33498567,0.8167118,0.11724448
2021-11-12,-0.31503385,0.5705044,0.5670486
2021-11-15,-0.31369108,0.774001,0.18232384
2021-11-16,-0.3252296,0.30189836,0.7609142
2021-11-17,-0.27493566,1.0243261,-0.27000076
2021-11-18,-0.3030787,0.80816317,0.11233759
2021-11-19,-0.30240297,0.8047695,0.1178717
2021-11-22,-0.30374438,0.41086715,0.6553346
2021-11-23,-0.30390596,0.8310021,0.016975582
2021-11-24,-0.29226804,0.5754386,0.401371
2021-11-25,-0.2938562,0.595005,0.30197793
2021-11-26,-0.29692286,0.6429823,0.1718877
2021-11-29,-0.22425586,1.3091508,-0.95613176
2021-11-30,-0.2914735,1.0402436,-0.28849804
2021-12-01,-0.28305978,1.1738147,-0.5218107
2021-12-02,-0.16718012,2.0504258,-2.1100628
2021-12-03,-0.25816578,1.6599565,-1.4817331
2021-12-06,-0.43223864,0.047500312,1.2185838
2021-12-07,-0.38943738,0.73926705,0.2894414
2021-12-08,-0.396353,0.85391927,0.08035356
2021-12-09,-0.35963118,1.0921112,-0.34152585
2021-12-10,-0.30061412,1.5128158,-1.094379
2021-12-13,-0.38400847,-0.34850144,2.3392508
2021-12-14,-0.27905762,1.4927181,-1.0886884
2021-12-15,-0.3806796,1.0190789,-0.310072
2021-12-16,-0.39564174,0.9811801,-0.30836123
2021-12-17,-0.41728967,-1.0952864,2.9731677
2021-12-20,-0.40168643,0.657518,-0.24196982
2021-12-21,-0.39698958,0.5609206,0.043891013
2021-12-22,-0.3785721,0.58102083,0.14578104
2021-12-23,-0.3899147,0.29903483,0.45523104
2021-12-24,-0.37955105,0.54207504,0.087797076
2021-12-27,-0.38022172,0.56502557,0.06377405
2021-12-28,-0.35533506,0.84733635,-0.4011249
2021-12-29,-0.38978183,0.4898271,0.1531069
2021-12-30,-0.38004583,0.55846035,0.112010896
2021-12-31,-0.39062732,0.6657613,-0.054320514
2022-01-04,-0.33642685,0.93729013,-0.35324436
2022-01-05,-0.3192585,0.98760074,-0.18931854
2022-01-06,-0.3385383,0.59522176,0.5261486
2022-01-07,-0.33830124,0.75243485,0.2298261
2022-01-10,-0.34753132,0.4521914,0.5853703
2022-01-11,-0.199979,1.7398314,-1.8981421
2022-01-12,-0.40143442,0.6565149,0.06664008
2022-01-13,-0.40808773,0.72465587,-0.029890895
2022-01-14,-0.38564128,0.6653059,0.22179556
2022-01-17,-0.3134181,2.8866065,-4.266728
2022-01-18,-0.4661079,0.7131121,0.016676068
2022-01-19,-0.44566864,0.80310285,-0.07859433
2022-01-20,-0.4380911,0.73934984,0.19961876
2022-01-21,-0.30262464,1.5710704,-1.2350743
2022-01-24,-0.4561749,0.32500902,0.884783
2022-01-25,-0.45983702,0.7900907,0.048110962
2022-01-26,-0.45418888,0.7836569,0.16177505
2022-01-27,-0.4677903,0.50153065,0.52285427
2022-01-28,-0.48236126,0.8150661,0.0072119236
2022-02-07,-0.4723273,0.65435445,0.49876237
2022-02-08,-0.43403405,1.0908054,-0.2991011
2022-02-09,-0.34546453,1.6622851,-1.3259125
2022-02-10,-0.41228008,1.3871262,-0.90079445
2022-02-11,-0.47456306,1.1190187,-0.42287117
2022-02-14,-0.4419852,1.3914462,-0.9729536
2022-02-15,-0.51326364,0.99910617,-0.09855735
2022-02-16,-0.5471137,0.87100005,0.116772324
2022-02-17,-0.5474188,0.9192823,0.050612092
2022-02-18,-0.50024647,1.1840414,-0.41998094
2022-02-21,-0.5513331,0.59409195,0.66192895
2022-02-22,-0.55452746,0.79918027,0.24310598
2022-02-23,-0.55387026,0.9060833,0.06148088
2022-02-24,-0.5127489,1.1106527,-0.33194053
2022-02-25,-0.5516308,0.65849745,0.54138076
2022-02-28,-0.4143747,1.6429663,-1.2528448
2022-03-01,-0.56360584,0.87476945,0.13985965
2022-03-02,-0.5736385,0.39493072,0.9011883
2022-03-03,-0.43197018,1.5779415,-1.1611078
2022-03-04,-0.5640394,0.92613065,0.048249662
2022-03-07,-0.58077234,0.64669424,0.4141904
2022-03-08,-0.5925234,0.55881613,0.4734492
2022-03-09,-0.57646817,0.9138148,-0.11466372
2022-03-10,-0.5690066,0.9658925,-0.23668885
2022-03-11,-0.6067601,0.503192,0.5027725
2022-03-14,-0.6138113,0.15821904,0.95776063
2022-03-15,-0.5599595,1.098345,-0.6851527
2022-03-16,-0.6332875,0.68671453,0.025181353
2022-03-17,-0.63975996,0.57652986,0.15345633
2022-03-18,-0.6489925,0.055229455,0.92675436
2022-03-21,-0.50519305,1.552208,-1.5974598
2022-03-22,-0.6653692,0.6550508,0.05825162
2022-03-23,-0.6319321,0.12350559,1.2597308
2022-03-24,-0.6267105,0.7899118,0.031675518
2022-03-25,-0.5591268,1.2123637,-0.6570353
2022-03-28,-0.6405181,0.020945609,1.2901387
2022-03-29,-0.6416361,0.71314895,-0.028793156
2022-03-30,-0.62394434,0.83886415,-0.31076282
2022-03-31,-0.61802894,0.9047761,-0.47290665
2022-04-01,-0.61630136,-0.00420776,1.439816
2022-04-04,-0.5948203,0.9021167,-0.3266152
2022-04-05,-0.6265659,0.776892,-0.15895104
2022-04-06,-0.61156803,0.38668916,0.75241756
2022-04-07,-0.6240844,0.47426516,0.4267432
2022-04-08,-0.63518935,0.120781004,0.83262557
2022-04-12,-0.64758354,-0.038246304,0.8227383
2022-04-13,-0.56323487,-0.55764276,2.1679885
2022-04-14,-0.5602749,0.5810822,0.0030553937
2022-04-15,-0.56887335,0.56517065,-0.02616328
2022-04-18,-0.5389419,0.85022104,-0.49925238
2022-04-19,-0.56850094,0.7649807,-0.445674
2022-04-20,-0.6006194,0.38517118,0.11191225
2022-04-21,-0.560541,0.85332084,-0.69579273
2022-04-22,-0.6227719,0.50614345,-0.09922969
2022-04-25,-0.6277601,0.26860017,0.1475465
2022-04-26,-0.6048605,0.6780313,-0.51142937
2022-04-27,-0.585326,0.021340877,0.92358553
2022-04-28,-0.5606447,0.42292637,0.31518567
2022-04-29,-0.5619783,0.6093093,0.0022884607
2022-05-04,-0.5198267,0.979707,-0.7175141
2022-05-05,-0.5542348,0.46024936,0.39404958
2022-05-06,-0.56494814,0.27488795,0.5161371
2022-05-09,-0.57698995,0.6486569,-0.32027227
2022-05-10,-0.5880442,0.59874755,-0.1704331
2022-05-11,-0.52821714,0.9573887,-0.8155275
2022-05-12,-0.48598593,1.2842324,-1.4596589
2022-05-13,-0.5576301,2.251811,-3.51385
2022-05-16,-0.674818,0.47917223,-0.07316548
2022-05-17,-0.60563856,-0.66337574,2.3879638
2022-05-18,-0.6071436,0.31040242,0.38711962
2022-05-19,-0.60946983,0.6714643,-0.2661203
2022-05-20,-0.62929803,0.42421225,0.03602755
2022-05-23,-0.6363035,0.46474063,-0.06780815
2022-05-24,-0.6421463,-0.09187576,0.74762654
2022-05-25,-0.52483135,-1.4839673,4.0016603
2022-05-26,-0.48488134,0.5970413,0.0064916015
2022-05-27,-0.4684561,0.8163321,-0.4411102
2022-05-30,-0.49153394,0.70389205,-0.15673673
2022-05-31,-0.49385327,0.59855807,0.025748432
2022-06-01,-0.43920368,0.532984,0.53022575
2022-06-02,-0.43344468,0.9035168,-0.14723933
2022-06-03,-0.42014664,1.0282348,-0.4301483
2022-06-06,-0.4766522,0.7738899,-0.06691551
2022-06-07,-0.4817863,0.5090135,0.2698915
2022-06-08,-0.44817775,0.49388266,0.5175354
2022-06-09,-0.45928508,0.5928308,0.20205083
2022-06-10,-0.47120434,0.7396693,-0.07313728
2022-06-13,-0.4675452,0.60993415,0.10567632
2022-06-14,-0.37863398,1.2887325,-1.0457723
2022-06-15,-0.4878072,0.7797375,-0.19342375
2022-06-16,-0.47372597,0.5636297,0.36677927
2022-06-17,-0.48707312,0.61963993,0.09852713
2022-06-20,-0.49560446,0.6357162,0.040655673
2022-06-21,-0.43400007,1.0904772,-0.70996946
2022-06-22,-0.27966636,2.2668545,-2.5064409
2022-06-23,-0.49483103,0.50689983,0.6075595
2022-06-24,-0.48685426,0.8666507,-0.00029832125
2022-06-27,-0.48412973,0.8773802,0.04365498
2022-06-28,-0.47746807,0.8712201,0.096405834
2022-06-29,-0.40127116,1.348278,-0.7553714
2022-06-30,-0.5028439,0.60209316,0.4490829
2022-07-01,-0.51110595,0.6731197,0.20106667
2022-07-04,-0.51903695,0.7899944,-0.09958732
2022-07-05,-0.49616414,0.9381092,-0.36425346
2022-07-06,-0.46555847,1.1838763,-0.850447
2022-07-07,-0.5329469,0.8952483,-0.28659314
2022-07-08,-0.5576057,0.6565368,0.26387995
2022-07-11,-0.56015366,0.8107576,-0.035393894
2022-07-12,-0.56722945,0.7548238,0.01756072
2022-07-13,-0.5515142,0.85569906,-0.14325362
2022-07-14,-0.51090044,1.0874856,-0.4987188
2022-07-15,-0.50303835,1.1581501,-0.56035143
2022-07-18,-0.5563088,0.82145226,0.138996
2022-07-19,-0.5625405,0.7283409,0.23154262
2022-07-20,-0.4476965,3.2591798,-4.4917555
2022-07-21,-0.47631103,1.5850102,-1.1978178
2022-07-22,-0.61568123,0.9217261,-0.038549602
2022-07-25,-0.5969942,1.015933,-0.17149222
2022-07-26,-0.63700026,0.75819075,0.21767831
2022-07-27,-0.63803333,0.80644965,0.061988294
2022-07-28,-0.49795264,1.5900793,-1.3213294
2022-07-29,-0.66256934,0.80648875,-0.013241231
2022-08-01,-0.6051267,-1.3346015,4.4578714
2022-08-02,-0.52675325,0.9128693,0.052156806
2022-08-03,-0.5113099,0.9810286,-0.06628418
2022-08-04,-0.5295381,0.8356878,0.1627532
2022-08-05,-0.52017874,0.95494187,-0.06264424
2022-08-08,-0.54063445,0.6676792,0.35506672
2022-08-09,-0.53837246,0.905519,-0.017712355
2022-08-10,-0.53775376,0.8695539,0.10569239
2022-08-11,-0.5404212,0.85030913,0.110085994
2022-08-12,-0.546503,0.8228486,0.11687222
2022-08-15,-0.53649837,0.9265053,0.0067481995
2022-08-16,-0.52033144,1.026422,-0.1342783
2022-08-17,-0.5292385,1.2008972,-0.4234187
2022-08-18,-0.56982976,1.0102923,-0.07891631
2022-08-19,-0.5862364,0.94983864,-0.0016525984
2022-08-22,-0.59304386,0.806351,0.19888762
2022-08-23,-0.6013803,0.7662511,0.16494888
2022-08-24,-0.60103613,0.90574014,-0.06799823
2022-08-25,-0.6114765,0.7112221,0.21188939
2022-08-26,-0.58851486,0.943823,-0.07793349
2022-08-29,-0.57138366,3.192448,-4.5680213
2022-08-30,-0.69598037,0.6576061,0.47162175
2022-08-31,-0.68724865,0.924417,-0.031769335
2022-09-05,-0.68400854,0.9544231,-0.061116636
2022-09-06,-0.6875407,0.93305326,-0.03030926
2022-09-07,-0.7147507,-0.8024595,3.0089319
2022-09-08,-0.6867793,-1.2575798,4.3157187
2022-09-09,-0.6074974,0.89259243,0.14176607
2022-09-12,-0.6084476,0.95302176,0.032921374
2022-09-13,-0.611919,0.95437354,6.67572e-06
2022-09-14,-0.625459,0.5614989,0.5817496
2022-09-15,-0.6251649,0.87473184,-0.0048385262
2022-09-16,-0.61963886,0.6140239,0.6592701
2022-09-19,-0.630665,0.42421928,0.81056124
2022-09-20,-0.62254983,0.82966757,0.093002915
2022-09-21,-0.6183781,0.9212312,-0.05269593
2022-09-22,-0.6025943,0.84656066,0.22998834
2022-09-23,-0.6062613,0.8623711,0.14781344
2022-09-26,-0.61769134,0.75168943,0.2373248
2022-09-27,-0.6297229,0.8568563,-0.06780356
2022-09-28,-0.61475414,0.80333006,0.15549982
2022-09-29,-0.6159093,0.9047345,-0.056187153
2022-09-30,-0.62087923,0.85576355,0.028960407
2022-10-03,-0.62619334,0.68633497,0.24125132
2022-10-04,-0.62566036,0.809344,0.029656231
2022-10-05,-0.49231178,1.569052,-1.2406805
2022-10-06,-0.5160484,2.6816761,-3.5106256
2022-10-07,-0.63361543,1.0384985,-0.32130724
2022-10-10,-0.6535657,0.94767845,-0.15592861
2022-10-11,-0.6793228,0.800798,0.054576278
2022-10-12,-0.6385823,1.0143529,-0.21253163
2022-10-13,-0.67223173,0.87872666,0.01378876
2022-10-14,-0.5475649,1.5368814,-1.1223996
2022-10-17,-0.517598,2.0520394,-2.1413264
2022-10-18,-0.6853865,0.9415416,-0.09914315
2022-10-19,-0.7067563,0.7907539,0.12412289
2022-10-20,-0.54406816,1.8572198,-1.8656783
2022-10-21,-0.7318135,0.12693542,1.1971836
2022-10-24,-0.66346174,1.1136174,-0.6840046
2022-10-25,-0.6486061,1.2256258,-0.9001344
2022-10-26,-0.6456695,1.4872262,-1.4443376
2022-10-27,-0.7842385,0.22337669,0.9623166
2022-10-28,-0.75905186,-0.060934544,1.6256487
2022-10-31,-0.7630028,0.6383179,0.18397227
2022-11-01,-0.75325054,0.60378325,0.31529307
2022-11-02,-0.67088217,1.2236491,-0.796879
2022-11-03,-0.74427205,0.8658614,-0.14786184
2022-11-04,-0.7650172,0.5626985,0.32798564
2022-11-07,-0.76886934,0.7493309,-0.05509007
2022-11-08,-0.77448386,0.7282871,-0.06636262
2022-11-09,-0.63636273,1.4654278,-1.3960309
2022-11-10,-0.7905244,-0.18697494,1.4892994
2022-11-11,-0.77367693,0.43051693,0.40343967
2022-11-14,-0.7777415,0.6820017,-0.083785355
2022-11-15,-0.77949613,0.67452663,-0.086061954
2022-11-16,-0.7116638,-1.9636397,4.20521
2022-11-17,-0.547447,-1.6935099,4.21244
2022-11-18,-0.49174684,0.5324018,0.021939754
2022-11-21,-0.50147325,0.09373097,0.55050004
2022-11-22,-0.49383265,-0.75514716,1.6466985
2022-11-23,-0.39785254,-0.43155086,1.4048772
2022-11-24,-0.38533026,0.32459474,0.05990523
2022-11-25,-0.3402549,0.2767731,0.42574158
2022-11-28,-0.3176039,0.48381078,0.20012143
2022-11-29,-0.30331993,0.5604786,0.171114
2022-11-30,-0.2500052,0.45306858,0.73454744
2022-12-01,-0.25709742,0.7325735,0.19363543
2022-12-02,-0.27190918,0.64139676,0.23141828
2022-12-05,-0.27467078,0.6677707,0.16804636
2022-12-06,-0.28660887,0.57107246,0.21355143
2022-12-07,-0.28673697,0.6097145,0.1581319
2022-12-08,-0.30774295,0.6759676,-0.00018793344
2022-12-09,-0.298787,0.5646018,0.14389545
2022-12-12,-0.30532694,0.5406185,0.14121407
2022-12-13,-0.3093925,0.5249492,0.13599095
2022-12-14,-0.19280404,1.9395933,-2.4688148
2022-12-15,-0.23602837,1.8082454,-2.1584299
2022-12-16,-0.43209797,0.06714544,0.7301848
2022-12-19,-0.40595186,0.81436914,-0.6340985
2022-12-20,-0.36489266,2.2226903,-3.350407
2022-12-21,-0.4124133,2.1811733,-3.2447395
2022-12-22,-0.56022745,0.56516105,-0.14340043
2022-12-23,-0.41633683,1.4416635,-1.7675836
2022-12-26,-0.5217437,0.92799664,-0.8535778
2022-12-27,-0.55958265,0.7621802,-0.54918367
2022-12-28,-0.5686818,2.8062649,-4.6628647
2022-12-29,-0.67150944,0.5129297,-0.16287333
2022-12-30,-0.68895024,-0.39184284,1.310168
2023-01-03,-0.67592245,0.106602505,0.41646248
2023-01-04,-0.6757342,0.44883823,-0.31632388
2023-01-05,-0.68006986,0.44271645,-0.31957006
2023-01-06,-0.6891239,0.2543825,0.021191955
2023-01-09,-0.68843216,0.26171505,0.0070303082
2023-01-10,-0.6907025,0.30121592,-0.08254063
2023-01-11,-0.684434,0.17260417,0.19034857
2023-01-12,-0.6899281,0.34534854,-0.14620435
2023-01-13,-0.68236226,0.42215595,-0.3174131
2023-01-16,-0.6573611,2.6422887,-4.748798
2023-01-17,-0.7400009,0.33775377,-0.17524135
2023-01-18,-0.733738,0.37463516,-0.25804412
2023-01-19,-0.73641187,0.22941332,0.023067594
2023-01-27,-0.73199826,0.109384924,0.28201935
2023-01-30,-0.74002594,0.33783162,-0.17498976
2023-01-31,-0.73358315,0.21489798,0.06899303
2023-02-01,-0.73884875,0.27896076,-0.10560107
2023-02-02,-0.73451,0.2414112,-2.6345253e-05
2023-02-03,-0.7416182,0.31855267,-0.17262828
2023-02-06,-0.7026735,2.6285431,-4.7796926
2023-02-07,-0.6597548,0.94382083,-1.3569419
2023-02-08,-0.67632157,1.6769187,-2.8124173
2023-02-09,-0.7910828,-0.17217863,0.70531315
2023-02-10,-0.8227821,-1.9255636,4.1792235
2023-02-13,-0.76554376,0.042401142,0.33856547
2023-02-14,-0.7684763,0.07928473,0.21843243
2023-02-15,-0.7347228,0.49317008,-0.54367787
2023-02-16,-0.80588526,0.31696832,-0.19841945
2023-02-17,-0.8276643,0.2150451,0.0456782
2023-02-20,-0.8202353,0.42272422,-0.3484534
2023-02-21,-0.8336775,0.19101883,0.1135087
2023-02-22,-0.8650363,0.40205395,-0.2515077
2023-02-23,-0.8950837,-0.043901905,0.54927075
2023-02-24,-0.88465124,0.4604673,-0.38607353
2023-02-27,-0.90641516,0.22272187,0.05528474
2023-02-28,-0.9097753,0.23013692,0.044145107
2023-03-01,-0.90939075,0.025060028,0.43129283
2023-03-02,-0.9282997,0.38077962,-0.1691277
2023-03-03,-0.91832083,0.4309184,-0.16531754
2023-03-06,-0.91378385,0.4219293,-0.10073584
2023-03-07,-0.88422996,0.64964545,-0.4022444
2023-03-08,-0.9106595,0.36308667,0.06707978
2023-03-09,-0.8813122,0.6695313,-0.40965933
2023-03-10,-0.81977063,2.1207242,-3.2344162
2023-03-13,-0.8790384,0.726673,-0.39974648
2023-03-14,-0.8290724,0.98896414,-0.84361297
2023-03-15,-0.9157041,-1.5703602,4.2375793
2023-03-16,-0.85663146,0.52387416,0.12314427
2023-03-17,-0.66201884,-1.2996472,4.4360228
2023-03-20,-0.60394806,0.8234583,0.20304105
2023-03-21,-0.6032335,0.8851607,0.086192936
2023-03-22,-0.60926765,0.7356418,0.2738623
2023-03-23,-0.6058431,0.9450224,-0.12146032
2023-03-24,-0.60913485,0.9332461,-0.049165666
2023-03-27,-0.59922606,0.98116994,-0.11546326
2023-03-28,-0.605964,0.9021198,0.056461036
2023-03-29,-0.60492355,0.9344016,0.03567171
2023-03-30,-0.60096055,0.9009504,0.09452039
2023-03-31,-0.6097624,0.9425421,0.004188776
2023-04-03,-0.6060763,0.9243171,0.0647136
2023-04-04,-0.606641,0.90494156,0.09446132
2023-04-05,-0.5957735,1.0305719,-0.119593084
2023-04-06,-0.6149233,0.646116,0.48754504
2023-04-07,-0.618797,0.7683738,0.18000218
2023-04-10,-0.6181553,0.8300396,0.063263774
2023-04-11,-0.62326306,0.72882926,0.18051013
2023-04-12,-0.5857497,1.0838282,-0.41809958
2023-04-13,-0.6329258,0.83923215,-0.0013815761
2023-04-14,-0.6489056,3.2055824,-4.6024203
2023-04-17,-0.7001576,1.199595,-0.5960838
2023-04-18,-0.76913816,0.7441671,0.27124676
2023-04-19,-0.6255769,1.5928336,-1.2735906
2023-04-20,-0.7765992,0.78968537,0.14713952
2023-04-21,-0.719901,1.1287515,-0.5010058
2023-04-24,-0.78965133,0.31679955,0.9151553
2023-04-25,-0.7948294,0.28677458,0.85851324
2023-04-26,-0.8017941,-0.3828388,1.9517574
2023-04-27,-0.8041646,-0.26369166,1.5537479
2023-04-28,-0.7982748,0.5538081,0.00761801
2023-05-04,-0.76918286,0.77482235,-0.35461587
2023-05-05,-0.7931605,0.49559793,0.17259997
2023-05-08,-0.7637313,-0.56100583,2.3236244
2023-05-09,-0.7078604,0.97771287,-0.60786813
2023-05-10,-0.75969785,0.5578531,0.21005896
2023-05-11,-0.76250535,0.71181464,-0.07635552
2023-05-12,-0.7502256,0.55404353,0.288526
2023-05-15,-0.7360694,0.8094808,-0.16414934
2023-05-16,-0.75203055,0.7113003,-0.025133371
2023-05-17,-0.7564233,0.725731,-0.0690763
2023-05-18,-0.75106364,0.68632776,0.020766139
2023-05-19,-0.7281688,0.13142896,1.2078459
2023-05-22,-0.72163135,0.76767516,0.024262011
2023-05-23,-0.71850735,0.828693,-0.08290511
2023-05-24,-0.72925645,0.78560054,-0.042349577
2023-05-25,-0.6844421,1.0077863,-0.43814725
2023-05-26,-0.65949243,1.1630805,-0.7351802
2023-05-29,-0.57263273,1.8250926,-1.897943
2023-05-30,-0.6231285,2.460945,-3.2438715
2023-05-31,-0.75038344,0.85022986,-0.08861989
2023-06-01,-0.76658136,0.10937306,1.2127907
2023-06-02,-0.75590914,0.72618335,0.10061535
2023-06-05,-0.6038162,1.5969949,-1.5641313
2023-06-06,-0.75570446,0.29415208,0.95479774
2023-06-07,-0.73137194,0.17259449,1.3255686
2023-06-08,-0.71426636,0.91547775,-0.05699402
2023-06-09,-0.73159534,0.5048262,0.6196739
2023-06-12,-0.73601717,0.74343884,0.1354802
2023-06-13,-0.7084803,0.9412499,-0.20413184
2023-06-14,-0.7960965,0.6011982,0.3914331
2023-06-15,-0.7996438,0.66457367,0.2159388
2023-06-16,-0.80834633,0.09363851,1.0837182
2023-06-19,-0.81288546,0.4018041,0.38863242
2023-06-20,-0.8090736,0.6275283,-0.020985544
2023-06-21,-0.80199593,0.5485371,0.18209368
2023-06-22,-0.79882556,0.66342705,-0.015652835
2023-06-23,-0.80500275,0.54592,0.13069052
2023-06-26,-0.76698524,0.90452266,-0.5163998
2023-06-27,-0.8150942,0.6535426,-0.10158861
2023-06-28,-0.8059694,0.72248775,-0.20478314
2023-06-29,-0.79828984,0.77054256,-0.34128886
2023-06-30,-0.79600316,0.7868922,-0.35333568
2023-07-03,-0.7887475,0.80743504,-0.23968834
2023-07-04,-0.66487354,1.4739647,-1.359462
2023-07-05,-0.6728291,1.9690711,-2.3287044
2023-07-06,-0.8089399,0.82382745,-0.19043434
2023-07-07,-0.78227764,0.9697308,-0.48865086
2023-07-10,-0.8217676,-1.3974612,4.3337116
2023-07-11,-0.75184375,0.84779626,-0.03121829
2023-07-12,-0.7360566,0.92323256,-0.198053
2023-07-13,-0.7459095,0.8875171,-0.1519348
2023-07-14,-0.6102753,2.0938387,-2.3740196
2023-07-17,-0.65026253,1.4577315,-1.0841103
2023-07-18,-0.77076083,0.8718318,-0.028879344
2023-07-19,-0.7469428,0.97455937,-0.20490968
2023-07-20,-0.7710889,0.8832916,-0.04452616
2023-07-21,-0.7613737,0.8638642,0.100559175
2023-07-24,-0.7580448,0.90744805,0.07129079
2023-07-25,-0.728977,1.0966055,-0.2555095
2023-07-26,-0.7580624,0.9334554,0.08242819
2023-07-27,-0.6928546,1.2639308,-0.43385607
2023-07-28,-0.7435768,1.0238892,-0.013127267
2023-07-31,-0.75575596,0.9708108,0.08611858
2023-08-01,-0.7615834,0.7145413,0.5228399
2023-08-02,-0.76505333,0.45243388,0.9201441
2023-08-03,-0.72078425,1.1297808,-0.35317218
2023-08-04,-0.73491925,1.0591697,-0.15537053
2023-08-07,-0.6654987,3.3178754,-4.5812955
2023-08-08,-0.7975245,0.57954216,0.7168926
2023-08-09,-0.8007937,0.5857499,0.6289689
2023-08-10,-0.8049224,-0.55144227,2.618741
2023-08-11,-0.80659014,0.16886044,1.1236229
2023-08-14,-0.7806676,0.90030724,-0.24122006
2023-08-15,-0.81081575,0.13986105,1.0433676
2023-08-16,-0.8049374,0.70072913,0.00044697523
2023-08-17,-0.8122904,0.20327264,0.80605435
2023-08-18,-0.68919605,1.3562407,-1.347255
2023-08-21,-0.7875212,-0.5683077,2.4031556
2023-08-22,-0.77656275,0.7025863,0.01971507
2023-08-23,-0.7564159,0.3568346,0.7974041
2023-08-24,-0.7273496,0.29178184,1.0803902
2023-08-25,-0.7152806,0.92890155,-0.112324774
2023-08-28,-0.7188354,0.7972078,0.1810031
2023-08-29,-0.72794765,0.745258,0.18528089
2023-08-30,-0.71279734,0.95152503,-0.13300914
2023-08-31,-0.7476067,-1.6042405,4.300705
2023-09-05,-0.6695538,0.5210832,0.2971166
2023-09-06,-0.66431314,0.67965466,0.032650292
2023-09-07,-0.6721024,0.61705446,0.05822599
2023-09-08,-0.66896933,0.66867805,-0.0025331378
2023-09-11,-0.6698474,0.7726242,-0.26748902
2023-09-12,-0.67331606,0.7841849,-0.23046738
2023-09-13,-0.6864963,0.63713145,-0.010204494
2023-09-14,-0.6961977,0.7047456,-0.21345168
2023-09-15,-0.6925884,0.60284555,-0.0016909242
2023-09-18,-0.6697138,0.8384066,-0.3797807
2023-09-19,-0.69478005,0.67595524,-0.057885885
2023-09-20,-0.624402,1.0969447,-0.7573368
2023-09-21,-0.6879979,0.6882222,0.011477351
2023-09-22,-0.65636,0.93351436,-0.36779845
2023-09-25,-0.64485127,1.0368943,-0.6439077
2023-09-26,-0.68845147,0.5771115,0.2799152
2023-09-27,-0.67552763,0.6858555,0.16640785
2023-09-28,-0.66993624,0.86031353,-0.18268311
2023-09-29,-0.6820101,0.8121488,-0.06286353
2023-10-02,-0.6361328,3.147061,-4.6049604
2023-10-03,-0.7597732,-0.88448536,2.9395094
2023-10-04,-0.73807603,0.3267261,0.77945995
2023-10-05,-0.68988353,1.0173378,-0.513282
2023-10-06,-0.7402552,0.77854246,-0.050868154
2023-10-09,-0.67794627,1.0931735,-0.6146135
2023-10-10,-0.7367348,0.8090034,-0.04995352
2023-10-11,-0.7061843,0.18816787,1.298435
2023-10-12,-0.63871783,1.1660029,-0.41134846
2023-10-13,-0.69744426,0.52717006,0.6721438
2023-10-16,-0.7015074,0.33446008,0.9009088
2023-10-17,-0.70526224,0.62230814,0.27970988
2023-10-18,-0.70970184,0.71260095,0.052807033
2023-10-19,-0.71419185,0.7340316,-0.021701038
2023-10-20,-0.67443806,0.043857932,1.4924006
2023-10-23,-0.6794018,0.7149033,0.110587835
2023-10-24,-0.6723979,0.8392365,-0.027731895
2023-10-25,-0.63622814,0.99094146,-0.20665956
2023-10-26,-0.6682045,0.46169764,0.6379584
2023-10-27,-0.660261,0.79352534,0.066788614
2023-10-30,-0.663524,0.78599846,0.044761598
2023-10-31,-0.51547486,1.8747764,-1.9928424
2023-11-01,-0.66114825,0.70349836,0.37381268
2023-11-02,-0.62868065,0.19081801,1.4820566
2023-11-03,-0.62520546,0.94479,0.058274984
2023-11-06,-0.63424975,0.4111356,0.892129
2023-11-07,-0.63773376,0.8831978,-0.010836959
2023-11-08,-0.6086907,0.98083663,-0.010279059
2023-11-09,-0.6088385,0.6953065,0.51852053
2023-11-10,-0.6047639,0.9680999,0.008270085
2023-11-13,-0.5672743,1.1775595,-0.4148826
2023-11-14,-0.5844297,1.1048042,-0.26389962
2023-11-15,-0.59284955,1.084726,-0.18820006
2023-11-16,-0.6270661,0.87827295,0.12680721
2023-11-17,-0.6428034,0.7965586,0.09934658
2023-11-20,-0.64240056,0.88949335,-0.14941984
2023-11-21,-0.6480407,0.8494163,0.0047839284
2023-11-22,-0.6473704,0.81871414,0.04243028
2023-11-23,-0.625343,0.9882781,-0.36011994
2023-11-24,-0.6602054,0.8297448,-0.04360217
2023-11-27,-0.6758823,0.87982035,-0.09617442
2023-11-28,-0.6851296,0.8539935,-0.067679584
2023-11-29,-0.61265403,1.2289784,-0.7053034
2023-11-30,-0.5367163,1.8930736,-1.9574306
2023-12-01,-0.7088925,0.84384114,-0.0032731295
2023-12-04,-0.632592,1.2135919,-0.5258015
2023-12-05,-0.7031855,0.32815123,0.9647615
2023-12-06,-0.56689173,1.5633111,-1.2677279
2023-12-07,-0.5384274,1.8059018,-1.6906393
2023-12-08,-0.6151511,1.4127738,-0.93077594
2023-12-11,-0.70113677,0.9851726,-0.15363604
2023-12-12,-0.73017627,0.7401895,0.22045496
2023-12-13,-0.69762653,1.0030332,-0.2375943
2023-12-14,-0.73549193,0.7632206,0.12261546
2023-12-15,-0.58212835,1.6554569,-1.578574
2023-12-18,-0.7631418,0.7504247,-0.032306254
2023-12-19,-0.68661803,1.1573399,-0.7219538
2023-12-20,-0.7583925,0.6204946,0.31096673
2023-12-21,-0.65498835,1.3308622,-0.9829816
2023-12-22,-0.7404719,0.901019,-0.20054483
2023-12-25,-0.7487255,0.31325918,0.9996985
2023-12-26,-0.744883,0.8871315,-0.07344341
2023-12-27,-0.7417802,0.91090065,-0.13167048
2023-12-28,-0.75945956,0.79043645,0.043647885
2023-12-29,-0.7559189,0.8006529,0.061411798
2024-01-02,-0.60475546,1.7752784,-1.7923849
2024-01-03,-0.64795786,1.4364502,-1.0601966
2024-01-04,-0.7810238,0.06015569,1.3624575
2024-01-05,-0.7825908,0.7176438,0.06546259
2024-01-08,-0.77776676,0.800182,-0.05595404
2024-01-09,-0.77698356,0.6997576,0.1745832
2024-01-10,-0.7626105,0.8725936,-0.09098697
2024-01-11,-0.76701576,0.8024099,0.06463677
2024-01-12,-0.7075973,1.1430522,-0.5430426
2024-01-15,-0.7165918,1.1291852,-0.4409973
2024-01-16,-0.63874584,1.5602053,-1.187366
2024-01-17,-0.76170355,0.9384868,-0.04124993
2024-01-18,-0.7648285,0.8681839,0.17466632
2024-01-19,-0.77188116,0.6821593,0.47312838
2024-01-22,-0.76915294,0.88073695,0.06495923
2024-01-23,-0.66386014,1.4592109,-1.0001943
2024-01-24,-0.7863031,0.54649544,0.6043441
2024-01-25,-0.7820757,0.8885468,-0.061570466
2024-01-26,-0.7832332,0.93231773,-0.09218162
2024-01-29,-0.7883325,0.82886636,0.15062088
2024-01-30,-0.73006874,1.2110729,-0.5709266
2024-01-31,-0.7120947,1.3264048,-0.81470627
2024-02-01,-0.7853597,0.34908605,1.1698622
2024-02-02,-0.7831289,-1.2383115,4.401444
2024-02-05,-0.70690984,0.9834941,0.041457534
2024-02-06,-0.7107956,0.7240449,0.45686162
2024-02-07,-0.7138553,0.024450988,1.5753138
2024-02-15,-0.69485444,0.7870616,0.23652077
2024-02-16,-0.68645626,0.90768856,0.07761222
2024-02-19,-0.660734,0.1579001,1.5709633
2024-02-20,-0.6578062,0.95954096,0.04541987
2024-02-21,-0.65965587,0.8880524,0.15794072
2024-02-22,-0.6610287,0.9263235,0.06690693
2024-02-23,-0.6690416,0.29337823,1.0476882
2024-02-26,-0.6684205,0.80285245,0.05098158
2024-02-27,-0.64087206,0.6686149,0.48603806
2024-02-28,-0.6475279,0.7240256,0.25864962
2024-02-29,-0.6526218,0.69341815,0.22772494
2024-03-01,-0.6533299,0.77800876,0.051079094
2024-03-04,-0.6429953,0.8026487,0.08998674
2024-03-05,-0.651658,0.87794703,-0.041125536
2024-03-06,-0.65475446,0.20034865,0.9960207
2024-03-07,-0.6148885,1.0007229,-0.4140308
2024-03-08,-0.5410095,2.252799,-2.8688698
2024-03-11,-0.6844974,0.75092757,0.027388215
2024-03-12,-0.6648733,0.6274671,0.39472163
2024-03-13,-0.5680985,1.3890629,-0.9380546
2024-03-14,-0.67295116,0.885242,-0.09171909
2024-03-15,-0.67276305,0.865523,0.0059226155
2024-03-18,-0.5304137,2.1740196,-2.4637473
2024-03-19,-0.7064734,0.7330897,0.14680806
2024-03-20,-0.674588,0.22347814,1.2880383
2024-03-21,-0.65658337,0.7695198,0.35604417
2024-03-22,-0.5112414,1.7307047,-1.3871677
2024-03-25,-0.6758241,0.78002065,0.25748327
2024-03-26,-0.5452444,1.614134,-1.2362673
2024-03-27,-0.6318895,1.1696093,-0.34280306
2024-03-28,-0.688209,0.8406417,0.14968652
2024-03-29,-0.69464034,0.62273234,0.45558077
2024-04-01,-0.66837245,0.9948564,-0.26121372
2024-04-02,-0.69105035,0.7770194,0.19723126
2024-04-03,-0.5489631,2.269817,-2.6377409
2024-04-04,-0.7235318,0.08591217,1.3215425
2024-04-05,-0.72703594,0.4518173,0.5043321
2024-04-08,-0.72253734,0.78467476,-0.115137756
2024-04-09,-0.64733845,1.1658766,-0.7345925
2024-04-10,-0.70364386,0.8875439,-0.22725928
2024-04-11,-0.7062138,0.8813124,-0.21522391
2024-04-12,-0.7085846,0.87137634,-0.14930218
2024-04-15,-0.72615486,-0.8546489,2.804726
2024-04-16,-0.7019699,0.78564686,-0.3076554
2024-04-17,-0.6133023,1.2580408,-1.0641026
2024-04-19,-0.65746254,1.0632815,-0.7066296
2024-04-22,-0.7190568,0.58845973,0.20523
2024-04-23,-0.7070883,0.58780277,0.28881934
2024-04-24,-0.6615861,-0.2807337,2.1560147
2024-04-25,-0.6276656,0.9952158,-0.200674
2024-04-26,-0.6229333,1.0198464,-0.19482726
2024-05-02,-0.6477501,0.920095,-0.100219846
2024-05-03,-0.6601468,0.8728903,-0.032767296
2024-05-06,-0.6485339,0.7924937,0.214322
2024-05-07,-0.64580745,0.9038706,0.038597703
2024-05-08,-0.60233265,1.1624405,-0.5355993
2024-05-09,-0.60994214,1.2346089,-0.653138
2024-05-10,-0.68979377,0.64064914,0.34436846
2024-05-13,-0.69682926,0.822357,-0.0445683
2024-05-14,-0.70146054,0.75748295,0.04212618
2024-05-15,-0.6757038,0.39866245,0.8850747
2024-05-16,-0.65093166,0.6484835,0.5624624
2024-05-17,-0.5348535,2.7005203,-3.3949325
2024-05-20,-0.65584975,1.0817428,-0.1812641
2024-05-21,-0.69251066,0.86278296,0.14535677
2024-05-22,-0.6960712,0.7900575,0.2300219
2024-05-23,-0.70335096,0.8488875,0.086996675
2024-05-24,-0.7023569,0.9088931,-0.07001716
2024-05-27,-0.58336526,2.549041,-3.2041383
2024-05-28,-0.7252813,0.7205963,0.39677382
2024-05-29,-0.6985039,1.0321016,-0.15942842
2024-05-30,-0.6646126,1.2080412,-0.44296724
2024-05-31,-0.716204,0.87868655,0.22011796
2024-06-03,-0.7111911,0.88032013,0.23353049
2024-06-04,-0.70767003,1.0196085,-0.019770801
2024-06-05,-0.66369253,1.2463495,-0.5074709
2024-06-06,-0.73650664,0.39410484,0.95039463
2024-06-07,-0.69765383,1.0696943,-0.353706
2024-06-10,-0.7305545,0.9353794,-0.14351314
2024-06-11,-0.75372523,-0.25065374,1.8870528
2024-06-12,-0.616399,1.4672682,-1.21399
2024-06-13,-0.6482248,1.3112998,-0.8291667
2024-06-14,-0.74936026,0.03674692,1.3605703
2024-06-17,-0.73715717,0.8390595,-0.17609292
2024-06-18,-0.75419706,0.7896214,-0.054142118
2024-06-19,-0.7473635,0.8274938,-0.13622648
2024-06-20,-0.75526744,0.7965982,-0.08209759
2024-06-21,-0.746162,0.83965755,-0.1565057
2024-06-24,-0.7627527,0.7653108,-0.057239473
2024-06-25,-0.75371224,0.80747867,-0.05259186
2024-06-26,-0.7308999,0.32232052,0.9919602
2024-06-27,-0.7346147,0.7642607,0.08884561
2024-06-28,-0.7075003,0.95876336,-0.22623807
2024-07-01,-0.71854895,0.8713651,0.039366066
2024-07-02,-0.69784707,0.4975642,0.87551796
2024-07-03,-0.66116756,1.1207738,-0.24264574
2024-07-04,-0.6825867,0.31999215,1.2756321
2024-07-05,-0.6506776,1.0997125,-0.17862773
2024-07-08,-0.6646727,1.0494987,-0.090039134
2024-07-09,-0.515809,2.180164,-2.1950705
2024-07-10,-0.7044473,-0.19108969,2.0405884
2024-07-11,-0.6619136,1.0618225,-0.27322996
2024-07-12,-0.53838044,1.8397962,-1.677005
2024-07-15,-0.6916198,1.0489476,-0.2161727
2024-07-16,-0.7227029,0.8960464,0.053313673
2024-07-17,-0.7256399,0.8597775,0.08848113
2024-07-18,-0.7107926,0.79603916,0.32248563
2024-07-19,-0.6960836,1.0144265,-0.033646047
2024-07-22,-0.7147872,-1.0401866,3.9491394
2024-07-23,-0.62909085,-0.8316849,3.4630888
2024-07-24,-0.5541517,-0.08913416,1.9676151
2024-07-25,-0.5561003,0.7507561,0.26644012
2024-07-26,-0.5559556,0.7882971,0.17694286
2024-07-29,-0.5480024,0.9055317,0.06440508
2024-07-30,-0.5471204,0.92251635,0.055644035
2024-07-31,-0.5440864,0.87160206,0.14596537
2024-08-01,-0.5532189,0.60927343,0.4633289
2024-08-02,-0.5534517,0.8503915,0.047610402
2024-08-05,-0.55464596,0.12197468,1.1418653
2024-08-06,-0.5534602,0.6491276,0.109259516
2024-08-07,-0.4985755,1.1157904,-0.62039095
2024-08-08,-0.5626424,0.34871447,0.60709757
2024-08-09,-0.5414309,0.67108464,0.15324515
2024-08-12,-0.53428096,0.7705046,0.05540055
2024-08-13,-0.53510755,0.8050207,0.029340446
2024-08-14,-0.5301232,0.8835866,-0.040295064
2024-08-15,-0.52435786,0.8042477,0.09634739
2024-08-16,-0.51907414,0.84850603,0.08490616
2024-08-19,-0.4437166,1.3844621,-0.9730577
2024-08-20,-0.40116984,2.3699868,-2.797821
2024-08-21,-0.4942487,3.186662,-4.520937
2024-08-22,-0.62581414,0.9076719,-0.13173509
2024-08-23,-0.645788,0.7918882,0.03826648
2024-08-26,-0.603231,1.0378445,-0.3653286
2024-08-27,-0.63528043,0.8867148,-0.060079396
2024-08-28,-0.6325392,0.71534145,0.3418722
2024-08-29,-0.59174854,1.1107138,-0.4963804
2024-08-30,-0.6552852,0.74580383,0.0932025
2024-09-04,-0.52470964,2.358434,-2.996761
2024-09-05,-0.6781772,0.7582776,0.13873002
2024-09-06,-0.6416927,0.9845725,-0.18435526
2024-09-09,-0.50273997,2.0718634,-2.1991994
2024-09-10,-0.5265251,1.7199161,-1.5241015
2024-09-11,-0.6592731,1.061953,-0.3768828
2024-09-12,-0.68505794,0.9355002,-0.1470272
2024-09-13,-0.64966565,1.1306282,-0.51714855
2024-09-16,-0.7186429,0.7221559,0.17431113
2024-09-17,-0.70189744,0.37978435,0.9406751
2024-09-18,-0.6151239,1.2648269,-0.6449072
2024-09-19,-0.66660255,1.0160536,-0.2427342
2024-09-20,-0.71259624,-0.49899507,2.4008045
2024-09-23,-0.6916048,0.834761,-0.046113074
2024-09-24,-0.67751163,0.3066794,1.0828757
2024-09-25,-0.6447125,0.12584281,1.6093774
2024-09-26,-0.63205904,0.9738703,0.010318518
2024-09-27,-0.6000282,1.125123,-0.25791526
2024-09-30,-0.55257946,1.4237027,-0.8120646
2024-10-01,-0.6002571,1.1923909,-0.37278283
2024-10-02,-0.6621991,-0.29438388,2.1900082
2024-10-03,-0.6609648,0.79702663,0.055252135
2024-10-04,-0.65088695,0.9004702,-0.1903643
2024-10-07,-0.67082316,0.8190117,-0.047033608
2024-10-08,-0.6728832,0.8117927,-0.050717235
2024-10-09,-0.6642594,0.849129,-0.11568266
2024-10-10,-0.6645058,0.64086396,0.35258487
2024-10-11,-0.65512294,0.7593969,0.19775113
2024-10-14,-0.63442403,0.9515861,-0.13265532
2024-10-15,-0.6068056,1.0839581,-0.28681052
2024-10-16,-0.64352196,0.98301476,-0.07922804
2024-10-17,-0.65785855,1.0291519,-0.1281752
2024-10-18,-0.5339435,2.1386962,-2.141847
2024-10-21,-0.72462505,0.624864,0.57666665
2024-10-22,-0.6480877,1.3119141,-0.75057274
2024-10-23,-0.5970047,2.0885987,-2.3265564
2024-10-24,-0.7572349,0.873525,-0.03915149
2024-10-25,-0.7477053,0.52018756,0.7127218
2024-10-28,-0.7478841,0.9039235,-0.026423395
2024-10-29,-0.71912485,-0.55738723,2.9736497
2024-10-30,-0.55003864,2.0470617,-2.0062523
2024-10-31,-0.681004,1.1844571,-0.39276123
2024-11-01,-0.68805236,1.1501087,-0.26093864
2024-11-04,-0.73948675,0.6229482,0.6276442
2024-11-05,-0.7473001,0.40169612,0.92024094
2024-11-06,-0.72047025,0.4144617,1.0474446
2024-11-07,-0.68097144,1.1240804,-0.27096575
2024-11-08,-0.69279224,1.07445,-0.14784354
2024-11-11,-0.7152017,0.9846841,0.009155452
2024-11-12,-0.6954368,1.0725911,-0.19276696
2024-11-13,-0.7306127,0.8670734,0.12521237
2024-11-14,-0.7374578,0.72870487,0.29750186
2024-11-15,-0.72793883,0.94275016,-0.1133042
2024-11-18,-0.7130658,0.45281512,0.9707423
2024-11-19,-0.67735916,1.1071558,-0.24387586
2024-11-20,-0.70270044,0.9462688,0.1074079
2024-11-21,-0.70062286,0.9962378,0.015679002
2024-11-22,-0.67902,1.0933659,-0.1690777
2024-11-25,-0.7062594,0.9491691,0.10447621
2024-11-26,-0.58669347,1.6243448,-1.2468042
2024-11-27,-0.73691565,0.7908757,0.16367966
2024-11-28,-0.7400966,0.83293325,0.04962921
2024-11-29,-0.7207145,0.56460756,0.6911299
2024-12-02,-0.67547625,1.1217102,-0.28674924
2024-12-03,-0.6207083,1.4158039,-0.75236875
2024-12-04,-0.62712437,1.4235493,-0.8305755
2024-12-05,-0.7102205,0.41850433,1.106349
2024-12-06,-0.7126908,0.026963681,1.6461277
2024-12-09,-0.7141754,0.62450546,0.410111
2024-12-10,-0.7051378,0.91325927,-0.12194145
2024-12-11,-0.70334774,0.9248656,-0.12556899
2024-12-12,-0.6809996,1.0442203,-0.35425103
2024-12-13,-0.7282111,0.80641633,0.039876163
2024-12-16,-0.6067892,1.4879022,-1.1202593
2024-12-17,-0.7349089,0.8803301,-0.020606577
2024-12-18,-0.6663955,1.2397547,-0.611113
2024-12-19,-0.7373013,0.910348,-0.05161947
2024-12-20,-0.75915486,-1.128172,3.5102587
2024-12-23,-0.68621093,0.035436243,1.4690764
2024-12-24,-0.6277924,0.120806396,1.5819439
2024-12-25,-0.63390094,0.9485605,-0.05479282
2024-12-26,-0.6353963,0.92953956,0.026584446
2024-12-27,-0.6051033,1.0956298,-0.29753155
2024-12-30,-0.6488181,0.5932275,0.46660048
2024-12-31,-0.6001391,0.25472176,1.349022
2025-01-02,-0.5922983,0.9959465,-0.045582116
2025-01-03,-0.6110006,0.73415464,0.25054967
2025-01-06,-0.5598865,1.1867446,-0.58056957
2025-01-07,-0.6006289,0.98648477,-0.1821242
2025-01-08,-0.6171661,0.869038,0.05448115
2025-01-09,-0.6134606,0.8854433,0.057662606
2025-01-10,-0.62073225,0.6797914,0.32220578
2025-01-13,-0.60952693,0.8273151,0.1278513
2025-01-14,-0.6176582,0.78256494,0.12648863
2025-01-15,-0.61441797,0.8361861,0.06004113
2025-01-16,-0.6204315,0.8847085,-0.006773889
2025-01-17,-0.61738104,0.8839131,0.01039809
2025-01-20,-0.44565243,2.1256952,-2.198517
2025-01-21,-0.5141372,1.5656958,-1.0871379
2025-01-22,-0.4983607,2.4031215,-2.7320504
2025-01-23,-0.6645588,0.98744744,-0.103684425
2025-01-24,-0.6757577,0.9450892,-0.0613966
2025-02-03,-0.6919845,0.7359338,0.23875755
2025-02-04,-0.59770936,1.3757355,-0.9528279
2025-02-05,-0.615527,3.190244,-4.586306
2025-02-06,-0.7358895,0.749814,0.25587118
2025-02-07,-0.65265936,1.3026328,-0.90010566
2025-02-10,-0.7614512,0.23089033,0.9591796
2025-02-11,-0.7517771,0.6939102,0.13412058
2025-02-12,-0.72693664,0.90021443,-0.25480795
2025-02-13,-0.75023896,0.7974572,-0.04455501
2025-02-14,-0.7396572,0.7742271,0.10240787
2025-02-17,-0.6781803,1.1440487,-0.6147885
2025-02-18,-0.73788863,0.5988801,0.48702836
2025-02-19,-0.72636706,0.8868593,-0.027549684
2025-02-20,-0.72583765,0.8957132,-0.0261361
2025-02-21,-0.7370426,0.7886144,0.12875897
2025-02-24,-0.69577056,1.0286608,-0.23833793
2025-02-25,-0.72481805,0.8455728,0.14099857
2025-02-26,-0.72170883,0.8758513,0.11502221
2025-02-27,-0.67522293,1.142092,-0.3589325
2025-02-28,-0.7178349,0.90781695,0.10059449
2025-03-03,-0.7208616,0.935284,-0.027939498
2025-03-04,-0.72624594,0.9145316,-0.024401605
2025-03-05,-0.72736675,0.9115248,-0.006728232
2025-03-06,-0.7406278,0.39188546,0.8622545
2025-03-07,-0.71098524,1.0015092,-0.40196878
2025-03-10,-0.76950914,0.55388314,0.2837193
2025-03-11,-0.764785,0.77527636,-0.17343748
2025-03-12,-0.7778639,0.72289425,-0.08182031
2025-03-13,-0.76830477,0.7645619,-0.18637228
2025-03-14,-0.6829688,1.2125425,-0.96403664
2025-03-17,-0.7723592,0.5256692,0.3566293
2025-03-18,-0.66056865,1.3297511,-1.0927606
2025-03-19,-0.7502573,0.8820536,-0.29408836
2025-03-20,-0.767438,0.3647482,0.748001
2025-03-21,-0.77092284,0.67083156,0.09983066
2025-03-24,-0.7081931,-1.3117372,4.4131727
2025-03-25,-0.6422426,0.88179785,0.06307089
2025-03-26,-0.66002256,0.6889535,0.31194416
2025-03-27,-0.6644787,0.792946,0.0640108
2025-03-28,-0.67475504,0.8353775,-0.058529556
2025-03-31,-0.6652567,0.87939566,-0.13477737
2025-04-01,-0.66331226,0.7391457,0.20151475
2025-04-02,-0.6633741,0.81376517,0.13495135
2025-04-03,-0.6560809,-0.68616354,2.5761893
2025-04-04,-0.6479171,0.8055711,-0.26768732
2025-04-08,-0.67197675,0.58890885,-0.020130992
2025-04-09,-0.67744535,0.5429604,-0.0036810637
2025-04-10,-0.57117265,-1.2362763,3.935757
2025-04-11,-0.4912644,0.6854987,0.43260655
2025-04-14,-0.49968356,0.7050834,0.27332085
2025-04-15,-0.507842,0.70013946,0.17826074
2025-04-16,-0.51882404,0.26852277,0.707369
2025-04-17,-0.5199879,-0.3247726,1.3707392
2025-04-18,-0.5341987,0.38207108,-0.06116569
2025-04-21,-0.53662187,0.267264,0.026361525
2025-04-22,-0.4654922,1.345494,-2.083029
2025-04-23,-0.5658372,0.11769295,0.34019542
2025-04-24,-0.5349322,0.18592787,0.3917639
2025-04-25,-0.5314222,0.39058974,0.021781623
2025-04-28,-0.54471153,0.20898038,0.17107096
2025-04-29,-0.53497714,0.2966401,0.072992444
2025-05-05,-0.5506049,0.22910474,0.008260667
2025-05-06,-0.56201893,0.10808757,0.06017685
2025-05-07,-0.54332584,0.5561336,-0.67266923
2025-05-08,-0.5381101,0.07272676,0.36767206
2025-05-09,-0.5580129,0.29171968,-0.12081474
2025-05-12,-0.5541658,0.24939248,-0.06400877
2025-05-13,-0.5186601,1.8683795,-3.3044598
2025-05-14,-0.5527889,0.794938,-1.147862
2025-05-15,-0.6235711,0.01751779,0.26244673
2025-05-16,-0.61360306,-0.08135247,0.44321337
2025-05-19,-0.5993479,-0.12814027,0.5228217
2025-05-20,-0.5115885,0.91352344,-1.3580651
2025-05-21,-0.6250674,0.2767784,-0.18537182
2025-05-22,-0.6076928,-0.015789986,0.31399265
2025-05-23,-0.6018159,0.082203984,0.12543827
2025-05-26,-0.6187766,0.30726433,-0.27888232
2025-05-27,-0.5523731,-0.6578439,1.6190553
2025-05-28,-0.55359656,0.23647204,-0.08369112
2025-05-29,-0.5172606,0.18432419,0.22769487
2025-05-30,-0.5118752,0.35549656,-0.023882747
2025-06-02,-0.45022088,0.12502976,0.7554457
2025-06-03,-0.42003846,0.8622162,-0.64421326
2025-06-04,-0.47770792,0.048182756,0.60558665
2025-06-05,-0.49176532,-0.026827931,0.4628478
2025-06-06,-0.50224,-0.02577588,0.2661451
2025-06-09,-0.5044183,0.1480689,-0.059036493
2025-06-10,-0.49090546,0.44427264,-0.4680608
2025-06-11,-0.5235744,0.23287868,-0.18494916
2025-06-12,-0.4786623,0.5507353,-0.62389356
2025-06-13,-0.5094803,0.2978207,-0.117656946
2025-06-16,-0.49611288,0.49635297,-0.4706064
2025-06-17,-0.5176596,0.41749352,-0.35797906
2025-06-18,-0.5215257,0.16970733,0.016181707
2025-06-19,-0.49656588,0.5542863,-0.57013386
2025-06-20,-0.52327496,0.54858065,-0.5950275
2025-06-23,-0.55371886,0.32399365,-0.13946009
2025-06-24,-0.44247335,1.4883037,-2.311143
2025-06-25,-0.5613616,0.23015642,0.16318789
2025-06-26,-0.51759464,0.7650273,-0.86874217
2025-06-27,-0.5903086,0.39777678,-0.18324494
2025-06-30,-0.46874958,1.8604851,-2.8688421
2025-07-01,-0.61426216,-0.06790346,0.6087414
2025-07-02,-0.5556722,0.8264568,-1.1236002
2025-07-03,-0.5443637,1.5099969,-2.458201
2025-07-04,-0.6365867,0.20378008,0.2548677
2025-07-07,-0.6381778,0.355578,-0.047993958
2025-07-08,-0.64034194,0.58758414,-0.5138008
2025-07-09,-0.61776596,-0.25063902,1.4053316
2025-07-10,-0.61482626,0.35821033,0.20816645
2025-07-11,-0.5944522,0.4640205,0.18140933
2025-07-14,-0.58820707,0.30268028,0.5269562
2025-07-15,-0.6085171,-0.2569742,1.3231331
2025-07-16,-0.6135035,0.5232984,-0.12149197
2025-07-17,-0.5849562,0.41909897,0.20972815
2025-07-18,-0.5940338,0.5231819,-0.037736177
2025-07-21,-0.5995061,0.5806085,-0.13481855
2025-07-22,-0.53259975,-0.35437408,1.932755
2025-07-23,-0.51154965,0.7957259,-0.14861983
2025-07-24,-0.5341365,0.48577774,0.27009854
2025-07-25,-0.53699976,0.62843555,0.004743755
2025-07-28,-0.48354155,0.16613477,1.1764632
2025-07-29,-0.46740752,0.9489188,-0.3796125
2025-07-30,-0.51510483,0.20532271,0.7296505
2025-07-31,-0.52005094,0.52571374,0.06964797
2025-08-01,-0.48054868,0.8450406,-0.30410475
2025-08-04,-0.509584,0.5483594,0.13755837
2025-08-05,-0.49522215,0.570252,0.24525419
2025-08-06,-0.41607654,1.2318177,-0.89200085
2025-08-07,-0.5229916,0.7453656,-0.11118299
2025-08-08,-0.5056823,0.6426327,0.21319446
2025-08-11,-0.47759205,0.9571063,-0.2596652
2025-08-12,-0.46054512,1.1276754,-0.7253142
2025-08-13,-0.47189504,0.15933084,1.3984075
2025-08-14,-0.4681484,0.92086726,0.009102583
2025-08-15,-0.4698364,0.9353452,-0.013215184
2025-08-18,-0.4711358,0.8131725,0.20431629
2025-08-19,-0.38556123,1.4814713,-0.9882162
2025-08-20,-0.49813324,0.8658176,0.12229678
2025-08-21,-0.51252383,0.11459094,1.2128882
2025-08-22,-0.5170899,0.067348,1.0248457
2025-08-25,-0.55713516,0.5078602,-0.07615465
2025-08-26,-0.498038,0.15371639,0.86938405
2025-08-27,-0.43520886,1.1032407,-0.7984671
2025-08-28,-0.4679051,0.44838127,0.68785
2025-08-29,-0.46630365,0.89618087,-0.16588348
2025-09-03,-0.48519236,0.82591194,-0.073768795
2025-09-04,-0.44442612,0.5825258,0.62604177
2025-09-05,-0.44518083,0.8224587,0.15538347
2025-09-08,-0.4583767,0.69350934,0.23924875
2025-09-09,-0.46473712,0.8474077,-0.03621888
2025-09-10,-0.43435377,0.69026446,0.41660452
2025-09-11,-0.40505242,1.1009922,-0.32545114
2025-09-12,-0.35949677,1.4184699,-0.8945449
2025-09-15,-0.4670331,0.8969902,0.048413694
2025-09-16,-0.4711569,0.34547526,0.8155894
2025-09-17,-0.48250538,0.59961593,0.16088751
2025-09-18,-0.49651593,0.15196835,0.6864562
2025-09-19,-0.50006145,-0.5430298,1.5270162
2025-09-22,-0.48479277,0.6051335,-0.63366884
2025-09-23,-0.503872,0.50897574,-0.34088063
2025-09-24,-0.4706995,0.6912801,-0.51983243
2025-09-25,-0.43958122,0.9219663,-0.84771234
2025-09-26,-0.5053415,0.4931904,-0.024760723
2025-09-29,-0.45748776,0.8054177,-0.3690315
2025-09-30,-0.4897583,0.5802641,0.018516243
2025-10-01,-0.4878264,0.5865793,0.023485601
2025-10-02,-0.41332263,1.1486236,-1.0314844
2025-10-03,-0.51133925,0.56507826,0.040724456
2025-10-06,-0.5137865,0.6940912,-0.23124963
2025-10-07,-0.53334624,0.04545681,0.70681345
2025-10-08,-0.48953682,0.2809355,0.5446919
2025-10-09,-0.44407088,0.18790329,1.0026517
2025-10-10,-0.45250362,0.7130394,0.0026392937
2025-10-13,-0.39949876,0.44324213,0.78466773
2025-10-14,-0.35744548,1.112053,-0.374502
2025-10-15,-0.3780961,1.0369515,-0.23486632
2025-10-16,-0.32552147,1.4175102,-0.9152313
2025-10-17,-0.29749852,1.7155029,-1.7556746
2025-10-20,-0.4889757,-0.36839837,1.7484252
2025-10-21,-0.49306923,0.060446665,0.6935115
2025-10-22,-0.5100407,0.13275015,0.33766133
2025-10-23,-0.48718208,0.2833654,0.21692747
2025-10-24,-0.49194032,0.4296703,-0.017903626
2025-10-27,-0.50547785,0.0031445026,0.45546535
2025-10-28,-0.46136266,-0.014510289,0.74614966
2025-10-29,-0.43636996,0.31987226,0.2774228
2025-10-30,-0.44329423,0.40797874,0.044939876
2025-10-31,-0.44795364,0.38363189,0.04046154
2025-11-03,-0.4558943,0.33345985,0.051119626
2025-11-04,-0.43156224,0.7132257,-0.54147655
2025-11-05,-0.48217016,0.16098407,0.14292917
2025-11-06,-0.4817856,0.5457321,-0.722464
2025-11-07,-0.5214433,0.17445992,-0.05214119
2025-11-10,-0.47071296,0.70721984,-0.92218775
2025-11-11,-0.5345281,0.077499226,0.08885723
2025-11-12,-0.47940046,-0.5721117,1.5065601
2025-11-13,-0.46953744,0.53402746,-0.5609227
2025-11-14,-0.47687382,0.5217277,-0.47039706
2025-11-17,-0.45080358,0.74988765,-0.84219545
2025-11-18,-0.4983346,0.5794151,-0.5569808
2025-11-19,-0.50803226,0.603643,-0.5927442
2025-11-20,-0.52385074,0.37587047,-0.023055613
2025-11-21,-0.52945465,0.30202416,0.029581428
2025-11-24,-0.43093556,1.1332103,-1.4258637
2025-11-25,-0.46532303,1.0354422,-1.2074347
2025-11-26,-0.544599,0.6324381,-0.3755933
2025-11-27,-0.543076,0.2942784,0.40624303
2025-11-28,-0.55230147,0.21378642,0.38648683
2025-12-01,-0.56220835,0.31710953,0.073593974
2025-12-02,-0.57371575,0.46228164,-0.19920611
2025-12-03,-0.44659358,1.4328611,-1.9853127
2025-12-04,-0.5422947,0.006806135,0.982267
2025-12-05,-0.5311926,0.5619284,0.01787734
2025-12-08,-0.51683944,0.5828882,0.092490286
2025-12-09,-0.3644237,1.7000518,-1.9365396
2025-12-10,-0.35274988,1.7809148,-1.8700535
2025-12-11,-0.5492683,0.7858912,-0.047321618
2025-12-12,-0.585398,-1.3453677,3.6191695
2025-12-15,-0.49896818,0.026587069,1.275625
2025-12-16,-0.49248415,0.76273906,-0.021741986
2025-12-17,-0.490346,0.6882951,0.09296176
2025-12-18,-0.5012948,0.035952628,1.0292195
2025-12-19,-0.45211655,0.34038353,0.7438319
2025-12-22,-0.43921477,0.71351695,0.15645206
2025-12-23,-0.43317586,0.7814707,0.09663397
2025-12-24,-0.41674143,0.81539464,0.16320166
2025-12-25,-0.41638535,0.9153629,-0.042176425
2025-12-26,-0.43861395,0.3928868,0.63647515
2025-12-29,-0.45061642,0.28405008,0.5831056
2025-12-30,-0.45224422,0.60577327,0.033016264
2025-12-31,-0.45921427,0.5177913,0.13119805
2026-01-05,-0.39326078,1.15857,-1.0770206
2026-01-06,-0.5035593,0.11172587,0.5871322
2026-01-07,-0.48501736,0.40573388,0.19912428
2026-01-08,-0.49856097,0.12991479,0.4797004
2026-01-09,-0.53122157,0.33496904,-0.13098997
2026-01-12,-0.48142344,0.0003707111,0.7136078
2026-01-13,-0.49327022,0.5846488,-0.6159076
2026-01-14,-0.4782229,0.8125572,-1.1790173
2026-01-15,-0.5538091,0.21951315,-0.028426707
2026-01-16,-0.53602725,0.09962469,0.3293285
2026-01-19,-0.5145795,0.6100664,-0.4988466
2026-01-20,-0.44536275,1.0497694,-1.2409914
2026-01-21,-0.5577045,0.5532827,-0.37792206
2026-01-22,-0.5558234,0.30453753,0.18565604
2026-01-23,-0.5735313,0.51031864,-0.3279006
2026-01-26,-0.587714,0.21021286,0.06359726
2026-01-27,-0.56164867,0.63590515,-0.74746424
2026-01-28,-0.58313376,0.58157265,-0.70885116
2026-01-29,-0.6366709,0.3246231,-0.25606275
2026-01-30,-0.60579973,-0.021759912,0.53044826
2026-02-02,-0.6136518,0.30784112,-0.101335526
2026-02-03,-0.58471566,0.559435,-0.40552992
2026-02-04,-0.5736818,0.62779534,-0.44652754
2026-02-05,-0.56996804,0.47000596,0.05940914
2026-02-06,-0.5125485,1.0367665,-1.030973
2026-02-09,-0.5254938,-0.24507353,1.7364061
2026-02-10,-0.3733946,1.57212,-1.5317214
2026-02-11,-0.43508774,1.3004516,-0.93466216
2026-02-12,-0.5357669,0.73105454,0.09363514
2026-02-13,-0.51512533,0.89352703,-0.14483207
2026-02-23,-0.5166821,0.78259814,0.19760635
