date,weight
2018-02-01,1.0
2018-02-02,1.0
2018-02-05,1.0
2018-02-06,1.0
2018-02-07,1.0
2018-02-08,1.0
2018-02-09,1.0
2018-02-12,1.0
2018-02-13,1.0
2018-02-21,1.0
2018-02-22,1.0
2018-02-23,1.0
2018-02-26,1.0
2018-02-27,1.0
2018-02-28,1.0
2018-03-01,1.0
2018-03-02,1.0
2018-03-05,1.0
2018-03-06,1.0
2018-03-07,1.0
2018-03-08,1.0
2018-03-09,1.0
2018-03-12,1.0
2018-03-13,1.0
2018-03-14,1.0
2018-03-15,1.0
2018-03-16,1.0
2018-03-19,1.0
2018-03-20,1.0
2018-03-21,1.0
2018-03-22,1.0
2018-03-23,1.0
2018-03-26,1.0
2018-03-27,1.0
2018-03-28,1.0
2018-03-29,1.0
2018-03-30,1.0
2018-04-02,1.0
2018-04-03,1.0
2018-04-04,1.0
2018-04-05,1.0
2018-04-06,1.0
2018-04-09,1.0
2018-04-10,1.0
2018-04-11,1.0
2018-04-12,1.0
2018-04-13,1.0
2018-04-16,1.0
2018-04-17,1.0
2018-04-18,1.0
2018-04-19,1.0
2018-04-20,1.0
2018-04-23,1.0
2018-04-24,1.0
2018-04-26,1.0
2018-04-27,1.0
2018-05-02,1.0
2018-05-03,1.0
2018-05-04,1.0
2018-05-07,0.0
2018-05-08,0.0
2018-05-09,0.0
2018-05-10,0.0
2018-05-11,0.20207728481386045
2018-05-14,0.0
2018-05-15,0.27039626528943517
2018-05-16,0.0
2018-05-17,0.0
2018-05-18,0.0
2018-05-21,0.2203165919697363
2018-05-22,0.0
2018-05-23,0.2531137739349596
2018-05-24,0.0
2018-05-25,0.0
2018-05-28,1.0
2018-05-29,0.6107092786375163
2018-05-30,0.0
2018-05-31,0.0
2018-06-01,0.0
2018-06-04,0.0
2018-06-05,1.0
2018-06-06,1.0
2018-06-07,0.72345141751853
2018-06-08,1.0
2018-06-11,1.0
2018-06-12,1.0
2018-06-13,1.0
2018-06-14,1.0
2018-06-15,1.0
2018-06-18,1.0
2018-06-19,1.0
2018-06-20,0.6313773819597275
2018-06-21,1.0
2018-06-22,1.0
2018-06-25,1.0
2018-06-26,1.0
2018-06-27,1.0
2018-06-28,1.0
2018-06-29,1.0
2018-07-02,1.0
2018-07-03,1.0
2018-07-04,0.6446622572289091
2018-07-05,0.2979324178679401
2018-07-06,0.7674478974819252
2018-07-09,0.2612997681098662
2018-07-10,0.0
2018-07-11,0.4282933651962364
2018-07-12,0.4966452296952203
2018-07-13,0.39714232736423716
2018-07-16,1.0
2018-07-17,0.42003476295360265
2018-07-18,1.0
2018-07-19,1.0
2018-07-20,0.6980268832057324
2018-07-23,0.24559612255704688
2018-07-24,1.0
2018-07-25,1.0
2018-07-26,0.4354056427927324
2018-07-27,0.0
2018-07-30,1.0
2018-07-31,0.5003571219982571
2018-08-01,1.0
2018-08-02,0.7421803735616437
2018-08-03,1.0
2018-08-06,1.0
2018-08-07,1.0
2018-08-08,1.0
2018-08-09,1.0
2018-08-10,1.0
2018-08-13,0.0
2018-08-14,1.0
2018-08-15,1.0
2018-08-16,1.0
2018-08-17,1.0
2018-08-20,1.0
2018-08-21,1.0
2018-08-22,0.7662309132656403
2018-08-23,0.41059059165935685
2018-08-24,1.0
2018-08-27,1.0
2018-08-28,1.0
2018-08-29,1.0
2018-08-30,1.0
2018-08-31,1.0
2018-09-04,1.0
2018-09-05,0.6288760127646462
2018-09-06,0.6770260613662956
2018-09-07,1.0
2018-09-10,1.0
2018-09-11,0.4137601715852045
2018-09-12,1.0
2018-09-13,1.0
2018-09-14,0.5645239858839516
2018-09-17,1.0
2018-09-18,0.5751207280753403
2018-09-19,0.6746897826322156
2018-09-20,1.0
2018-09-21,1.0
2018-09-24,0.4560817386701851
2018-09-25,1.0
2018-09-26,1.0
2018-09-27,1.0
2018-09-28,1.0
2018-10-01,1.0
2018-10-02,1.0
2018-10-03,1.0
2018-10-04,1.0
2018-10-05,1.0
2018-10-08,1.0
2018-10-09,1.0
2018-10-10,1.0
2018-10-11,1.0
2018-10-12,1.0
2018-10-15,0.7544662690839203
2018-10-16,1.0
2018-10-17,1.0
2018-10-18,1.0
2018-10-19,1.0
2018-10-22,1.0
2018-10-23,1.0
2018-10-24,0.5157430682835302
2018-10-25,0.5848999530306396
2018-10-26,0.3908489061164906
2018-10-29,0.2708686478614163
2018-10-30,1.0
2018-10-31,0.38154448253876394
2018-11-01,1.0
2018-11-02,0.0
2018-11-05,0.0
2018-11-06,1.0
2018-11-07,0.27629170781658774
2018-11-08,0.2313646660429035
2018-11-09,0.46686003974716905
2018-11-12,0.6931089892804922
2018-11-13,0.41740207470879764
2018-11-14,1.0
2018-11-15,1.0
2018-11-16,0.45535351479046504
2018-11-19,1.0
2018-11-20,0.0
2018-11-21,0.7946243507108185
2018-11-22,0.26654983984186875
2018-11-23,0.3704908814134835
2018-11-26,1.0
2018-11-27,1.0
2018-11-28,0.32543107066201615
2018-11-29,0.32592030683290796
2018-11-30,0.5232996578608836
2018-12-03,1.0
2018-12-04,0.616210078730512
2018-12-05,0.41757435051047587
2018-12-06,1.0
2018-12-07,0.6367232082635035
2018-12-10,1.0
2018-12-11,0.2843140086376984
2018-12-12,1.0
2018-12-13,0.4761891354352492
2018-12-14,0.683282417198934
2018-12-17,0.6915293322350313
2018-12-18,1.0
2018-12-19,0.7495271826586811
2018-12-20,0.7567887103679138
2018-12-21,1.0
2018-12-24,1.0
2018-12-25,1.0
2018-12-26,0.43128895193082173
2018-12-27,1.0
2018-12-28,1.0
2019-01-02,0.6236394620216478
2019-01-03,0.4371677168796422
2019-01-04,1.0
2019-01-07,1.0
2019-01-08,1.0
2019-01-09,0.6042299502156594
2019-01-10,1.0
2019-01-11,1.0
2019-01-14,1.0
2019-01-15,1.0
2019-01-16,1.0
2019-01-17,1.0
2019-01-18,1.0
2019-01-21,1.0
2019-01-22,1.0
2019-01-23,1.0
2019-01-24,1.0
2019-01-25,1.0
2019-01-28,1.0
2019-01-29,1.0
2019-01-30,1.0
2019-01-31,1.0
2019-02-01,0.5345134391573068
2019-02-11,1.0
2019-02-12,0.4521959746719164
2019-02-13,0.6719666259173485
2019-02-14,0.31237039516413945
2019-02-15,1.0
2019-02-18,1.0
2019-02-19,0.3571969305203899
2019-02-20,1.0
2019-02-21,0.6701789494048491
2019-02-22,0.7747899484782856
2019-02-25,1.0
2019-02-26,1.0
2019-02-27,1.0
2019-02-28,1.0
2019-03-01,0.7089166013578233
2019-03-04,0.6540998087176143
2019-03-05,0.4672333572996513
2019-03-06,0.5036462883525525
2019-03-07,1.0
2019-03-08,0.3570723258512374
2019-03-11,0.44820796276996033
2019-03-12,1.0
2019-03-13,0.2278378894512213
2019-03-14,0.3164381768303962
2019-03-15,0.4395478818818216
2019-03-18,0.0
2019-03-19,1.0
2019-03-20,0.33769261124490646
2019-03-21,0.37864760796925756
2019-03-22,1.0
2019-03-25,0.0
2019-03-26,0.0
2019-03-27,0.34882980514361295
2019-03-28,0.32860191798449345
2019-03-29,0.3680325139871725
2019-04-01,0.0
2019-04-02,0.0
2019-04-03,0.34484722031801773
2019-04-04,1.0
2019-04-05,0.0
2019-04-08,0.0
2019-04-09,1.0
2019-04-10,1.0
2019-04-11,1.0
2019-04-12,1.0
2019-04-16,1.0
2019-04-17,1.0
2019-04-18,0.798098584065248
2019-04-19,1.0
2019-04-22,1.0
2019-04-23,0.6938955569577006
2019-04-24,1.0
2019-04-25,1.0
2019-04-26,0.6958233902813037
2019-05-02,0.7996755815561157
2019-05-03,1.0
2019-05-06,0.6950487798162053
2019-05-07,0.623053187777973
2019-05-08,1.0
2019-05-09,1.0
2019-05-10,1.0
2019-05-13,1.0
2019-05-14,1.0
2019-05-15,1.0
2019-05-16,1.0
2019-05-17,1.0
2019-05-20,1.0
2019-05-21,1.0
2019-05-22,1.0
2019-05-23,1.0
2019-05-24,1.0
2019-05-27,1.0
2019-05-28,1.0
2019-05-29,1.0
2019-05-30,1.0
2019-05-31,1.0
2019-06-03,1.0
2019-06-04,1.0
2019-06-05,1.0
2019-06-06,1.0
2019-06-07,1.0
2019-06-10,1.0
2019-06-11,1.0
2019-06-12,1.0
2019-06-13,1.0
2019-06-14,1.0
2019-06-17,1.0
2019-06-18,1.0
2019-06-19,1.0
2019-06-20,1.0
2019-06-21,1.0
2019-06-24,1.0
2019-06-25,1.0
2019-06-26,1.0
2019-06-27,1.0
2019-06-28,1.0
2019-07-01,1.0
2019-07-02,1.0
2019-07-03,1.0
2019-07-04,1.0
2019-07-05,0.0
2019-07-08,1.0
2019-07-09,0.5579991691534336
2019-07-10,0.4718527658259789
2019-07-11,0.6236462646996521
2019-07-12,0.6058427351576222
2019-07-15,0.6281027182242519
2019-07-16,0.7465760438659144
2019-07-17,0.6474170433760985
2019-07-18,0.6040109298792625
2019-07-19,0.6560602129257243
2019-07-22,0.687318428251275
2019-07-23,0.6974415686851787
2019-07-24,0.25186029472888494
2019-07-25,1.0
2019-07-26,1.0
2019-07-29,0.0
2019-07-30,1.0
2019-07-31,0.0
2019-08-01,0.0
2019-08-02,0.0
2019-08-05,0.31162309554557543
2019-08-06,1.0
2019-08-07,0.5126631154727135
2019-08-08,1.0
2019-08-09,0.0
2019-08-12,0.4872892393486904
2019-08-13,0.29939322138404956
2019-08-14,0.5855010017136553
2019-08-15,0.39883068560371737
2019-08-16,0.3605774379035991
2019-08-19,0.35945229151172087
2019-08-20,1.0
2019-08-21,1.0
2019-08-22,0.0
2019-08-23,0.447490691913623
2019-08-26,1.0
2019-08-27,0.6932907452833137
2019-08-28,1.0
2019-08-29,0.2922101892035852
2019-08-30,1.0
2019-09-03,1.0
2019-09-04,0.0
2019-09-05,0.4238641772515581
2019-09-06,0.3686602342138725
2019-09-09,1.0
2019-09-10,1.0
2019-09-11,1.0
2019-09-12,0.798528045790436
2019-09-13,1.0
2019-09-16,0.35250520886681114
2019-09-17,1.0
2019-09-18,1.0
2019-09-19,1.0
2019-09-20,1.0
2019-09-23,0.5400147335024004
2019-09-24,1.0
2019-09-25,0.6009906497789625
2019-09-26,0.31895966616323423
2019-09-27,1.0
2019-09-30,0.25169506302325473
2019-10-01,1.0
2019-10-02,0.0
2019-10-03,1.0
2019-10-04,1.0
2019-10-07,0.0
2019-10-08,1.0
2019-10-09,0.0
2019-10-10,0.0
2019-10-11,0.0
2019-10-14,1.0
2019-10-15,1.0
2019-10-16,0.35639867627342936
2019-10-17,0.0
2019-10-18,0.7844578294463759
2019-10-21,1.0
2019-10-22,0.0
2019-10-23,0.4277545958280047
2019-10-24,0.5311739323170592
2019-10-25,0.23501125443345638
2019-10-28,0.20182973084456524
2019-10-29,0.0
2019-10-30,1.0
2019-10-31,0.2487609092745423
2019-11-01,1.0
2019-11-04,0.23630023410173762
2019-11-05,0.0
2019-11-06,0.0
2019-11-07,1.0
2019-11-08,0.6855515927324657
2019-11-11,0.0
2019-11-12,0.2887228471066655
2019-11-13,0.22312678924952678
2019-11-14,0.31411477480578387
2019-11-15,0.0
2019-11-18,1.0
2019-11-19,0.0
2019-11-20,0.7121034278951324
2019-11-21,1.0
2019-11-22,0.3137534560573165
2019-11-25,1.0
2019-11-26,0.23491180228662545
2019-11-27,1.0
2019-11-28,0.49734647871408977
2019-11-29,0.38856548951788084
2019-12-02,0.40931578495569576
2019-12-03,0.45158681234658027
2019-12-04,0.693703081465503
2019-12-05,1.0
2019-12-06,0.33712704422351203
2019-12-09,1.0
2019-12-10,1.0
2019-12-11,0.6104624936531845
2019-12-12,0.5031155634837536
2019-12-13,1.0
2019-12-16,0.0
2019-12-17,1.0
2019-12-18,1.0
2019-12-19,0.7876835208458758
2019-12-20,0.522088114849775
2019-12-23,0.6197584039789049
2019-12-24,0.6389643806913131
2019-12-25,1.0
2019-12-26,0.7695369461156993
2019-12-27,0.5091094455840567
2019-12-30,1.0
2019-12-31,1.0
2020-01-02,1.0
2020-01-03,0.6683129353678146
2020-01-06,1.0
2020-01-07,1.0
2020-01-08,1.0
2020-01-09,1.0
2020-01-10,1.0
2020-01-13,1.0
2020-01-14,1.0
2020-01-15,1.0
2020-01-16,1.0
2020-01-17,0.7313677376451739
2020-01-20,0.6270810456590004
2020-01-21,1.0
2020-01-22,0.45828591982589273
2020-01-30,0.44872630268496594
2020-01-31,1.0
2020-02-03,1.0
2020-02-04,1.0
2020-02-05,0.7434229191285532
2020-02-06,1.0
2020-02-07,0.5882995312945984
2020-02-10,1.0
2020-02-11,1.0
2020-02-12,0.4257317674553762
2020-02-13,0.6758761063319745
2020-02-14,1.0
2020-02-17,0.3065410031845007
2020-02-18,0.7143385514954788
2020-02-19,1.0
2020-02-20,0.7463846974618863
2020-02-21,0.6077039511921156
2020-02-24,1.0
2020-02-25,0.70942134577287
2020-02-26,0.4540876057284682
2020-02-27,1.0
2020-02-28,0.6731027016626692
2020-03-02,0.33017895847818524
2020-03-03,0.7736261189164084
2020-03-04,0.2822745242970516
2020-03-05,0.0
2020-03-06,0.2522350942250956
2020-03-09,1.0
2020-03-10,0.0
2020-03-11,1.0
2020-03-12,1.0
2020-03-13,0.0
2020-03-16,0.0
2020-03-17,0.0
2020-03-18,0.0
2020-03-19,1.0
2020-03-20,0.0
2020-03-23,0.0
2020-03-24,0.0
2020-03-25,1.0
2020-03-26,0.0
2020-03-27,1.0
2020-03-30,0.44135056856553145
2020-03-31,0.0
2020-04-01,0.0
2020-04-03,1.0
2020-04-06,0.0
2020-04-07,0.0
2020-04-08,1.0
2020-04-09,0.0
2020-04-10,1.0
2020-04-13,0.0
2020-04-14,0.0
2020-04-15,0.0
2020-04-16,0.0
2020-04-17,0.0
2020-04-20,0.0
2020-04-21,0.0
2020-04-22,0.24507287895757635
2020-04-23,1.0
2020-04-24,1.0
2020-04-27,0.6753355198701325
2020-04-28,0.3145485882044857
2020-04-29,0.30038563189993195
2020-05-04,1.0
2020-05-05,0.21436325403835355
2020-05-06,1.0
2020-05-07,0.5923279532164767
2020-05-08,0.25938700932630065
2020-05-11,0.3465786343979491
2020-05-12,0.6203039141669602
2020-05-13,0.36665967914500774
2020-05-14,0.7579280481848794
2020-05-15,1.0
2020-05-18,0.7226999781447896
2020-05-19,0.47477651146096445
2020-05-20,0.4867522395598468
2020-05-21,0.4846374283050454
2020-05-22,0.617520520603836
2020-05-25,1.0
2020-05-26,0.4580652848134167
2020-05-27,0.4734632351853546
2020-05-28,1.0
2020-05-29,1.0
2020-06-01,0.7696540823878906
2020-06-02,0.5214887427187134
2020-06-03,0.4009360317383964
2020-06-04,1.0
2020-06-05,0.5826509620251628
2020-06-08,0.5329335366401253
2020-06-09,0.4290966944320922
2020-06-10,0.7061521334905985
2020-06-11,1.0
2020-06-12,1.0
2020-06-15,1.0
2020-06-16,1.0
2020-06-17,1.0
2020-06-18,1.0
2020-06-19,1.0
2020-06-22,0.7240515549193888
2020-06-23,1.0
2020-06-24,1.0
2020-06-25,1.0
2020-06-26,1.0
2020-06-29,1.0
2020-06-30,1.0
2020-07-01,1.0
2020-07-02,1.0
2020-07-03,1.0
2020-07-06,1.0
2020-07-07,1.0
2020-07-08,1.0
2020-07-09,1.0
2020-07-10,1.0
2020-07-13,1.0
2020-07-14,1.0
2020-07-15,0.4699321797500554
2020-07-16,0.5497134603403284
2020-07-17,1.0
2020-07-20,1.0
2020-07-21,1.0
2020-07-22,1.0
2020-07-23,1.0
2020-07-24,0.7717038660977749
2020-07-27,0.3350117347406786
2020-07-28,0.21692588708818916
2020-07-29,0.6506412330616933
2020-07-30,0.2810144272141524
2020-07-31,0.0
2020-08-03,0.0
2020-08-04,0.5712544239568089
2020-08-05,0.347120398494965
2020-08-06,0.2913994427766713
2020-08-07,0.6879543680968113
2020-08-10,0.0
2020-08-11,1.0
2020-08-12,0.5199375306237521
2020-08-13,0.7904324489211568
2020-08-14,0.34086010431802116
2020-08-17,0.0
2020-08-18,0.0
2020-08-19,0.5795589611848576
2020-08-20,0.4192256424312447
2020-08-21,0.6535614400473007
2020-08-24,1.0
2020-08-25,1.0
2020-08-26,0.685447431050694
2020-08-27,1.0
2020-08-28,0.4277313918996686
2020-08-31,0.636361768787097
2020-09-01,1.0
2020-09-03,1.0
2020-09-04,1.0
2020-09-07,1.0
2020-09-08,1.0
2020-09-09,1.0
2020-09-10,1.0
2020-09-11,1.0
2020-09-14,1.0
2020-09-15,1.0
2020-09-16,1.0
2020-09-17,1.0
2020-09-18,1.0
2020-09-21,1.0
2020-09-22,1.0
2020-09-23,1.0
2020-09-24,1.0
2020-09-25,1.0
2020-09-28,1.0
2020-09-29,1.0
2020-09-30,1.0
2020-10-01,1.0
2020-10-02,1.0
2020-10-05,1.0
2020-10-06,1.0
2020-10-07,1.0
2020-10-08,1.0
2020-10-09,1.0
2020-10-12,1.0
2020-10-13,1.0
2020-10-14,1.0
2020-10-15,1.0
2020-10-16,0.7317808491569782
2020-10-19,1.0
2020-10-20,0.7366701265667301
2020-10-21,0.4943627894091963
2020-10-22,0.6754051305379639
2020-10-23,0.7417190889189085
2020-10-26,1.0
2020-10-27,1.0
2020-10-28,1.0
2020-10-29,0.45374882402878736
2020-10-30,1.0
2020-11-02,1.0
2020-11-03,0.4145577064304299
2020-11-04,0.4198882215510763
2020-11-05,0.0
2020-11-06,1.0
2020-11-09,1.0
2020-11-10,0.4097898300280983
2020-11-11,0.26929832727317426
2020-11-12,0.4860710904275205
2020-11-13,0.5583840748426296
2020-11-16,0.0
2020-11-17,0.30204319756082876
2020-11-18,0.3762563772921901
2020-11-19,0.0
2020-11-20,0.0
2020-11-23,0.0
2020-11-24,1.0
2020-11-25,0.0
2020-11-26,0.6485194787232016
2020-11-27,0.0
2020-11-30,0.7472377812242796
2020-12-01,1.0
2020-12-02,0.33913526116406134
2020-12-03,0.0
2020-12-04,0.0
2020-12-07,0.38633130737560195
2020-12-08,0.2280268714920245
2020-12-09,0.4597734315211588
2020-12-10,0.35482687125444123
2020-12-11,0.3966344589327603
2020-12-14,0.666889304278143
2020-12-15,0.5100222936670382
2020-12-16,0.41168092944381673
2020-12-17,0.4617729890531742
2020-12-18,0.6225821295260312
2020-12-21,1.0
2020-12-22,1.0
2020-12-23,0.7690012441101333
2020-12-24,1.0
2020-12-25,1.0
2020-12-28,1.0
2020-12-29,0.7726277996360373
2020-12-30,1.0
2020-12-31,1.0
2021-01-04,1.0
2021-01-05,1.0
2021-01-06,1.0
2021-01-07,1.0
2021-01-08,1.0
2021-01-11,1.0
2021-01-12,1.0
2021-01-13,1.0
2021-01-14,1.0
2021-01-15,1.0
2021-01-18,1.0
2021-01-19,1.0
2021-01-20,1.0
2021-01-21,1.0
2021-01-22,1.0
2021-01-25,1.0
2021-01-26,1.0
2021-01-27,1.0
2021-01-28,1.0
2021-01-29,1.0
2021-02-01,1.0
2021-02-02,1.0
2021-02-03,1.0
2021-02-04,1.0
2021-02-05,1.0
2021-02-08,1.0
2021-02-09,1.0
2021-02-17,1.0
2021-02-18,1.0
2021-02-19,1.0
2021-02-22,1.0
2021-02-23,1.0
2021-02-24,0.6190408437203563
2021-02-25,0.6648480504164542
2021-02-26,0.631778436521317
2021-03-01,1.0
2021-03-02,0.7977908747279276
2021-03-03,0.237443578084782
2021-03-04,0.4762649606695839
2021-03-05,0.49587523703116876
2021-03-08,0.5549632283109835
2021-03-09,0.5770102578649579
2021-03-10,1.0
2021-03-11,1.0
2021-03-12,1.0
2021-03-15,1.0
2021-03-16,1.0
2021-03-17,0.6545031273818454
2021-03-18,1.0
2021-03-19,1.0
2021-03-22,1.0
2021-03-23,1.0
2021-03-24,0.5860105380633487
2021-03-25,1.0
2021-03-26,0.6845459293082171
2021-03-29,0.4794960477960175
2021-03-30,0.7461579778873807
2021-03-31,0.7731798148530072
2021-04-01,1.0
2021-04-02,1.0
2021-04-05,1.0
2021-04-06,1.0
2021-04-07,1.0
2021-04-08,1.0
2021-04-09,1.0
2021-04-12,1.0
2021-04-13,1.0
2021-04-14,1.0
2021-04-15,0.7389470176794136
2021-04-16,0.4363506184659911
2021-04-19,0.32813897954011906
2021-04-20,0.3650738705690879
2021-04-22,0.0
2021-04-23,0.0
2021-04-26,0.0
2021-04-27,0.0
2021-04-28,1.0
2021-04-29,0.2380962686354101
2021-05-04,0.0
2021-05-05,0.0
2021-05-06,0.0
2021-05-07,0.0
2021-05-10,0.0
2021-05-11,0.0
2021-05-12,0.0
2021-05-13,0.0
2021-05-14,0.0
2021-05-17,0.0
2021-05-18,0.0
2021-05-19,0.0
2021-05-20,0.0
2021-05-21,0.0
2021-05-24,0.0
2021-05-25,0.0
2021-05-26,1.0
2021-05-27,0.3580768155537646
2021-05-28,0.0
2021-05-31,1.0
2021-06-01,0.2720135431824827
2021-06-02,0.23235994919626246
2021-06-03,0.2819414006404468
2021-06-04,0.0
2021-06-07,0.20663921538383623
2021-06-08,0.21606662223999584
2021-06-09,0.34953807814776416
2021-06-10,0.3511344164444161
2021-06-11,0.28328938810108273
2021-06-14,1.0
2021-06-15,1.0
2021-06-16,0.3852730553898446
2021-06-17,0.5691056436191082
2021-06-18,0.6252901107266513
2021-06-21,1.0
2021-06-22,1.0
2021-06-23,0.727134302047092
2021-06-24,0.5777241206962085
2021-06-25,0.7659406859280684
2021-06-28,0.5984430803278569
2021-06-29,0.7762888886028122
2021-06-30,1.0
2021-07-01,1.0
2021-07-02,1.0
2021-07-05,1.0
2021-07-06,1.0
2021-07-07,1.0
2021-07-08,1.0
2021-07-09,1.0
2021-07-12,1.0
2021-07-13,0.5915313876972119
2021-07-14,1.0
2021-07-15,0.6556951459511593
2021-07-16,0.530999866913201
2021-07-19,1.0
2021-07-20,1.0
2021-07-21,1.0
2021-07-22,1.0
2021-07-23,0.792670220048693
2021-07-26,0.7812435591208577
2021-07-27,0.5590265599119209
2021-07-28,0.6100450152718309
2021-07-29,0.6900656169164704
2021-07-30,1.0
2021-08-02,1.0
2021-08-03,0.6487030974657684
2021-08-04,1.0
2021-08-05,1.0
2021-08-06,1.0
2021-08-09,1.0
2021-08-10,1.0
2021-08-11,1.0
2021-08-12,1.0
2021-08-13,0.7949944765012236
2021-08-16,0.7724709274240276
2021-08-17,1.0
2021-08-18,1.0
2021-08-19,1.0
2021-08-20,1.0
2021-08-23,1.0
2021-08-24,1.0
2021-08-25,1.0
2021-08-26,1.0
2021-08-27,1.0
2021-08-30,1.0
2021-08-31,1.0
2021-09-01,1.0
2021-09-06,1.0
2021-09-07,1.0
2021-09-08,1.0
2021-09-09,1.0
2021-09-10,1.0
2021-09-13,1.0
2021-09-14,1.0
2021-09-15,1.0
2021-09-16,1.0
2021-09-17,1.0
2021-09-20,1.0
2021-09-21,1.0
2021-09-22,1.0
2021-09-23,1.0
2021-09-24,1.0
2021-09-27,0.5614450970481804
2021-09-28,1.0
2021-09-29,1.0
2021-09-30,1.0
2021-10-01,1.0
2021-10-04,1.0
2021-10-05,1.0
2021-10-06,1.0
2021-10-07,0.5767317605243183
2021-10-08,1.0
2021-10-11,1.0
2021-10-12,1.0
2021-10-13,1.0
2021-10-14,1.0
2021-10-15,1.0
2021-10-18,1.0
2021-10-19,1.0
2021-10-20,1.0
2021-10-21,1.0
2021-10-22,1.0
2021-10-25,0.5800016807972315
2021-10-26,0.7228488971174568
2021-10-27,0.7805602033874544
2021-10-28,0.4299444184821951
2021-10-29,0.290998207275604
2021-11-01,0.267521313217856
2021-11-02,0.40593169070870794
2021-11-03,0.4757513890020838
2021-11-04,0.4708171721359413
2021-11-05,0.46962074213824023
2021-11-08,0.39197349113601365
2021-11-09,0.29995993907439744
2021-11-10,0.3223374711000817
2021-11-11,0.314095395238693
2021-11-12,0.0
2021-11-15,0.0
2021-11-16,1.0
2021-11-17,0.3952600223111632
2021-11-18,0.0
2021-11-19,0.0
2021-11-22,0.0
2021-11-23,0.0
2021-11-24,1.0
2021-11-25,0.0
2021-11-26,0.0
2021-11-29,0.0
2021-11-30,0.0
2021-12-01,0.0
2021-12-02,0.0
2021-12-03,0.0
2021-12-06,0.0
2021-12-07,0.0
2021-12-08,0.0
2021-12-09,0.0
2021-12-10,0.24781195726583893
2021-12-13,0.0
2021-12-14,0.0
2021-12-15,0.0
2021-12-16,1.0
2021-12-17,0.0
2021-12-20,1.0
2021-12-21,1.0
2021-12-22,0.0
2021-12-23,0.0
2021-12-24,1.0
2021-12-27,0.0
2021-12-28,0.3273924513079316
2021-12-29,0.0
2021-12-30,0.0
2021-12-31,0.6183823950785947
2022-01-04,0.0
2022-01-05,0.0
2022-01-06,0.0
2022-01-07,0.6617884209862364
2022-01-10,0.0
2022-01-11,0.0
2022-01-12,0.0
2022-01-13,0.0
2022-01-14,0.0
2022-01-17,0.2922025000115497
2022-01-18,0.0
2022-01-19,0.0
2022-01-20,0.0
2022-01-21,0.0
2022-01-24,0.0
2022-01-25,0.0
2022-01-26,0.2921063448576918
2022-01-27,0.0
2022-01-28,0.0
2022-02-07,0.0
2022-02-08,0.0
2022-02-09,0.0
2022-02-10,0.0
2022-02-11,0.0
2022-02-14,1.0
2022-02-15,0.0
2022-02-16,0.34140696673004156
2022-02-17,0.0
2022-02-18,0.37893145547511264
2022-02-21,0.0
2022-02-22,1.0
2022-02-23,0.3808534357143719
2022-02-24,1.0
2022-02-25,0.3896075589229214
2022-02-28,1.0
2022-03-01,1.0
2022-03-02,0.4121652398605873
2022-03-03,0.48968362185448877
2022-03-04,1.0
2022-03-07,0.3767712861593243
2022-03-08,0.42298001887226266
2022-03-09,0.56422060650385
2022-03-10,1.0
2022-03-11,1.0
2022-03-14,0.7020793964324452
2022-03-15,1.0
2022-03-16,1.0
2022-03-17,1.0
2022-03-18,1.0
2022-03-21,1.0
2022-03-22,1.0
2022-03-23,1.0
2022-03-24,1.0
2022-03-25,1.0
2022-03-28,1.0
2022-03-29,1.0
2022-03-30,0.6168288850692525
2022-03-31,0.7506331808683369
2022-04-01,1.0
2022-04-04,1.0
2022-04-05,1.0
2022-04-06,1.0
2022-04-07,1.0
2022-04-08,1.0
2022-04-12,1.0
2022-04-13,1.0
2022-04-14,1.0
2022-04-15,1.0
2022-04-18,1.0
2022-04-19,1.0
2022-04-20,1.0
2022-04-21,1.0
2022-04-22,1.0
2022-04-25,1.0
2022-04-26,1.0
2022-04-27,0.5229898087877226
2022-04-28,1.0
2022-04-29,1.0
2022-05-04,0.3369117236944372
2022-05-05,0.5591657519159391
2022-05-06,0.6798819490999283
2022-05-09,0.0
2022-05-10,0.30130022774104825
2022-05-11,0.0
2022-05-12,0.0
2022-05-13,0.0
2022-05-16,0.0
2022-05-17,1.0
2022-05-18,0.0
2022-05-19,0.0
2022-05-20,0.0
2022-05-23,0.0
2022-05-24,0.0
2022-05-25,0.0
2022-05-26,0.0
2022-05-27,0.0
2022-05-30,0.0
2022-05-31,0.0
2022-06-01,0.0
2022-06-02,0.36093004008529916
2022-06-03,0.0
2022-06-06,0.0
2022-06-07,0.0
2022-06-08,1.0
2022-06-09,0.4834154107280785
2022-06-10,0.792065368362993
2022-06-13,0.3125707157133566
2022-06-14,0.0
2022-06-15,1.0
2022-06-16,0.0
2022-06-17,0.233513741599357
2022-06-20,0.0
2022-06-21,0.33711494209776216
2022-06-22,0.0
2022-06-23,0.0
2022-06-24,0.0
2022-06-27,0.0
2022-06-28,0.0
2022-06-29,0.0
2022-06-30,0.0
2022-07-01,0.0
2022-07-04,0.0
2022-07-05,0.4542797520090388
2022-07-06,0.0
2022-07-07,0.0
2022-07-08,0.0
2022-07-11,0.7111928098779048
2022-07-12,0.0
2022-07-13,0.0
2022-07-14,0.2656038192278929
2022-07-15,1.0
2022-07-18,1.0
2022-07-19,0.6451665068352723
2022-07-20,1.0
2022-07-21,0.4674211651798833
2022-07-22,1.0
2022-07-25,1.0
2022-07-26,1.0
2022-07-27,1.0
2022-07-28,1.0
2022-07-29,1.0
2022-08-01,1.0
2022-08-02,0.7896863988177782
2022-08-03,1.0
2022-08-04,1.0
2022-08-05,1.0
2022-08-08,1.0
2022-08-09,1.0
2022-08-10,1.0
2022-08-11,1.0
2022-08-12,1.0
2022-08-15,1.0
2022-08-16,1.0
2022-08-17,1.0
2022-08-18,1.0
2022-08-19,1.0
2022-08-22,1.0
2022-08-23,1.0
2022-08-24,1.0
2022-08-25,1.0
2022-08-26,1.0
2022-08-29,1.0
2022-08-30,1.0
2022-08-31,1.0
2022-09-05,1.0
2022-09-06,1.0
2022-09-07,1.0
2022-09-08,0.4669489271277193
2022-09-09,1.0
2022-09-12,1.0
2022-09-13,1.0
2022-09-14,1.0
2022-09-15,1.0
2022-09-16,1.0
2022-09-19,1.0
2022-09-20,0.631453108492274
2022-09-21,1.0
2022-09-22,0.670595727740859
2022-09-23,0.6362648335476132
2022-09-26,0.6487488274135822
2022-09-27,0.5974079416324686
2022-09-28,1.0
2022-09-29,0.7557735583543537
2022-09-30,0.6909231426489294
2022-10-03,0.541506316915269
2022-10-04,1.0
2022-10-05,0.38777658383227953
2022-10-06,0.38424021155058985
2022-10-07,0.0
2022-10-10,0.20258866167356637
2022-10-11,1.0
2022-10-12,0.0
2022-10-13,0.0
2022-10-14,0.5596760639094268
2022-10-17,0.0
2022-10-18,1.0
2022-10-19,0.0
2022-10-20,0.593328376378627
2022-10-21,0.0
2022-10-24,0.0
2022-10-25,0.0
2022-10-26,0.0
2022-10-27,1.0
2022-10-28,0.0
2022-10-31,0.0
2022-11-01,0.0
2022-11-02,0.0
2022-11-03,0.0
2022-11-04,0.0
2022-11-07,0.0
2022-11-08,0.0
2022-11-09,0.5788572881937806
2022-11-10,0.0
2022-11-11,0.0
2022-11-14,0.0
2022-11-15,0.0
2022-11-16,0.0
2022-11-17,0.0
2022-11-18,0.0
2022-11-21,0.0
2022-11-22,0.4385972078092376
2022-11-23,0.3743381379361175
2022-11-24,1.0
2022-11-25,1.0
2022-11-28,0.37183478274327875
2022-11-29,0.0
2022-11-30,0.5341299206360125
2022-12-01,1.0
2022-12-02,1.0
2022-12-05,1.0
2022-12-06,1.0
2022-12-07,1.0
2022-12-08,1.0
2022-12-09,1.0
2022-12-12,1.0
2022-12-13,1.0
2022-12-14,1.0
2022-12-15,1.0
2022-12-16,1.0
2022-12-19,1.0
2022-12-20,1.0
2022-12-21,1.0
2022-12-22,1.0
2022-12-23,1.0
2022-12-26,1.0
2022-12-27,1.0
2022-12-28,1.0
2022-12-29,1.0
2022-12-30,1.0
2023-01-03,1.0
2023-01-04,1.0
2023-01-05,1.0
2023-01-06,1.0
2023-01-09,1.0
2023-01-10,1.0
2023-01-11,1.0
2023-01-12,1.0
2023-01-13,1.0
2023-01-16,1.0
2023-01-17,1.0
2023-01-18,1.0
2023-01-19,1.0
2023-01-27,1.0
2023-01-30,1.0
2023-01-31,1.0
2023-02-01,1.0
2023-02-02,1.0
2023-02-03,1.0
2023-02-06,1.0
2023-02-07,1.0
2023-02-08,1.0
2023-02-09,1.0
2023-02-10,1.0
2023-02-13,1.0
2023-02-14,1.0
2023-02-15,1.0
2023-02-16,1.0
2023-02-17,1.0
2023-02-20,1.0
2023-02-21,1.0
2023-02-22,1.0
2023-02-23,1.0
2023-02-24,1.0
2023-02-27,1.0
2023-02-28,1.0
2023-03-01,1.0
2023-03-02,1.0
2023-03-03,1.0
2023-03-06,1.0
2023-03-07,1.0
2023-03-08,1.0
2023-03-09,1.0
2023-03-10,1.0
2023-03-13,1.0
2023-03-14,1.0
2023-03-15,1.0
2023-03-16,1.0
2023-03-17,1.0
2023-03-20,1.0
2023-03-21,1.0
2023-03-22,1.0
2023-03-23,1.0
2023-03-24,1.0
2023-03-27,1.0
2023-03-28,1.0
2023-03-29,1.0
2023-03-30,1.0
2023-03-31,0.3961328835450154
2023-04-03,1.0
2023-04-04,1.0
2023-04-05,1.0
2023-04-06,1.0
2023-04-07,1.0
2023-04-10,1.0
2023-04-11,1.0
2023-04-12,1.0
2023-04-13,1.0
2023-04-14,0.7688303299010252
2023-04-17,0.6030469883120574
2023-04-18,0.3684283986976504
2023-04-19,1.0
2023-04-20,0.2351128870161726
2023-04-21,0.0
2023-04-24,0.3758918522168563
2023-04-25,0.5802830802937058
2023-04-26,0.30340141131567533
2023-04-27,0.2894239998531699
2023-04-28,0.28149693914992635
2023-05-04,0.0
2023-05-05,0.0
2023-05-08,0.0
2023-05-09,0.0
2023-05-10,1.0
2023-05-11,0.2768049595780465
2023-05-12,0.3088705207235779
2023-05-15,0.31939414255095044
2023-05-16,0.0
2023-05-17,0.0
2023-05-18,0.22041496601161825
2023-05-19,0.0
2023-05-22,0.0
2023-05-23,0.0
2023-05-24,0.0
2023-05-25,0.0
2023-05-26,0.6470793141342348
2023-05-29,0.393576398094438
2023-05-30,0.3447354338724016
2023-05-31,0.3778500615681307
2023-06-01,0.2156032603769854
2023-06-02,1.0
2023-06-05,0.4067373105937524
2023-06-06,0.0
2023-06-07,1.0
2023-06-08,0.0
2023-06-09,0.0
2023-06-12,0.0
2023-06-13,0.0
2023-06-14,0.4240435523476386
2023-06-15,0.22339425755715714
2023-06-16,0.5432283180503534
2023-06-19,0.0
2023-06-20,1.0
2023-06-21,0.6843951012988683
2023-06-22,0.0
2023-06-23,0.0
2023-06-26,0.4754386879982686
2023-06-27,0.20192586370043808
2023-06-28,0.37298181401132224
2023-06-29,0.5230460160691981
2023-06-30,0.0
2023-07-03,1.0
2023-07-04,0.4730745312521215
2023-07-05,0.0
2023-07-06,0.0
2023-07-07,0.0
2023-07-10,1.0
2023-07-11,0.5510585417974714
2023-07-12,0.24989211006502687
2023-07-13,1.0
2023-07-14,1.0
2023-07-17,0.7808350095727916
2023-07-18,1.0
2023-07-19,1.0
2023-07-20,1.0
2023-07-21,1.0
2023-07-24,0.7482515124693534
2023-07-25,1.0
2023-07-26,1.0
2023-07-27,1.0
2023-07-28,1.0
2023-07-31,0.6526143051620946
2023-08-01,0.758864913191139
2023-08-02,1.0
2023-08-03,1.0
2023-08-04,1.0
2023-08-07,1.0
2023-08-08,1.0
2023-08-09,1.0
2023-08-10,1.0
2023-08-11,1.0
2023-08-14,1.0
2023-08-15,1.0
2023-08-16,1.0
2023-08-17,1.0
2023-08-18,1.0
2023-08-21,1.0
2023-08-22,1.0
2023-08-23,1.0
2023-08-24,1.0
2023-08-25,1.0
2023-08-28,1.0
2023-08-29,1.0
2023-08-30,1.0
2023-08-31,1.0
2023-09-05,1.0
2023-09-06,1.0
2023-09-07,1.0
2023-09-08,1.0
2023-09-11,1.0
2023-09-12,1.0
2023-09-13,1.0
2023-09-14,1.0
2023-09-15,1.0
2023-09-18,1.0
2023-09-19,1.0
2023-09-20,1.0
2023-09-21,1.0
2023-09-22,1.0
2023-09-25,1.0
2023-09-26,1.0
2023-09-27,1.0
2023-09-28,1.0
2023-09-29,0.7457504747713818
2023-10-02,1.0
2023-10-03,1.0
2023-10-04,1.0
2023-10-05,0.6626558114485213
2023-10-06,0.7358901708437593
2023-10-09,0.7608467485923667
2023-10-10,1.0
2023-10-11,0.5881927122115527
2023-10-12,0.6494526043136384
2023-10-13,1.0
2023-10-16,0.6519845808003386
2023-10-17,0.6776254349801922
2023-10-18,0.28335843806896543
2023-10-19,0.5242761275878502
2023-10-20,1.0
2023-10-23,1.0
2023-10-24,0.5617702734374246
2023-10-25,1.0
2023-10-26,0.2604770884925752
2023-10-27,0.0
2023-10-30,0.7068471375594654
2023-10-31,0.0
2023-11-01,0.0
2023-11-02,0.0
2023-11-03,0.0
2023-11-06,0.0
2023-11-07,0.0
2023-11-08,0.23149224737008867
2023-11-09,0.0
2023-11-10,0.0
2023-11-13,1.0
2023-11-14,0.0
2023-11-15,0.24807120877648625
2023-11-16,0.0
2023-11-17,0.0
2023-11-20,0.0
2023-11-21,0.0
2023-11-22,0.3055913809790093
2023-11-23,0.0
2023-11-24,0.0
2023-11-27,0.0
2023-11-28,0.34235506193201803
2023-11-29,0.35245751219563937
2023-11-30,0.3147039245478098
2023-12-01,0.23947785893530926
2023-12-04,0.35733381625405725
2023-12-05,0.0
2023-12-06,0.0
2023-12-07,0.0
2023-12-08,0.4410121041853492
2023-12-11,0.5181456972454417
2023-12-12,0.5857689301087419
2023-12-13,0.3611561439680956
2023-12-14,0.0
2023-12-15,0.3300059697878094
2023-12-18,0.47931001824573405
2023-12-19,0.4057898389725696
2023-12-20,0.543241673216591
2023-12-21,0.2912240139740707
2023-12-22,0.6255001601600869
2023-12-25,0.0
2023-12-26,1.0
2023-12-27,0.5567379390152642
2023-12-28,0.42244401044391056
2023-12-29,0.6978027944134761
2024-01-02,1.0
2024-01-03,1.0
2024-01-04,1.0
2024-01-05,0.7458151012197463
2024-01-08,0.7754434060992408
2024-01-09,0.7282455361161491
2024-01-10,1.0
2024-01-11,1.0
2024-01-12,1.0
2024-01-15,0.49420821529989767
2024-01-16,0.0
2024-01-17,0.646047004466737
2024-01-18,0.7676108686587688
2024-01-19,0.375527614995416
2024-01-22,0.5961486083022833
2024-01-23,0.6506153023626842
2024-01-24,1.0
2024-01-25,1.0
2024-01-26,1.0
2024-01-29,0.6375978814949856
2024-01-30,0.44142324246145737
2024-01-31,0.6784629327174965
2024-02-01,0.4486537031645321
2024-02-02,0.22034615610319197
2024-02-05,1.0
2024-02-06,1.0
2024-02-07,1.0
2024-02-15,1.0
2024-02-16,1.0
2024-02-19,1.0
2024-02-20,1.0
2024-02-21,0.7314380593954565
2024-02-22,1.0
2024-02-23,1.0
2024-02-26,0.6990660041898481
2024-02-27,1.0
2024-02-28,0.21376645174051334
2024-02-29,1.0
2024-03-01,1.0
2024-03-04,1.0
2024-03-05,1.0
2024-03-06,1.0
2024-03-07,1.0
2024-03-08,1.0
2024-03-11,0.5210757927616969
2024-03-12,0.5174252195628637
2024-03-13,0.601428268659683
2024-03-14,0.7207362522517446
2024-03-15,0.6379711893299863
2024-03-18,1.0
2024-03-19,0.6757479861033504
2024-03-20,1.0
2024-03-21,1.0
2024-03-22,1.0
2024-03-25,0.57636726141376
2024-03-26,0.6748777351219457
2024-03-27,1.0
2024-03-28,0.5143934160099362
2024-03-29,1.0
2024-04-01,1.0
2024-04-02,0.4011458016463839
2024-04-03,0.5900398485833653
2024-04-04,0.5673603775039002
2024-04-05,1.0
2024-04-08,0.7772091052079179
2024-04-09,0.7108907919555532
2024-04-10,1.0
2024-04-11,1.0
2024-04-12,1.0
2024-04-15,0.795705801163879
2024-04-16,0.5412188574666873
2024-04-17,0.4185499657434206
2024-04-19,1.0
2024-04-22,0.2125238959887058
2024-04-23,1.0
2024-04-24,0.29144714814341577
2024-04-25,0.0
2024-04-26,0.3601311398078947
2024-05-02,0.4160300113525315
2024-05-03,0.28293819893096817
2024-05-06,0.39217250981338325
2024-05-07,0.35357067248803997
2024-05-08,0.0
2024-05-09,0.0
2024-05-10,1.0
2024-05-13,0.2573781483592673
2024-05-14,1.0
2024-05-15,1.0
2024-05-16,0.5045096157917945
2024-05-17,0.6251320145181303
2024-05-20,1.0
2024-05-21,1.0
2024-05-22,1.0
2024-05-23,0.697376516011586
2024-05-24,1.0
2024-05-27,1.0
2024-05-28,1.0
2024-05-29,1.0
2024-05-30,1.0
2024-05-31,1.0
2024-06-03,1.0
2024-06-04,1.0
2024-06-05,0.7833496000401468
2024-06-06,1.0
2024-06-07,1.0
2024-06-10,1.0
2024-06-11,1.0
2024-06-12,1.0
2024-06-13,1.0
2024-06-14,1.0
2024-06-17,0.6961011051117247
2024-06-18,1.0
2024-06-19,1.0
2024-06-20,1.0
2024-06-21,1.0
2024-06-24,0.7466908298689531
2024-06-25,0.3886608235570044
2024-06-26,0.5618657074930093
2024-06-27,0.21620255404889177
2024-06-28,1.0
2024-07-01,0.0
2024-07-02,1.0
2024-07-03,0.5609757292131904
2024-07-04,0.0
2024-07-05,0.0
2024-07-08,0.5019548677953508
2024-07-09,0.0
2024-07-10,0.0
2024-07-11,0.26132891048142226
2024-07-12,0.7823829498038598
2024-07-15,1.0
2024-07-16,0.6851641693716265
2024-07-17,0.6546538449703538
2024-07-18,0.0
2024-07-19,0.0
2024-07-22,1.0
2024-07-23,0.4378735564732392
2024-07-24,0.0
2024-07-25,0.0
2024-07-26,1.0
2024-07-29,1.0
2024-07-30,0.0
2024-07-31,0.0
2024-08-01,0.0
2024-08-02,0.0
2024-08-05,0.3674827622818111
2024-08-06,0.0
2024-08-07,0.22163102207944607
2024-08-08,0.0
2024-08-09,0.0
2024-08-12,0.0
2024-08-13,0.38029336375411327
2024-08-14,0.0
2024-08-15,0.0
2024-08-16,0.0
2024-08-19,0.0
2024-08-20,0.0
2024-08-21,0.0
2024-08-22,0.5099653272279102
2024-08-23,0.0
2024-08-26,0.0
2024-08-27,0.459059472748085
2024-08-28,1.0
2024-08-29,0.0
2024-08-30,0.4929525999975538
2024-09-04,0.2604132928599392
2024-09-05,0.24141609001632502
2024-09-06,0.0
2024-09-09,1.0
2024-09-10,1.0
2024-09-11,0.0
2024-09-12,0.0
2024-09-13,1.0
2024-09-16,0.0
2024-09-17,1.0
2024-09-18,0.44469502023670215
2024-09-19,0.0
2024-09-20,1.0
2024-09-23,0.5444149152244586
2024-09-24,1.0
2024-09-25,1.0
2024-09-26,0.2788854349659573
2024-09-27,1.0
2024-09-30,0.4524256885141059
2024-10-01,0.7879526841790981
2024-10-02,0.32655345959242355
2024-10-03,1.0
2024-10-04,1.0
2024-10-07,1.0
2024-10-08,1.0
2024-10-09,1.0
2024-10-10,1.0
2024-10-11,0.204784465552745
2024-10-14,1.0
2024-10-15,1.0
2024-10-16,1.0
2024-10-17,1.0
2024-10-18,1.0
2024-10-21,1.0
2024-10-22,1.0
2024-10-23,0.7249383495742581
2024-10-24,1.0
2024-10-25,1.0
2024-10-28,1.0
2024-10-29,1.0
2024-10-30,0.6976068234497654
2024-10-31,0.70722759134159
2024-11-01,1.0
2024-11-04,1.0
2024-11-05,1.0
2024-11-06,1.0
2024-11-07,1.0
2024-11-08,1.0
2024-11-11,1.0
2024-11-12,1.0
2024-11-13,1.0
2024-11-14,1.0
2024-11-15,1.0
2024-11-18,1.0
2024-11-19,1.0
2024-11-20,1.0
2024-11-21,0.7361443444685016
2024-11-22,1.0
2024-11-25,1.0
2024-11-26,1.0
2024-11-27,1.0
2024-11-28,1.0
2024-11-29,1.0
2024-12-02,0.34142710385028785
2024-12-03,1.0
2024-12-04,1.0
2024-12-05,1.0
2024-12-06,1.0
2024-12-09,1.0
2024-12-10,1.0
2024-12-11,1.0
2024-12-12,0.0
2024-12-13,1.0
2024-12-16,1.0
2024-12-17,1.0
2024-12-18,1.0
2024-12-19,1.0
2024-12-20,0.0
2024-12-23,0.7143521123895422
2024-12-24,1.0
2024-12-25,1.0
2024-12-26,1.0
2024-12-27,1.0
2024-12-30,0.6648015963165209
2024-12-31,1.0
2025-01-02,1.0
2025-01-03,1.0
2025-01-06,0.0
2025-01-07,1.0
2025-01-08,1.0
2025-01-09,0.6978731594283571
2025-01-10,1.0
2025-01-13,1.0
2025-01-14,0.5637098513785224
2025-01-15,1.0
2025-01-16,0.0
2025-01-17,1.0
2025-01-20,0.0
2025-01-21,1.0
2025-01-22,1.0
2025-01-23,0.7082253448120706
2025-01-24,1.0
2025-02-03,1.0
2025-02-04,0.7504512515662918
2025-02-05,0.43077969731679167
2025-02-06,0.3620914893342977
2025-02-07,1.0
2025-02-10,1.0
2025-02-11,0.7197160974758281
2025-02-12,0.5729420178432836
2025-02-13,1.0
2025-02-14,1.0
2025-02-17,0.7992380576294167
2025-02-18,0.6668287152581701
2025-02-19,1.0
2025-02-20,0.7357401040984377
2025-02-21,0.517403665067744
2025-02-24,1.0
2025-02-25,1.0
2025-02-26,1.0
2025-02-27,1.0
2025-02-28,1.0
2025-03-03,1.0
2025-03-04,1.0
2025-03-05,1.0
2025-03-06,1.0
2025-03-07,1.0
2025-03-10,0.0
2025-03-11,1.0
2025-03-12,1.0
2025-03-13,0.0
2025-03-14,1.0
2025-03-17,1.0
2025-03-18,0.42630134033931477
2025-03-19,1.0
2025-03-20,0.5430143770051687
2025-03-21,0.5405318396375736
2025-03-24,0.32948231594242927
2025-03-25,1.0
2025-03-26,0.0
2025-03-27,0.33501187962375956
2025-03-28,0.0
2025-03-31,1.0
2025-04-01,0.21610768699070504
2025-04-02,0.39726190942821793
2025-04-03,0.23666630955042023
2025-04-04,0.0
2025-04-08,0.0
2025-04-09,1.0
2025-04-10,0.0
2025-04-11,1.0
2025-04-14,0.0
2025-04-15,1.0
2025-04-16,0.21593057924140813
2025-04-17,0.0
2025-04-18,0.0
2025-04-21,0.0
2025-04-22,0.0
2025-04-23,0.0
2025-04-24,1.0
2025-04-25,0.0
2025-04-28,0.0
2025-04-29,1.0
2025-05-05,0.4578662429743514
2025-05-06,0.0
2025-05-07,0.0
2025-05-08,1.0
2025-05-09,0.3699051244445485
2025-05-12,0.308780376037606
2025-05-13,0.7293764952870736
2025-05-14,0.3930939812835371
2025-05-15,0.45952941300326133
2025-05-16,0.596009714971781
2025-05-19,0.5452837179548068
2025-05-20,0.3460575592624636
2025-05-21,0.4551875291716374
2025-05-22,0.43693059887894836
2025-05-23,0.4720253000101361
2025-05-26,1.0
2025-05-27,0.48751558790126415
2025-05-28,0.45247685241343816
2025-05-29,0.40330623309677094
2025-05-30,0.59804554511419
2025-06-02,0.407985822635077
2025-06-03,1.0
2025-06-04,0.41156032102601026
2025-06-05,0.42916346569452934
2025-06-06,0.20522773547200734
2025-06-09,1.0
2025-06-10,1.0
2025-06-11,0.6773950593707843
2025-06-12,0.5546711495471706
2025-06-13,1.0
2025-06-16,0.44922030299491056
2025-06-17,1.0
2025-06-18,0.7267864230528109
2025-06-19,0.7505346362645533
2025-06-20,0.6409586882408846
2025-06-23,1.0
2025-06-24,0.36484262548656277
2025-06-25,1.0
2025-06-26,1.0
2025-06-27,0.5822985125604683
2025-06-30,0.41710139903489396
2025-07-01,1.0
2025-07-02,1.0
2025-07-03,1.0
2025-07-04,0.7850442242418119
2025-07-07,1.0
2025-07-08,1.0
2025-07-09,1.0
2025-07-10,1.0
2025-07-11,1.0
2025-07-14,1.0
2025-07-15,1.0
2025-07-16,1.0
2025-07-17,1.0
2025-07-18,1.0
2025-07-21,1.0
2025-07-22,1.0
2025-07-23,1.0
2025-07-24,1.0
2025-07-25,1.0
2025-07-28,1.0
2025-07-29,1.0
2025-07-30,1.0
2025-07-31,1.0
2025-08-01,1.0
2025-08-04,1.0
2025-08-05,1.0
2025-08-06,0.7173293827582009
2025-08-07,1.0
2025-08-08,1.0
2025-08-11,1.0
2025-08-12,0.7975932428085359
2025-08-13,1.0
2025-08-14,1.0
2025-08-15,1.0
2025-08-18,1.0
2025-08-19,1.0
2025-08-20,1.0
2025-08-21,1.0
2025-08-22,1.0
2025-08-25,1.0
2025-08-26,1.0
2025-08-27,1.0
2025-08-28,0.39727714763739086
2025-08-29,1.0
2025-09-03,0.582329738839769
2025-09-04,0.7864123928023274
2025-09-05,0.432243218724639
2025-09-08,0.0
2025-09-09,0.4615596492704319
2025-09-10,1.0
2025-09-11,1.0
2025-09-12,0.3865681317369499
2025-09-15,0.0
2025-09-16,0.7466064268304851
2025-09-17,0.3797507246536095
2025-09-18,0.41051578343479533
2025-09-19,1.0
2025-09-22,1.0
2025-09-23,1.0
2025-09-24,1.0
2025-09-25,0.6121231539324282
2025-09-26,1.0
2025-09-29,1.0
2025-09-30,0.6081263430362671
2025-10-01,1.0
2025-10-02,0.793353587575632
2025-10-03,0.68226159242656
2025-10-06,0.7888357782296833
2025-10-07,1.0
2025-10-08,1.0
2025-10-09,0.6377687567875376
2025-10-10,0.6247409949063225
2025-10-13,0.5834267960210489
2025-10-14,0.406383618378107
2025-10-15,0.7249644789431289
2025-10-16,0.5536101449380633
2025-10-17,0.3088349303520087
2025-10-20,1.0
2025-10-21,0.2029726728253507
2025-10-22,0.684220311573249
2025-10-23,0.5997409783326997
2025-10-24,0.0
2025-10-27,1.0
2025-10-28,0.0
2025-10-29,0.0
2025-10-30,0.7669964750313969
2025-10-31,0.33048232216085294
2025-11-03,0.2555827306235515
2025-11-04,0.6969130740131058
2025-11-05,0.0
2025-11-06,1.0
2025-11-07,0.5253615254587736
2025-11-10,0.0
2025-11-11,1.0
2025-11-12,0.7139975018619059
2025-11-13,0.20510703627714666
2025-11-14,1.0
2025-11-17,0.35227760460527047
2025-11-18,1.0
2025-11-19,0.4060530346491338
2025-11-20,0.37820029283144263
2025-11-21,1.0
2025-11-24,0.4975034764204076
2025-11-25,0.4779891707874039
2025-11-26,0.30749637092811044
2025-11-27,1.0
2025-11-28,0.417089804356243
2025-12-01,1.0
2025-12-02,1.0
2025-12-03,0.5848787136225666
2025-12-04,0.20543437756129057
2025-12-05,0.3605469403540227
2025-12-08,1.0
2025-12-09,0.4489824272081502
2025-12-10,0.3747964084133364
2025-12-11,1.0
2025-12-12,1.0
2025-12-15,0.6468737312158737
2025-12-16,1.0
2025-12-17,1.0
2025-12-18,1.0
2025-12-19,1.0
2025-12-22,1.0
2025-12-23,1.0
2025-12-24,1.0
2025-12-25,1.0
2025-12-26,1.0
2025-12-29,1.0
2025-12-30,1.0
2025-12-31,1.0
2026-01-05,1.0
2026-01-06,1.0
2026-01-07,1.0
2026-01-08,1.0
2026-01-09,1.0
2026-01-12,1.0
2026-01-13,1.0
2026-01-14,1.0
2026-01-15,1.0
2026-01-16,1.0
